date,test_year,current_close,actual_return_1d,predicted_return_1d,actual_price_1d,predicted_price_1d,actual_return_3d,predicted_return_3d,actual_price_3d,predicted_price_3d,actual_return_5d,predicted_return_5d,actual_price_5d,predicted_price_5d,actual_return_10d,predicted_return_10d,actual_price_10d,predicted_price_10d
2022-01-03,2022,1109.3763427734375,2.2567974403500557,0.06977362791076303,1134.4127196809975,1110.1503948949742,0.5262427497655153,0.2617781748995185,1115.2143553448966,1112.280447916317,1.4206408523023129,0.5539272911846638,1125.1365963046542,1115.521481098006,6.173430010676384,1.0691003873944283,1177.862914849557,1121.2366895516905
2022-01-04,2022,1134.4127197265625,0.46784128062427044,0.10925480164587498,1139.719970722096,1135.6521200933453,-0.8990639820694923,0.23719428572803736,1124.213623555486,1137.103481874326,-0.10373278055340052,0.5727159790694714,1133.2359618694386,1140.9096826410332,2.591436356306076,1.0038928128778934,1163.8103033761172,1145.80100748827
2022-01-05,2022,1139.719970703125,-2.1501434966921806,0.08488990133628249,1115.2143558725497,1140.6874778617648,-1.2795576825737953,0.24086297489702702,1125.1365962581654,1142.465134130056,2.08535548299551,0.5906136706471443,1163.4871836029774,1146.4513126571933,2.105609141290188,1.0164575651288033,1163.7180185913599,1151.3047405666207
2022-01-06,2022,1115.21435546875,0.8069540373980999,0.11289514368399978,1124.2136227358483,1116.473378317741,1.6159769147634506,0.2747795544564724,1133.235962003253,1118.2787365059417,4.916200414299965,0.5714870058000088,1170.0405282326374,1121.5876605970702,2.5222431868314743,1.006771158427,1143.342773568127,1126.442011954247
2022-01-07,2022,1124.213623046875,0.08209949010051787,0.0962202379014343,1125.136596699037,1125.295344069491,3.493424877524376,0.295015424489975,1163.4871814309126,1127.5302266390809,4.228237643837929,0.620231032371521,1171.7480466536972,1131.18634480716,1.7179761081933975,0.9183863177895546,1143.5273444958757,1134.5382471436637
2022-01-10,2022,1125.1365966796875,0.7198561914265156,0.08173485985025764,1133.235962132892,1126.0562255001075,3.9909757673740387,0.31543325167149305,1170.0405256030308,1128.6856516323403,4.686214774847031,0.6124471314251423,1177.862914110502,1132.0274634906668,-2.465130388736725,0.9033510461449623,1097.4005125201384,1135.3005298963533
2022-01-11,2022,1133.2359619140625,2.669454738497734,0.06915006670169532,1163.4871829977378,1134.0195953376137,3.3984169363975525,0.33994081895798445,1171.7480447730977,1137.0882935237196,2.6979677379131317,0.5792450159788132,1163.8103025609335,1139.8001747427293,-3.3515918999910355,0.89431032538414,1095.2545172067653,1143.3706081324262
2022-01-12,2022,1163.4871826171875,0.5632502492517233,0.06953066913411021,1170.0405270732906,1164.296163040551,1.2355729006230831,0.4054625052958727,1177.8629149478284,1168.2046868966236,0.019839922606479377,0.7138425949960947,1163.718017573755,1171.792649714029,-7.258736342191696,0.8673988282680511,1079.0327156558114,1173.579256806258
2022-01-13,2022,1170.04052734375,0.14593678060919046,0.09227724513038993,1171.7480468211784,1171.1202085092918,-0.5324793979525566,0.47788931988179684,1163.810302587949,1175.6320260622144,-2.281780354678631,0.6326241884380579,1143.342772449042,1177.4424867342548,-7.866919040679932,0.9304651990532875,1077.9943863144726,1180.9273472655032
2022-01-14,2022,1171.748046875,0.5218585953116417,0.16474482836201787,1177.8629147730135,1173.6784411836595,-0.6853034254163504,0.5485497415065765,1163.7180173725164,1178.1756677572412,-2.408427558839321,0.42582214809954166,1143.527343993901,1176.7376095785175,-6.002358719706535,1.1097715236246586,1101.4155258104074,1184.7517730278469
2022-01-17,2022,1177.8629150390625,-1.1930600740015507,0.2139091957360506,1163.8103028732608,1180.3824721274957,-2.930743619799614,0.5818162113428116,1143.3427728065694,1184.7159124261548,-6.831219792366028,0.5243797320872545,1097.4005104599746,1184.0393894372994,-6.799879670143127,1.1443286202847958,1097.769654137166,1191.3415374835754
2022-01-18,2022,1163.810302734375,-0.007929569983389229,0.2664190251380205,1163.7180175819458,1166.9109147973759,-1.7428062856197357,0.5679295398294926,1143.5273436256302,1170.4199252311826,-5.8906324207782745,0.4783668555319309,1095.2545157251461,1169.377585483922,-5.482196435332298,1.1864573694765568,1100.007935803841,1177.6184158378944
2022-01-19,2022,1163.718017578125,-1.7508747056126595,0.2843728754669428,1143.3427731636925,1167.0273159670387,-5.698760598897934,0.5266603548079729,1097.4005137101067,1169.8468590184661,-7.277132570743561,0.37728832103312016,1079.032714689336,1168.1085897482053,-6.6961511969566345,1.2123558670282364,1085.7936996148674,1177.826421239898
2022-01-20,2022,1143.3427734375,0.016143042012117803,0.3178549464792013,1143.5273437417586,1146.9769449980836,-4.205935075879097,0.5047131795436144,1095.2545186919633,1149.1133751023985,-5.71555532515049,0.3631342202425003,1077.9943846655697,1147.4946423025212,-5.899214372038841,1.0943560861051083,1075.8945322252075,1155.8550146636562
2022-01-21,2022,1143.52734375,-4.0337324142456055,0.3444715868681669,1097.4005106193945,1147.466470537287,-5.639972537755966,0.4757110960781574,1079.0327156007697,1148.9672302109066,-3.6826241761446,0.2969191875308752,1101.4155293282383,1146.922695848256,-6.487473845481873,1.0798323899507523,1069.3413064082852,1155.875522395756
2022-01-24,2022,1097.4005126953125,-0.19555268809199333,0.3433613805100322,1095.2545164936014,1101.1685622454272,-1.768372394144535,0.43752770870923996,1077.994384975608,1102.2019440138718,0.033637729939073324,0.19174125045537949,1097.769653316123,1099.5046821608582,-0.9188862517476082,0.9822607040405273,1087.3166502575475,1108.1798466974578
2022-01-25,2022,1095.2545166015625,-1.4810988679528236,0.28898934833705425,1079.0327143549746,1098.4196854917216,0.5625186488032341,0.4536047577857971,1101.415527509306,1100.222643198731,0.4340012092143297,0.3724118694663048,1100.0079344475878,1099.3333744222525,0.43189474381506443,1.0334412567317486,1099.9848632901617,1106.573328642341
2022-01-27,2022,1079.03271484375,-0.09622785728424788,0.22239163517951965,1077.99438478286,1081.432393342413,1.7364569008350372,0.46454896219074726,1097.769652882922,1084.0453501222553,0.6265784148126841,0.4928785376250744,1085.7937009237282,1084.351035509168,1.8369723111391068,1.2382389977574348,1098.8542470435623,1092.393718717506
2022-01-28,2022,1077.994384765625,2.1726589649915695,0.17650231020525098,1101.415526408341,1079.8970697586192,2.042083814740181,0.5612654145807028,1100.0079336207318,1084.0447944184366,-0.19479262409731746,0.5466016940772533,1075.8945312159183,1083.8867203348116,1.7359893769025803,1.557158399373293,1096.7082527687626,1094.7804648727754
2022-01-31,2022,1101.41552734375,-0.3310171188786626,0.16644069692119956,1097.7696533982544,1103.2487310234592,-1.4183408580720425,0.6469368934631348,1085.793700902284,1108.5409907404683,-2.9120907187461853,0.700254924595356,1069.3413079971433,1109.1282438142325,-2.0133227109909058,1.8368620425462723,1079.240478389358,1121.6470110962382
2022-02-01,2022,1097.7696533203125,0.2038935199379921,0.22078079637140036,1100.0079345072784,1100.1933179032367,-1.9926877692341805,0.7002261001616716,1075.8945317042342,1105.4565229525156,-0.9522036649286747,0.6829620338976383,1087.3166504489218,1105.2670032721398,1.6500631347298622,1.95858683437109,1115.8835456740028,1119.2704252219653
2022-02-02,2022,1100.0079345703125,-1.2921936810016632,0.17201536102220416,1085.793701549278,1101.9001171902364,-2.7878548949956894,0.778588280081749,1069.341309521053,1108.5724674288463,-0.0020973748178221285,0.6918564904481173,1099.9848632808987,1107.6184108610814,1.2334560975432396,2.3897219449281693,1113.5760495127295,1126.2950655786904
2022-02-03,2022,1085.793701171875,-0.9116989560425282,0.15452653169631958,1075.8945313335155,1087.471540519673,0.14026138233020902,0.8063321933150291,1087.316650426393,1094.5488053374106,1.2028571218252182,0.6445924285799265,1098.8542480347505,1092.7926451596268,3.8571879267692566,2.4149857461452484,1127.6748047230976,1112.0154642877187
2022-02-04,2022,1075.89453125,-0.6090952549129725,0.10714569361880422,1069.341308712288,1077.0473059081146,2.2390978410840034,0.8646145462989807,1099.9848624715596,1085.1968718700227,1.934550330042839,0.6176999770104885,1096.7082524552097,1082.5403315221884,3.993486240506172,2.4185139685869217,1118.8602313178271,1101.915190775544
2022-02-07,2022,1069.34130859375,1.68097335845232,0.06392996292561293,1087.3166511021363,1070.0249380958821,2.759917639195919,0.9097333997488022,1098.8542479928374,1079.0694636353383,0.9257259778678417,0.5375629290938377,1079.2404788794743,1075.089691054237,3.573429584503174,2.4673793464899063,1107.5534672743524,1095.726015185477
2022-02-08,2022,1087.316650390625,1.1650895699858665,0.024883903097361326,1099.9848632770459,1087.5872172122697,0.8637411519885063,0.9724656119942665,1096.7082517524718,1097.8904309091618,2.6272838935256004,0.5518591962754726,1115.88354561796,1093.31710731844,1.398527342826128,2.4991560727357864,1102.523071049439,1114.4903904887296
2022-02-09,2022,1099.98486328125,-0.10278461268171668,-0.004874181468039751,1098.8542480999688,1099.9312480228928,-1.8858790397644043,1.0241352021694183,1079.2404793040478,1111.2501954846484,1.2355794198811054,0.5165942013263702,1113.5760498737604,1105.6673213004287,-0.39647873491048813,2.478913962841034,1095.6236572111056,1127.2525416462668
2022-02-10,2022,1098.854248046875,-0.19529396668076515,0.005245278589427471,1096.7082519978242,1098.9118860134768,1.5497321262955666,1.028961967676878,1115.883545350021,1110.161040339479,2.622782438993454,0.48382505774497986,1127.674804294782,1104.170780247021,-5.262394994497299,2.487337589263916,1041.0281971008353,1126.1864628097683
2022-02-11,2022,1096.708251953125,-1.5927456319332123,0.03004387253895402,1079.2404791750905,1097.037745582466,1.538038719445467,0.9770389646291733,1113.5760495075176,1107.4235189030105,2.0198605954647064,0.3732907120138407,1118.860229781536,1100.8021619955553,-3.89033704996109,2.4551399052143097,1054.042604497412,1123.6339738906045
2022-02-14,2022,1079.240478515625,3.395264223217964,0.04723364254459739,1115.8835443651524,1079.7502431054436,4.487815871834755,0.9192777797579765,1127.6748040057146,1089.1616964247728,2.6234179735183716,0.3093693871051073,1107.5534672064896,1082.579318169399,0.8979839272797108,2.5135722011327744,1088.931884549392,1106.367967166966
2022-02-15,2022,1115.883544921875,-0.20678637083619833,0.16949573764577508,1113.5760498365728,1117.7749199676082,0.2667558379471302,0.8617344312369823,1118.8602294226455,1125.4994976409746,-1.197300013154745,0.37312479689717293,1102.5230710917338,1120.0471831324737,-0.802335049957037,2.6539718732237816,1106.9304201242637,1145.498780342034
2022-02-16,2022,1113.5760498046875,1.2660792097449303,0.17839291831478477,1127.6748046559635,1115.5625906175885,-0.5408326629549265,0.8203523233532906,1107.5534668005005,1122.711296801566,-1.6121389344334602,0.46679722145199776,1095.62365674126,1118.7741918639308,-1.4360013417899609,2.5514595210552216,1097.5850827876407,1141.9884919516198
2022-02-17,2022,1127.6748046875,-0.7816593162715435,0.21028292831033468,1118.8602295194132,1130.0461122886147,-2.230406552553177,0.7811750750988722,1102.5230719522588,1136.4839191898886,-7.683651894330978,0.491047790274024,1041.0281981952357,1133.2122268973949,-4.827086627483368,2.363159880042076,1073.2409649889305,1154.3235632492178
2022-02-18,2022,1118.8602294921875,-1.010560803115368,0.1840798184275627,1107.5534665712928,1120.919825371095,-2.0768074318766594,0.8637608028948307,1095.6236570937815,1128.5245055937203,-5.793183669447899,0.6296789739280939,1054.0426013932988,1125.9054571049435,-7.624565064907074,2.493295632302761,1033.552003309187,1146.7567227256889
2022-02-21,2022,1107.553466796875,-0.4541898611932993,0.2171895932406187,1102.5230712433886,1109.9589576663334,-6.006506457924843,0.7898326963186264,1041.0281962887502,1116.3012862068472,-1.6813257709145546,0.5822975188493729,1088.9318849329616,1114.0027231539634,-6.850288063287735,2.4724170565605164,1031.6828638663592,1134.9368076204883
2022-02-22,2022,1102.5230712890625,-0.6257840897887945,0.21982525940984488,1095.6236573226847,1104.946695490577,-4.397229477763176,0.8183728903532028,1054.0426017992,1111.5458212143817,0.39975116960704327,0.6069442257285118,1106.930420161728,1109.214771407576,-1.4608603902161121,2.565840817987919,1086.4167484476066,1130.8120582799313
2022-02-23,2022,1095.6236572265625,-4.983048513531685,0.208994559943676,1041.0281988612328,1097.913451067622,-0.610772892832756,0.8356969803571701,1088.9318849207598,1104.7797510460837,0.17902367981150746,0.6582076195627451,1097.5850830146148,1102.8351356201597,0.7666219957172871,2.5373458862304688,1104.0229491731434,1123.4234190217685
2022-02-24,2022,1041.0281982421875,1.25014903023839,0.21635452285408974,1054.0426021670205,1043.280509833271,6.330493092536926,0.7475405465811491,1106.9304164232708,1048.810306125391,3.094322420656681,0.5171407945454121,1073.2409671857538,1046.411779738019,6.357087939977646,2.6233090087771416,1107.2072762844082,1068.3375847505852
2022-02-25,2022,1054.0426025390625,3.3100448548793793,0.1508314860984683,1088.9318854726434,1055.6324306605832,4.130998253822327,0.8118666708469391,1097.5850840444946,1062.6000231256048,-1.944001205265522,0.4533316008746624,1033.552001641691,1058.820910743054,5.906423926353455,2.792980708181858,1116.2988270093883,1083.4818090839965
2022-02-28,2022,1088.931884765625,1.6528613865375519,0.28171325102448463,1106.9304194146116,1091.9995501796404,-1.4409457333385944,0.7722133304923773,1073.2409672331312,1097.3407619397672,-5.25735579431057,0.627189502120018,1031.6828612258041,1095.7615512321127,0.16529286513105035,2.9133789241313934,1090.7318114772797,1120.6565967945335
2022-03-02,2022,1106.930419921875,-0.8442569524049759,0.3247408661991358,1097.585082893399,1110.5250753557511,-6.62899985909462,0.7925992831587791,1033.5520039449784,1115.7039424952422,-1.8532034009695053,0.6917472928762436,1086.4167477335168,1114.5875811357082,0.2001218730583787,2.7944473549723625,1109.1456298116757,1137.8630077627663
2022-03-03,2022,1097.5850830078125,-2.2179707884788513,0.2786485478281975,1073.2409664879979,1100.6434879027927,-6.004292890429497,0.866163894534111,1031.6828599023597,1107.0919687086184,0.5865482613444328,0.6839936133474112,1104.0229492289707,1105.0924948766399,4.347646236419678,2.604748122394085,1145.3041995607055,1126.174409849136
2022-03-04,2022,1073.240966796875,-3.6980479955673218,0.2538879634812474,1033.5520007366358,1075.965796430722,1.2276628986001015,0.9011290967464447,1086.4167479588173,1082.9122534268845,3.164835274219513,0.6119373254477978,1107.207275491437,1079.8085288647019,6.099631637334824,2.548098564147949,1138.7047123524553,1100.5882044616737
2022-03-07,2022,1033.552001953125,-0.18084630137309432,0.2598205115646124,1031.6828613848252,1036.237382051886,6.818326562643051,0.8858811110258102,1104.022952641024,1042.7080439110568,8.006063103675842,0.5380553193390369,1116.2988274387972,1039.113083477769,13.020473718643188,2.7009425684809685,1168.1253687359422,1061.4676479412642
2022-03-08,2022,1031.682861328125,5.305301398038864,0.22810944356024265,1086.4167465934934,1034.0362273624069,7.3205068707466125,0.9081501513719559,1107.2072760759656,1041.052090794955,5.723556503653526,0.479235639795661,1090.7318128347497,1036.6270532892731,13.585324585437775,2.8159338980913162,1171.8403267318827,1060.734368741062
2022-03-09,2022,1086.416748046875,1.620575226843357,0.2973360940814018,1104.0229487259999,1089.6470571709638,2.7505172416567802,0.9564923122525215,1116.2988280181512,1096.8082407209672,2.092096023261547,0.5789455957710743,1109.145629628811,1092.7065099614117,9.538675099611282,2.940739132463932,1190.046511870829,1118.3654304983315
2022-03-10,2022,1104.02294921875,0.28842934407293797,0.25655527133494616,1107.2072753695963,1106.8553782917184,-1.2038824148476124,1.0194169357419014,1090.7318110772235,1115.2775461375631,3.739165887236595,0.6021094974130392,1145.304198723201,1110.6703762496156,8.510822057723999,2.81523410230875,1197.9843779031944,1135.103779782471
2022-03-11,2022,1107.207275390625,0.8211247622966766,0.2256515435874462,1116.2988284988078,1109.7057056982565,0.17506699077785015,1.052827201783657,1109.145629849325,1118.8642547660652,2.844764292240143,0.6162603385746479,1138.7047126020225,1114.0305546946704,9.286632388830185,2.652748115360737,1210.029544838535,1136.5786955216868
2022-03-14,2022,1116.298828125,-2.2903380915522575,0.20650634542107582,1090.7318108489017,1118.6040560389392,2.598351798951626,1.0633479803800583,1145.3041988072619,1128.1689691688734,4.642711952328682,0.6117151118814945,1168.1253672420644,1123.1273967503967,8.421362191438675,2.6617754250764847,1210.3063955801917,1146.012196002448
2022-03-15,2022,1090.7318115234375,1.6882076859474182,0.23941679392009974,1109.1456297986497,1093.3432066568535,4.398230463266373,0.969294086098671,1138.7047103303985,1101.304210467731,7.436156272888184,0.5603039171546698,1171.8403335464245,1096.8432245890554,13.095265626907349,2.6258133351802826,1233.56603951961,1119.3723928814734
2022-03-16,2022,1109.1456298828125,3.260038048028946,0.25167670100927353,1145.3041994250425,1111.93709101349,5.3175825625658035,0.898973923176527,1168.1253644909216,1119.1165598655111,7.293981313705444,0.5554443225264549,1190.0465048682454,1115.3063163125469,9.62822288274765,2.5133445858955383,1215.936643222185,1137.0222815211691
2022-03-17,2022,1145.30419921875,-0.5762213375419378,0.30518071725964546,1138.7047120430877,1148.7994467887306,2.316950634121895,0.8460221812129021,1171.8403321251735,1154.9937267865034,4.599666595458984,0.6383889354765415,1197.9843738866039,1152.6156945041107,7.017359882593155,2.493700012564659,1225.6743166283813,1173.8646501785715
2022-03-21,2022,1138.7047119140625,2.5836948305368423,0.27034319937229156,1168.1253666908656,1141.783122663654,4.5087892562150955,0.8344005793333054,1190.0465076248588,1148.206070627169,6.2636807560920715,0.7262544706463814,1210.0295398229373,1146.9746057917994,7.955741882324219,2.480749413371086,1229.297119595809,1166.9531223748995
2022-03-22,2022,1168.1253662109375,0.31802800949662924,0.269437488168478,1171.8403320615234,1171.272733856315,2.556147612631321,0.7699873298406601,1197.9843748718793,1177.1197835274165,3.611002117395401,0.735459104180336,1210.3063979186472,1176.7164505649757,3.74927781522274,2.383951097726822,1211.9216314202736,1195.9729037015486
2022-03-23,2022,1171.84033203125,1.5536396764218807,0.26304079219698906,1190.0465083740014,1174.9227501239088,3.258908912539482,0.7284827530384064,1210.0295410525487,1180.3769867432457,5.267416313290596,0.7978508248925209,1233.5660408463827,1181.1898697867846,3.1446970999240875,2.243105135858059,1208.6911609683775,1198.125942703099
2022-03-24,2022,1190.0465087890625,0.6670215167105198,0.25760591961443424,1197.9843750615478,1193.112139041868,1.70244500041008,0.6978316698223352,1210.3063960804966,1198.3510302130076,2.175556682050228,0.8344773203134537,1215.9366451305284,1199.9771770060893,-0.22491859272122383,2.04660277813673,1187.3698729287662,1214.4020336990586
2022-03-25,2022,1197.984375,1.005452685058117,0.2051971387118101,1210.0295410650142,1200.4426046597146,2.9701275750994682,0.6686153821647167,1233.566039267258,1205.9942828071798,2.311377599835396,0.7761278189718723,1225.674317493278,1207.2822650013113,0.7627557963132858,2.027941681444645,1207.12207025924,1222.2787994778191
2022-03-28,2022,1210.029541015625,0.022880059259478003,0.16424061032012105,1210.3063964916666,1212.0169009188428,0.4881785251200199,0.6399912759661674,1215.9366453824716,1217.7736245147385,1.5923229977488518,0.6754553876817226,1229.2971196767717,1218.2027507429555,-0.44813845306634903,2.1299775689840317,1204.6069333488717,1235.8028988173382
2022-03-29,2022,1210.306396484375,1.9217979162931442,0.12316079810261726,1233.5660395927744,1211.7970195017722,1.2697544880211353,0.6525090895593166,1225.6743162725422,1218.2037557329534,0.13345665065571666,0.7129034493118525,1211.921630863795,1218.9347125321542,-2.3450426757335663,1.9325869157910347,1181.9241949796833,1233.696619543814
2022-03-30,2022,1233.5660400390625,-1.429140754044056,0.09451861842535436,1215.9366450328168,1234.7319896174718,-0.34606342669576406,0.6374543998390436,1229.2971191303482,1241.4294610362117,-2.0165015012025833,0.6860366091132164,1208.6911623233495,1242.0287546713187,-4.53806109726429,1.7397882416844368,1177.5860594669862,1255.0274769570744
2022-03-31,2022,1215.9366455078125,0.800837017595768,0.011986738536506891,1225.6743162755513,1216.0823966542791,-0.33019932452589273,0.6360471714287996,1211.921630917683,1223.6705761479311,-2.3493636399507523,0.5829953122884035,1187.369872073415,1223.0254991515199,-3.450041264295578,1.6515420749783516,1173.9863294901015,1236.0183508134544
2022-04-01,2022,1225.67431640625,0.2955762902274728,-0.034485175274312496,1229.2971190809544,1225.251640469945,-1.3856172561645508,0.6024697329849005,1208.691161573748,1233.0586331875672,-1.5136358328163624,0.5471217446029186,1207.122070759498,1232.3802471093218,-0.5666723009198904,1.7997760325670242,1218.7287595556866,1247.7337089902594
2022-04-04,2022,1229.297119140625,-1.4134489931166172,-0.05099494010210037,1211.9216313877203,1228.6702398110424,-3.410668298602104,0.6030579097568989,1187.3698720024668,1236.7104926520162,-2.0084798336029053,0.4896783269941807,1204.606934407624,1235.3167207074205,2.055409550666809,1.7838779836893082,1254.5642095335133,1251.2262798031015
2022-04-05,2022,1211.921630859375,-0.26655755937099457,-0.017075822688639164,1208.691162138667,1211.7146852705641,-0.3960289526730776,0.5813724361360073,1207.122070317464,1218.9674091687614,-2.475196123123169,0.4620019346475601,1181.9241936370527,1217.5207322403576,5.942388251423836,1.701878011226654,1283.9387194680266,1232.5470586082702
2022-04-06,2022,1208.691162109375,-1.763998158276081,-0.0004848581738770008,1187.3698722705199,1208.6853016714786,-0.33790506422519684,0.5456625949591398,1204.606933461765,1215.2865376695827,-2.573453262448311,0.5015169735997915,1177.586059965147,1214.752953445754,5.335906520485878,1.6935260966420174,1273.1857926409057,1229.160662367503
2022-04-07,2022,1187.369873046875,1.663525216281414,0.02288412069901824,1207.1220702955384,1187.6415922017668,-0.4586337134242058,0.5208314396440983,1181.9241945060398,1193.5540686505653,-1.1271588504314423,0.5306864622980356,1173.9863284354706,1193.6710842205403,4.7476522624492645,1.6408685594797134,1243.742065688226,1206.8530519784354
2022-04-08,2022,1207.1220703125,-0.20835811737924814,0.04925247048959136,1204.6069334923275,1207.7166077539541,-2.446812205016613,0.4680187441408634,1177.5860601666445,1212.7716278662238,0.9615174494683743,0.5703767761588097,1218.7287596549386,1214.00721426145,6.117025762796402,1.75424013286829,1280.962038341917,1228.2978901226325
2022-04-11,2022,1204.60693359375,-1.8829992040991783,0.05370535654947162,1181.9241946216562,1205.2538720424561,-2.5419583544135094,0.4424962215125561,1173.9863270074193,1209.9372737589806,4.147184640169144,0.5626819562166929,1254.5642073181625,1211.3850394524172,6.442034989595413,1.8034810200333595,1282.2081337429518,1226.3317910071191
2022-04-12,2022,1181.9241943359375,-0.36704002413898706,0.11707466328516603,1177.5860594877424,1183.307928106742,3.113953210413456,0.40868669748306274,1218.7287607301148,1186.7545612925223,8.631224185228348,0.5347127560526133,1283.9387212485262,1188.244093769924,10.105229914188385,1.8628759309649467,1301.3603515850027,1203.941975674473
2022-04-13,2022,1177.5860595703125,-0.3056873334571719,0.20136628299951553,1173.9863281456487,1179.9573208475897,6.536944955587387,0.49350904300808907,1254.5642120890943,1183.3975532634945,8.11828002333641,0.5940246395766735,1273.1857934020036,1184.5812109163803,9.350814670324326,1.9123442471027374,1287.6999495843074,1200.1055588351892
2022-04-18,2022,1173.986328125,3.8111545145511627,0.26631164364516735,1218.7287610695494,1177.1127904115992,9.365729987621307,0.5827866494655609,1283.9387177087774,1180.8281637118635,5.941784381866455,0.6848262622952461,1243.7420644147787,1182.0260948157556,9.300868213176727,1.9497446715831757,1283.1772493446188,1196.8760640027322
2022-04-19,2022,1218.728759765625,2.9403958469629288,0.2837879816070199,1254.5642096035162,1222.187365514228,4.468347132205963,0.6257145665585995,1273.1857913519816,1226.3545231423175,5.106409266591072,0.6923320237547159,1280.9620380889073,1227.166409252191,2.00128685683012,2.011074870824814,1243.1190182552232,1243.2383075967864
2022-04-20,2022,1254.564208984375,2.3414116352796555,0.3342075040563941,1283.9387213455893,1258.7570567140065,-0.8626217022538185,0.7138606160879135,1243.7420658489668,1263.5200487758493,2.203468047082424,0.705235730856657,1282.208130459478,1263.411844052672,-2.8527282178401947,2.008310705423355,1218.774901783754,1279.759756299818
2022-04-21,2022,1283.938720703125,-0.8374955505132675,0.3657671622931957,1273.1857910459194,1288.6349469274244,-0.2318400889635086,0.7482383400201797,1280.96203603081,1293.5456424737904,1.3568895868957043,0.5643810145556927,1301.3603515064676,1291.1850270813027,-5.803170800209045,1.967449113726616,1209.4295637707037,1309.1995616843915
2022-04-22,2022,1273.185791015625,-2.31260247528553,0.35507765132933855,1243.742064897614,1277.706589219422,0.7086427416652441,0.7592621725052595,1282.2081297115706,1282.8526091125186,1.1399876326322556,0.5098611116409302,1287.6999515736343,1279.6772702429516,-8.717559278011322,1.7289027571678162,1162.1950649646205,1295.197935260363
2022-04-25,2022,1243.7420654296875,2.9925795271992683,0.3453939687460661,1280.9620358509017,1248.0378755104393,4.632655531167984,0.6917663849890232,1301.3603510172788,1252.3458549542984,3.1706880778074265,0.41870176792144775,1283.1772468169424,1248.9496354460243,-8.176255226135254,1.752561703324318,1142.0505398053501,1265.539412556543
2022-04-26,2022,1280.9620361328125,0.09727795841172338,0.26961995754390955,1282.2081298495918,1284.4157654307874,0.526004284620285,0.6798761896789074,1287.6999513272303,1289.6709920153057,-2.9542652890086174,0.39660269394516945,1243.1190193339628,1286.04236607653,-11.757606267929077,1.821969635784626,1130.351563482669,1304.3007754770808
2022-04-27,2022,1282.2081298828125,1.4936905354261398,0.20722346380352974,1301.3603513633366,1284.865165982726,0.07558181532658637,0.6307133007794619,1283.177246063643,1290.295187101659,-4.947186633944511,0.36655040457844734,1218.7749006619001,1286.9080689704356,-13.639390468597412,1.7944376915693283,1107.322756427995,1305.216555849796
2022-04-28,2022,1301.3603515625,-1.04970159009099,0.13768187491223216,1287.6999512593347,1303.1520888938958,-4.475419223308563,0.5960186943411827,1243.119020224156,1309.1167025385566,-7.064206898212433,0.38749799132347107,1209.4295638368203,1306.4030967846847,-13.94578069448471,1.7921596765518188,1119.8754908886185,1324.682807029836
2022-04-29,2022,1287.699951171875,-0.3512235125526786,0.08020058157853782,1283.17724617223,1288.7326940217015,-5.352570489048958,0.6027719005942345,1218.7749035979514,1295.4618446415047,-9.746438264846802,0.45920186676084995,1162.1950703944458,1293.613093385935,-13.011376559734344,1.7035946249961853,1120.152461565387,1309.6371383261176
2022-05-02,2022,1283.17724609375,-3.121799975633621,0.06259172805584967,1243.1190191378591,1283.9804089060995,-5.747271701693535,0.5998585838824511,1209.4295633464335,1290.8744949508698,-10.998223721981049,0.46107545495033264,1142.050541818804,1289.093661418996,-9.038110077381134,1.7890335991978645,1167.202274103889,1306.133718163629
2022-05-04,2022,1243.1190185546875,-1.9583093002438545,0.07283348240889609,1218.774903201231,1244.0244254263882,-6.509751081466675,0.5900793243199587,1162.1950648004058,1250.454406859868,-9.071332216262817,0.45059388503432274,1130.351562538046,1248.7204368359935,-5.765409395098686,1.7595389857888222,1171.448117866677,1264.9921823259126
2022-05-05,2022,1218.77490234375,-0.7667812053114176,0.12674906756728888,1209.4295654575255,1220.3196881682147,-6.295204162597656,0.6121959071606398,1142.0505339587107,1226.2361924133995,-9.144604951143265,0.52567133679986,1107.322752280732,1225.1816526654816,-6.098302826285362,1.7568515613675117,1144.4503180280644,1240.1869682451315
2022-05-06,2022,1209.4295654296875,-3.905518725514412,0.1948517165146768,1162.1950672799235,1211.7861596979633,-6.538454443216324,0.6372943986207247,1130.3515642712782,1217.137192305434,-7.40465447306633,0.6026098039001226,1119.8754850145115,1216.7177065622334,0.14499911339953542,1.811043918132782,1211.1832275767524,1231.3328660185016
2022-05-09,2022,1162.195068359375,-1.7333175987005234,0.24805753491818905,1142.0505367082724,1165.077980796888,-4.721437394618988,0.6268288008868694,1107.3227558034378,1169.4800417703384,-3.617516905069351,0.7206043694168329,1120.1524652915923,1170.5698968031197,3.5182490944862366,1.9172148779034615,1203.0839858280924,1184.4768451202212
2022-05-10,2022,1142.050537109375,-1.024383306503296,0.2558430191129446,1130.3515620553953,1144.972393683311,-1.9416872411966324,0.715207913890481,1119.8754875423047,1150.21857293141,2.2023310884833336,0.8923396468162537,1167.2022711343257,1152.24150683868,5.705861374735832,2.176252380013466,1207.214357586262,1166.9044391041743
2022-05-11,2022,1130.3515625,-2.0373137667775154,0.2755663823336363,1107.3227545042027,1133.466431408433,-0.9022941812872887,0.767030380666256,1120.1524661234725,1139.0217023927107,3.6357324570417404,0.9987741708755493,1171.448121136491,1141.6412219463382,6.642717123031616,2.3698609322309494,1205.437619292643,1157.1393225765496
2022-05-12,2022,1107.32275390625,1.1336111463606358,0.3184054046869278,1119.8754880707188,1110.8485294020156,5.4075937718153,0.7660707458853722,1167.202270180378,1115.805629586458,3.35291251540184,0.9952041320502758,1144.450317107865,1118.342875708258,7.8227899968624115,2.574029006063938,1193.9462875318095,1135.8255627825429
2022-05-13,2022,1119.87548828125,0.02473288623150438,0.3519000019878149,1120.1524658117012,1123.8163301467728,4.605211317539215,0.8019601926207542,1171.4481210099257,1128.856443904183,8.153383433818817,1.0012530721724033,1211.183230822171,1131.0882760121717,6.119672581553459,2.72893700748682,1188.4082014851356,1150.4361849187308
2022-05-16,2022,1120.1524658203125,4.200303554534912,0.40000155568122864,1167.2022696583736,1124.6330931095954,2.169155701994896,0.7895524613559246,1144.4503169036902,1128.996657185136,7.403592020273209,0.981731154024601,1203.0839843946787,1131.1493515498453,9.789055585861206,2.754141576588154,1229.8048133458578,1151.0030506026471
2022-05-17,2022,1167.2022705078125,0.3637629561126232,0.40254946798086166,1171.4481199908255,1171.9008370380022,3.768066316843033,0.8751391433179379,1211.1832261122445,1177.4169144587222,3.4280333667993546,0.9593881666660309,1207.21435379886,1178.4002709721217,4.0922861546278,2.840174362063408,1214.967527420305,1200.3528501481974
2022-05-18,2022,1171.4481201171875,-2.3046519607305527,0.3785894252359867,1144.4503180479655,1175.883098822077,2.700577490031719,0.9330634027719498,1203.083984356472,1182.378473808461,2.9014945030212402,0.8550809696316719,1205.4376229281334,1181.4649500614175,3.748500719666481,2.769153378903866,1215.3598613302997,1203.8873153175184
2022-05-19,2022,1144.4503173828125,5.831000953912735,0.33729136921465397,1211.1832263064616,1148.3104495282944,5.484208092093468,0.9715273045003414,1207.21435429871,1155.5689647026275,4.324868693947792,0.7975183427333832,1193.946290877088,1153.5775185874109,9.857458621263504,2.7214761823415756,1257.264033859742,1175.5962601891183
2022-05-20,2022,1211.1832275390625,-0.6687050219625235,0.3948613069951534,1203.083984471341,1215.9657214614294,-0.47437953762710094,0.9823773056268692,1205.4376221444456,1223.0816166959653,-1.8803946673870087,0.681898882612586,1188.408202716132,1219.4422724340425,5.9079039841890335,2.749057300388813,1282.738769694672,1244.47934847681
2022-05-23,2022,1203.083984375,0.3433152800425887,0.35677608102560043,1207.2143555251046,1207.3763002658998,-0.7595226634293795,1.0379089042544365,1193.9462888535827,1215.5709001744872,2.2210273891687393,0.6577045191079378,1229.8048091826713,1210.9967221088982,6.162486970424652,2.5812730193138123,1277.2238781553751,1234.1388666633575
2022-05-24,2022,1207.21435546875,-0.14717630110681057,0.2941786777228117,1205.4376220339407,1210.765722696948,-1.5578138642013073,1.0251499712467194,1188.4082028686294,1219.5901130867242,0.6422366946935654,0.6419517565518618,1214.9675290431787,1214.9640892290279,5.998048558831215,2.451755106449127,1279.623658718947,1236.812295074742
2022-05-25,2022,1205.4376220703125,-0.9532913565635681,0.22669783793389797,1193.9462894103508,1208.1703230971877,2.0214391872286797,1.0085895657539368,1229.8048105404393,1217.595540148186,0.8231235668063164,0.5439731292426586,1215.359863220723,1211.9948788241568,4.289816319942474,2.2139301523566246,1257.1486819086113,1232.1251690531778
2022-05-26,2022,1193.9462890625,-0.46384716406464577,0.23893280886113644,1188.4082030602285,1196.7990184672503,1.7606521025300026,0.8882423862814903,1214.9675295039578,1204.551426071388,5.303232744336128,0.499087804928422,1257.2640396138486,1199.9051293886064,8.180969953536987,2.155989035964012,1291.622676232073,1219.6876401499867
2022-05-27,2022,1188.408203125,3.483365848660469,0.19353043753653765,1229.8048086153358,1190.708134720228,2.2678790614008904,0.7535496726632118,1215.3598639276424,1197.3634492495512,7.937555760145187,0.4224967211484909,1282.7387669061864,1193.4291888170628,5.403679609298706,2.0137690007686615,1252.6259748724988,1212.3399991221231
2022-05-30,2022,1229.8048095703125,-1.2064743787050247,0.19227914744988084,1214.9675296347646,1232.169467773452,2.2328119724988937,0.6734018214046955,1257.2640385967657,1238.0863375576814,3.855820745229721,0.5637454334646463,1277.2238785435575,1236.7377780247937,-0.07130831945687532,2.069690451025963,1228.927856428008,1255.2579622802473
2022-05-31,2022,1214.967529296875,0.03229172725696117,0.2008677925914526,1215.3598632976962,1217.4080077536764,5.578028783202171,0.498310849070549,1282.738767787615,1221.0218443080457,5.321634188294411,0.38943346589803696,1279.6236567126134,1219.6990194557516,-0.17283207271248102,2.2882746532559395,1212.8676757332075,1242.7693233150653
2022-06-01,2022,1215.35986328125,3.4478820860385895,0.1450278447009623,1257.2640382882273,1217.1224734963273,5.0901807844638824,0.4030367359519005,1277.2238775040787,1220.2582100042882,3.4383904188871384,0.2833528444170952,1257.1486803753123,1218.8036200237611,-1.4125730842351913,2.2676926106214523,1198.1920169759414,1242.920489093338
2022-06-02,2022,1257.2640380859375,2.0262038335204124,0.1573218498378992,1282.7387702231083,1259.241989128001,1.7784345895051956,0.345424422994256,1279.6236566206676,1261.6069351350102,2.732810378074646,0.25597368367016315,1291.6226801985504,1260.4823031576864,-6.030910089612007,2.201518975198269,1181.4395743599493,1284.9429444527434
2022-06-03,2022,1282.73876953125,-0.4299310967326164,0.16379192238673568,1277.2238766711898,1284.8397920210653,-1.9949570298194885,0.3379035275429487,1257.1486822742663,1287.073189082657,-2.3475389927625656,0.3881360637024045,1252.6259767412212,1287.7175412988931,-6.817773729562759,1.9511695951223373,1195.2845426832318,1307.7671783871901
2022-06-06,2022,1277.223876953125,0.18789033638313413,0.20326960366219282,1279.623657191898,1279.8200848656866,1.1273516342043877,0.41539864614605904,1291.6226812024047,1282.5294476462425,-3.7813276052474976,0.6214623339474201,1228.9278579130842,1285.1613422685716,-8.111865818500519,1.7083711922168732,1173.6171898528373,1299.0436017271077
2022-06-07,2022,1279.6236572265625,-1.756373792886734,0.08498505922034383,1257.1486826634564,1280.711146149454,-2.1098140627145767,0.4307839088141918,1252.625977356574,1285.1360700352743,-5.216844752430916,0.7186801638454199,1212.867677613674,1288.8200586229232,-6.803710758686066,1.7218608409166336,1192.5617647891468,1301.656995891452
2022-06-08,2022,1257.148681640625,2.742237225174904,0.10618474334478378,1291.6226807643698,1258.4835817416874,-2.2448278963565826,0.40615787729620934,1228.9278573364772,1262.2546900404338,-4.689712822437286,0.5877358373254538,1198.1920187206233,1264.5373949710915,-8.019313961267471,1.7797557637095451,1156.3339818999284,1279.5228577605226
2022-06-09,2022,1291.6226806640625,-3.0192025005817413,0.09286865824833512,1252.6259763913722,1292.8221933172265,-6.097369268536568,0.3882040735334158,1212.8676762678037,1296.636812525082,-8.530595153570175,0.6559087429195642,1181.4395788649208,1300.09454675207,-11.926757544279099,1.687665469944477,1137.5739751543415,1313.420950647601
2022-06-10,2022,1252.6259765625,-1.8918752670288086,0.14181933365762234,1228.927855523536,1254.4024423756832,-4.345587641000748,0.41564316488802433,1198.192016937035,1257.832430815694,-4.577697813510895,0.5120846442878246,1195.284544621929,1259.040481838837,-7.891683280467987,1.6112010926008224,1153.7727018033183,1272.8082999830767
2022-06-13,2022,1228.9278564453125,-1.306844875216484,0.21981359459459782,1212.8676757332491,1231.6292069415392,-3.8642041385173798,0.4114537499845028,1181.4395753571598,1233.984326195261,-4.500725492835045,0.5615461152046919,1173.617187121727,1235.8288530818495,-6.393402814865112,1.3913391157984734,1150.3575482786764,1246.0264104169798
2022-06-14,2022,1212.86767578125,-1.209996733814478,0.2678405027836561,1198.1920165188053,1216.116226662163,-1.4497154392302036,0.36595845595002174,1195.2845458280167,1217.306267600256,-1.674206368625164,0.5611695349216461,1192.5617679103243,1219.6739196766466,-3.820251300930977,1.307027693837881,1166.5330826186455,1228.7201921933188
2022-06-15,2022,1198.1920166015625,-1.3981432653963566,0.3037193790078163,1181.439575614931,1201.831157953706,-2.050992473959923,0.311116361990571,1173.6171885174758,1201.9197880132747,-3.4934327006340027,0.5452869459986687,1156.3339848772175,1204.725601256089,-0.6220411043614149,1.3875228352844715,1190.7387697491238,1214.8172044424646
2022-06-16,2022,1181.4395751953125,1.1718729510903358,0.40249424055218697,1195.284546010503,1186.1948014410777,0.9414101950824261,0.3023067954927683,1192.5617678049398,1185.0111473157688,-3.712894022464752,0.5151554942131042,1137.5739758288528,1187.525826077739,1.3925819657742977,1.38441426679492,1197.892089656003,1197.7955932278778
2022-06-17,2022,1195.2845458984375,-1.8127365037798882,0.40305210277438164,1173.6171866108969,1200.1021653948183,-3.2586853951215744,0.2349297981709242,1156.3339829710999,1198.092625469685,-3.4729670733213425,0.5963458213955164,1153.7727071868862,1202.4125753416893,-7.000000029802322,1.5040550380945206,1111.6146273293243,1213.2622833305882
2022-06-20,2022,1173.6171875,1.6142044216394424,0.49367151223123074,1192.5617680337455,1179.411001217337,-3.07112168520689,0.277512613683939,1137.5739755533723,1176.8741232316752,-1.9818766042590141,0.6667179986834526,1150.3575430373749,1181.441904524705,-5.086417496204376,1.5261482447385788,1113.9221175365383,1191.5283256069815
2022-06-21,2022,1192.561767578125,-3.037811815738678,0.42880838736891747,1156.3339852926547,1197.675572462055,-3.252582997083664,0.3411735873669386,1153.7727062961585,1196.630473342138,-2.182586118578911,0.7821209728717804,1166.5330799834855,1201.889043276804,-5.837627127766609,1.424554642289877,1122.9444583186114,1209.5504616003334
2022-06-22,2022,1156.333984375,-1.6223695129156113,0.44965953566133976,1137.5739743450176,1161.533550399835,-0.5168437957763672,0.3527767490595579,1150.3575439183041,1160.413261813349,2.975332923233509,0.8068657480180264,1190.7387701146472,1165.664047227614,-3.741620108485222,1.4313751831650734,1113.0683594943766,1172.8854620618476
2022-06-23,2022,1137.573974609375,1.4239716343581676,0.436281505972147,1153.7727053276533,1142.536999477348,2.5456899777054787,0.38127440493553877,1166.5330812699917,1141.9112530117684,5.302346497774124,0.7844717241823673,1197.892088411665,1146.497920781843,-3.1177038326859474,1.423046551644802,1102.1077872033406,1153.7621818274624
2022-06-24,2022,1153.772705078125,-0.29599948320537806,0.370277464389801,1150.357543833729,1158.04486539531,3.203929588198662,0.4878050647675991,1190.7387701566831,1159.4008667694022,-3.653933107852936,0.8210128173232079,1111.614622217905,1163.245326869593,-4.345913976430893,1.4176929369568825,1103.63073583189,1170.129659226554
2022-06-27,2022,1150.3575439453125,1.406131312251091,0.33920714631676674,1166.5330815735701,1154.259638942569,4.132154211401939,0.549971079453826,1197.8920916436286,1156.684177747327,-3.16731296479702,0.8071028627455235,1113.922120314412,1159.642112614304,-2.758101373910904,1.3702591881155968,1118.629516720869,1166.120423887404
2022-06-28,2022,1166.5330810546875,2.075010910630226,0.30168581288307905,1190.7387697626832,1170.0523458628174,-4.707835242152214,0.5894162226468325,1111.6146255534309,1173.4088162769658,-3.7365954369306564,0.9243468753993511,1122.9444591777115,1177.3158931399162,-4.242987185716629,1.262736227363348,1117.0372319083917,1181.2633168733428
2022-06-29,2022,1190.73876953125,0.600746413692832,0.2898732200264931,1197.8920899856591,1194.190402344594,-6.451175361871719,0.5719229113310575,1113.9221234069955,1197.5488773683007,-6.522876024246216,0.9535530582070351,1113.0683558220917,1202.093095483372,-7.852257788181305,1.2205595150589943,1097.2388917638382,1205.27244488226
2022-06-30,2022,1197.89208984375,-7.202440500259399,0.2514853607863188,1111.61462481544,1200.9046130877243,-6.256626546382904,0.5826551467180252,1122.944455353565,1204.8716697573527,-7.996071130037308,0.8740593679249287,1102.1077862787533,1208.362377872661,-7.647415995597839,1.2655452825129032,1106.2842985550378,1213.0519566763628
2022-07-01,2022,1111.6146240234375,0.20758048631250858,0.3639989299699664,1113.9221190659064,1115.6608893602724,0.130776921287179,0.5030556116253138,1113.0683594053135,1117.206663769235,-0.7182243280112743,0.6873854901641607,1103.6307373599702,1119.2557016555174,-0.2864595502614975,1.433451846241951,1108.430297770819,1127.549084374597
2022-07-04,2022,1113.922119140625,0.8099613711237907,0.30983309261500835,1122.9444580100676,1117.3734184916812,-1.0606065392494202,0.4256810061633587,1102.1077883028738,1118.663874025259,0.42259665206074715,0.7075466681271791,1118.6295167226774,1121.803637980136,0.35423687659204006,1.579992100596428,1117.8680420631367,1131.5220006298432
2022-07-05,2022,1122.9444580078125,-0.8794823661446571,0.247235968708992,1113.068359518035,1125.720780616632,-1.7199177294969559,0.4100603051483631,1103.6307371821326,1127.5492074789659,-0.5260479636490345,0.6497194990515709,1117.0372315535528,1130.2404471150082,0.15823182184249163,1.6877777874469757,1124.7213134819976,1141.8972651354352
2022-07-06,2022,1113.068359375,-0.9847167879343033,0.15055651310831308,1102.1077883790495,1114.744156285387,0.49962406046688557,0.3631511703133583,1118.6295167078815,1117.110480148458,-1.422146987169981,0.5895923357456923,1097.238891237006,1119.6309251134853,3.779253363609314,1.7429787665605545,1155.1340327859507,1132.4689045362102
2022-07-07,2022,1102.1077880859375,0.13818513834849,0.07054369198158383,1103.6307372576534,1102.88525560927,1.3546264730393887,0.35427319817245007,1117.0372319447783,1106.0122605940971,0.37895692512393,0.4965599626302719,1106.2843018712192,1107.5804141066023,4.11204919219017,1.8226560205221176,1147.4270024829902,1122.195422038129
2022-07-08,2022,1103.6307373046875,1.3590396381914616,0.04970489535480738,1118.629516483923,1104.1792958077683,-0.5791652482002974,0.3500970546156168,1097.238891605762,1107.4945160098239,0.43488824740052223,0.4248928278684616,1108.4302976759254,1108.319985153647,4.670906439423561,1.8869593739509583,1155.1802964809099,1124.4558009560624
2022-07-11,2022,1118.6295166015625,-0.1423424924723804,0.08565526222810149,1117.0372314661001,1119.5876816473685,-1.103601697832346,0.301032280549407,1106.284302263894,1121.996952546287,-0.06807210156694055,0.4262419417500496,1117.8680419808636,1123.3975847741142,-0.1444049528799951,1.8246281892061234,1117.0141601752123,1139.0403460942548
2022-07-12,2022,1117.0372314453125,-1.7723975703120232,0.12196023017168045,1097.238890695695,1118.3995726238866,-0.7705144584178925,0.2765372861176729,1108.4302980711154,1120.1262558900753,0.6878984626382589,0.365194259211421,1124.7213133875218,1121.116587287805,0.043384332093410194,1.7064165323972702,1117.5218505874097,1136.098539435728
2022-07-13,2022,1097.2388916015625,0.8243792690336704,0.11497392551973462,1106.2843015557005,1098.500430227566,1.8800964578986168,0.21324551198631525,1117.8680411372495,1099.5787042936713,5.276438966393471,0.2202555537223816,1155.1340320324512,1099.6556211979168,1.7518116161227226,1.7146876081824303,1116.4604499612549,1116.0531109080127
2022-07-14,2022,1106.2843017578125,0.19398232689127326,0.0629303278401494,1108.4302977883951,1106.9804900957529,1.6665708273649216,0.21773509215563536,1124.721313198626,1108.6930709017481,3.7189986556768417,0.14818226918578148,1147.4270000681495,1107.9236189398034,2.500893548130989,1.6820956021547318,1133.9512944844596,1124.8930613450088
2022-07-15,2022,1108.4302978515625,0.851451326161623,-0.0029023620299994946,1117.8680423221967,1108.3981271914686,4.213502258062363,0.2616031561046839,1155.1340334805855,1111.3299864939627,4.217676073312759,-0.004426063969731331,1155.1802973133972,1108.3812380175198,4.482051730155945,1.6632605344057083,1158.1107171939911,1126.8663815471232
2022-07-18,2022,1117.8680419921875,0.6130662281066179,-0.03467263886705041,1124.7213134324384,1117.4804476429774,2.6442261412739754,0.30749496072530746,1147.4270009834925,1121.3054298888721,-0.07638484821654856,-0.17478754743933678,1117.0141601850505,1115.9141478579813,6.299921125173569,1.6440657898783684,1188.2928469212175,1136.2465280465642
2022-07-19,2022,1124.7213134765625,2.704022638499737,0.009318639058619738,1155.1340324130003,1124.8261221961807,2.7081361040472984,0.3696606960147619,1155.1802974367363,1128.8789661121864,-0.6401108112186193,-0.17247088253498077,1117.521850752919,1122.7814967011504,6.054320931434631,1.5256204642355442,1192.8155513786805,1141.8802920005796
2022-07-20,2022,1155.134033203125,-0.6671980023384094,-0.045791780576109886,1147.4270020092627,1154.6050767612805,-3.3000390976667404,0.4480760544538498,1117.0141584769672,1160.3099122027552,-3.3479738980531693,-0.2450099214911461,1116.4604472839555,1152.3038402152565,4.129048436880112,1.420825719833374,1202.8300769449688,1171.5464746454236
2022-07-21,2022,1147.427001953125,0.6757114548236132,-0.037132599391043186,1155.1802976410613,1147.0009324811851,-2.6062792167067528,0.5127960816025734,1117.5218504743393,1153.3109626583905,-1.1744283139705658,-0.23243892937898636,1133.951294360044,1144.7599349143798,3.4428678452968597,1.510730292648077,1186.931397251623,1164.7615292576545
2022-07-22,2022,1155.1802978515625,-3.3039119094610214,-0.011648843064904213,1117.0141584150974,1155.0457327115491,-3.351844474673271,0.5766117013990879,1116.4604508655107,1161.8412026212313,0.2536764135584235,-0.1454426907002926,1158.1107178012858,1153.5001725439274,1.234461273998022,1.6569124534726143,1169.4405512733952,1174.320624066727
2022-07-25,2022,1117.01416015625,0.045450672041624784,0.029946176800876856,1117.5218505988412,1117.3486631915412,1.516286376863718,0.5998803768306971,1133.951293694338,1123.7149089094476,6.381180137395859,-0.2828845754265785,1188.2928458760398,1113.8542993918372,6.063047423958778,1.88052449375391,1184.7392584188583,1138.0198850366878
2022-07-26,2022,1117.5218505859375,-0.09497813298366964,0.0008415780030190945,1116.4604491965665,1117.531255404011,3.632042557001114,0.6460988894104958,1158.1107197830052,1124.7421468514929,6.737559288740158,-0.2719579264521599,1192.8155478337912,1114.4826613334342,6.648775190114975,2.1058283746242523,1191.823366131809,1141.0549428082022
2022-07-27,2022,1116.46044921875,1.5666335821151733,0.022069609258323908,1133.9512935472449,1116.7068476774164,6.4339399337768555,0.7194492965936661,1188.2928439058596,1124.4928160674008,7.736022025346756,-0.2785974182188511,1202.8300754745978,1113.350019231792,7.105651497840881,2.270916849374771,1195.7922378514631,1141.8143376766639
2022-07-28,2022,1133.9512939453125,2.1305521950125694,0.040477176662534475,1158.1107181288378,1134.4102854138298,5.191074684262276,0.7374081760644913,1192.8155524971721,1142.3131434994543,4.6721674501895905,-0.2771655097603798,1186.931397202029,1130.8083720610146,7.158838212490082,2.3159561678767204,1215.1290324872953,1160.2131088781568
2022-07-29,2022,1158.1107177734375,2.60615237057209,0.04603093257173896,1188.2928476985394,1158.643806937042,3.861406445503235,0.7392179686576128,1202.8300796756048,1166.6716802961685,0.9783031418919563,-0.25419294834136963,1169.4405513120025,1155.1668819948718,5.652632564306259,2.383784018456936,1223.5744613370198,1185.7175759797576
2022-08-01,2022,1188.2928466796875,0.38060524966567755,0.10293247178196907,1192.815551635552,1189.5159858787833,-0.11457194341346622,0.7024842780083418,1186.9313964718033,1196.64041710431,-0.29904991388320923,-0.11817049235105515,1184.7392579450116,1186.8886351721937,3.50700281560421,2.188452146947384,1229.9663102703676,1214.2980669948713
2022-08-02,2022,1192.8155517578125,0.8395704440772533,0.11796999024227262,1202.8300785827282,1194.2227161478295,-1.9596491008996964,0.634563947096467,1169.4405525223988,1200.3847292046273,-0.08318029576912522,-0.03542788326740265,1191.8233642538803,1192.3929624565403,2.9655903577804565,2.0612578839063644,1228.189574746848,1217.4025563588816
2022-08-03,2022,1202.830078125,-1.3217728585004807,0.12509319931268692,1186.9313966184636,1204.3347367520219,-1.5040213242173195,0.5627789068967104,1184.7392572559002,1209.5993520904967,-0.5851068999618292,0.016416888684034348,1195.7922363430744,1203.0275453999839,0.2877633087337017,1.955227181315422,1206.2913817562567,1226.3481387575375
2022-08-04,2022,1186.931396484375,-1.473618857562542,0.17533607315272093,1169.4405515994508,1189.0125153859874,0.4121525213122368,0.44285645708441734,1191.823364161232,1192.1877988148683,2.375674992799759,0.09860377758741379,1215.1290288523433,1188.1017556786796,1.349196583032608,1.9188746809959412,1202.9454343286834,1209.7071225323052
2022-08-05,2022,1169.4405517578125,1.3082072138786316,0.12047725031152368,1184.7392574179303,1170.8494615785983,2.2533582523465157,0.41760546155273914,1195.7922369371338,1174.3241993715656,4.629043489694595,0.20578820258378983,1223.574463484806,1171.8471224495609,4.451466351747513,1.949399709701538,1221.497804423002,1192.2376224789114
2022-08-08,2022,1184.7392578125,0.5979464389383793,0.08188423234969378,1191.8233640152948,1185.7093724591052,2.565102092921734,0.404571695253253,1215.1290293103139,1189.5323775121628,3.8174688816070557,0.47798343002796173,1229.9663103076746,1190.40211515388,2.8280384838581085,1.9183989614248276,1218.2441399568124,1207.4672834299672
2022-08-10,2022,1191.8233642578125,0.3330084029585123,-0.013147806748747826,1195.7922362092138,1191.6666656250934,2.664077468216419,0.5151431076228619,1223.5744619659438,1197.9629601738256,3.0513087287545204,0.6347125861793756,1228.189574602747,1199.3880171557832,1.9186828285455704,1.9668329507112503,1214.6906744944213,1215.2645389003105
2022-08-11,2022,1195.792236328125,1.6170695424079895,-0.04148895386606455,1215.1290283722665,1195.296114638861,2.8578603640198708,0.5887498147785664,1229.9663086861733,1202.8324609046433,0.8780075237154961,0.6700139492750168,1206.2913821310917,1203.804211115871,1.038165856152773,1.954658143222332,1208.2065430362093,1219.1658866515331
2022-08-12,2022,1215.1290283203125,0.6950236856937408,0.020327267702668905,1223.5744628788789,1215.376030850832,1.0748280212283134,0.6441214121878147,1228.1895756107785,1222.9559345774333,-1.002658437937498,0.8377915248274803,1202.9454345860308,1225.3092763352986,-1.3425705954432487,1.6943089663982391,1198.8150632893887,1235.7170684004514
2022-08-16,2022,1223.574462890625,0.5223912186920643,0.0038048136048018932,1229.9663084389242,1223.621017618254,-1.4125075191259384,0.724854739382863,1206.29138160019,1232.443600374766,-0.16972078010439873,0.8720136247575283,1221.4978027670488,1234.244198916085,-0.5035256035625935,1.911832019686699,1217.4134521913172,1246.9671512568775
2022-08-17,2022,1229.96630859375,-0.14445382403209805,0.04182953853160143,1228.1895752266798,1230.480797824729,-2.1968791261315346,0.7383027113974094,1202.9454355018033,1239.0471831993723,-0.9530479088425636,0.7965564727783203,1218.2441404102292,1239.763684837846,-3.9303649216890335,1.7726188525557518,1181.6241442521878,1251.7689232599669
2022-08-18,2022,1228.1895751953125,-1.782965287566185,0.05714375292882323,1206.2913814040735,1228.8914088116596,-0.5448484793305397,0.7057971321046352,1221.4978029715646,1236.8581019938492,-1.099089439958334,0.7158656138926744,1214.6906732716716,1236.9817620375502,-4.914897307753563,1.7027679830789566,1167.8253188299282,1249.1027940532517
2022-08-19,2022,1206.2913818359375,-0.2773747080937028,0.09403172298334539,1202.9454346368107,1207.4256784064773,0.990868266671896,0.6470485590398312,1218.2441403421476,1214.0966728399285,0.1587643870152533,0.5929125007241964,1208.206542953927,1213.4436342340014,-1.6852563247084618,1.598876342177391,1185.9622800291343,1225.578489357837
2022-08-22,2022,1202.9454345703125,1.5422452241182327,0.1396617037244141,1221.4978030837215,1204.6254886591084,0.9763734415173531,0.6329302210360765,1214.6906743094025,1210.5592397682817,-0.34335481468588114,0.6209257058799267,1198.8150635026714,1210.4148320012687,-0.37405136972665787,1.4253262430429459,1198.445800695238,1220.0913315387302
2022-08-23,2022,1221.497802734375,-0.26636659167706966,0.21617698948830366,1218.2441406698213,1224.138399910992,-1.088111661374569,0.602907408028841,1208.2065426993881,1228.86230347597,-0.3343723248690367,0.8276613429188728,1217.413452133148,1231.6076678522109,-2.457690052688122,1.2824266217648983,1191.4771727427683,1237.162615740914
2022-08-24,2022,1218.244140625,-0.2916875761002302,0.18402813002467155,1214.6906738202279,1220.4860525361273,-1.5948425978422165,0.6091042887419462,1198.8150641245957,1225.6645179328943,-3.0059652402997017,0.8778408169746399,1181.6241452158247,1228.9383849418082,-2.05890741199255,1.2338018044829369,1193.161621717507,1233.274858815039
2022-08-25,2022,1214.690673828125,-0.53380923345685,0.20510121248662472,1208.2065428532912,1217.1820191281085,0.22415404673665762,0.6138144060969353,1217.4134521288436,1222.146620173598,-3.8582131266593933,0.9468388743698597,1167.8253188021808,1226.1918373312749,-2.3840725421905518,1.4327320270240307,1185.7315670008393,1232.0939361413346
2022-08-26,2022,1208.20654296875,-0.7773074321448803,0.20278834272176027,1198.8150637145932,1210.6566449938923,-2.2001534700393677,0.6061636377125978,1181.6241447883804,1215.530251700691,-1.8410976976156235,0.9290129877626896,1185.962280123711,1219.4309386719283,-0.7620310876518488,1.3912957161664963,1198.9996335082844,1225.0162688435175
2022-08-29,2022,1198.8150634765625,1.5513976104557514,0.20728092640638351,1217.4134517251214,1201.299978446036,-2.5850314646959305,0.5631790962070227,1167.8253168821789,1205.5665393162435,-0.030802306719124317,0.873373169451952,1198.4458007837154,1209.285192592315,0.8507648482918739,1.6291921958327293,1209.014160632649,1218.3460649331898
2022-08-30,2022,1217.4134521484375,-2.939782477915287,0.2234121784567833,1181.6241447983941,1220.1333020627083,-2.5834420695900917,0.5669895559549332,1185.9622808647857,1224.3160592749095,-2.13044136762619,0.8618087507784367,1191.4771723488211,1227.9052278122067,-1.8802471458911896,1.7444364726543427,1194.523070460721,1238.6504564307152
2022-09-01,2022,1181.6241455078125,-1.1677849106490612,0.22971066646277905,1167.8253170359862,1184.3384622075437,1.4236046001315117,0.5768137983977795,1198.4458011995264,1188.4399166243015,0.9764082729816437,0.8793746121227741,1193.1616214200994,1192.0150482541208,0.08983596344478428,1.7366761341691017,1182.6856689432257,1202.1451300384263
2022-09-02,2022,1167.8253173828125,1.5530544333159924,0.2493853447958827,1185.962280247813,1170.7377025771812,2.0252905786037445,0.6005780771374702,1191.4771735103159,1174.8390202182748,1.533298660069704,0.8844960480928421,1185.7315673261978,1178.1546861636912,-1.2369098141789436,1.8128231167793274,1153.380371419638,1188.9959246999297
2022-09-05,2022,1185.9622802734375,1.052606850862503,0.31396234408020973,1198.4458004842409,1189.6857552484912,0.6070463452488184,0.6283557508140802,1193.161620951867,1193.4143424640215,1.0993058793246746,0.8182289078831673,1198.9996333470563,1195.6661664872252,-2.620827965438366,1.901763305068016,1154.8802491724807,1208.5164757316256
2022-09-06,2022,1198.44580078125,-0.5814720876514912,0.315620843321085,1191.4771729640756,1202.228345524422,-1.0608934797346592,0.6659168750047684,1185.731567422608,1206.4264536064384,0.8818387053906918,0.7862932048738003,1209.0141597156685,1207.8690986768884,-3.619769960641861,1.9772956147789955,1155.0648196899965,1222.1426170456007
2022-09-07,2022,1191.4771728515625,0.14137477846816182,0.3287691855803132,1193.16162106518,1195.394382649122,0.6313558667898178,0.6771931890398264,1198.9996338838223,1199.5457751150775,0.25564052630215883,0.668796431273222,1194.5230713670103,1199.445729663029,-2.7887990698218346,2.0642461255192757,1158.2492685379386,1216.0721942285975
2022-09-08,2022,1193.16162109375,-0.6227198056876659,0.30634207651019096,1185.7315673653352,1196.8167771799313,1.3286162167787552,0.6978380493819714,1209.0141598839818,1201.487956876365,-0.8779994212090969,0.6114888470619917,1182.6856689664578,1200.4576713341623,-3.8407959043979645,2.04771738499403,1147.334718417933,1217.5941990399633
2022-09-09,2022,1185.7315673828125,1.1189772747457027,0.3071536775678396,1198.9996341613123,1189.3735854981117,0.7414413150399923,0.6916547194123268,1194.52307110886,1193.9327357281775,-2.7283743023872375,0.5383409559726715,1153.3803720030464,1192.1148460379309,-5.051962286233902,2.036122605204582,1125.8288557826627,1209.8745158633405
2022-09-12,2022,1198.9996337890625,0.8352401666343212,0.3219794947654009,1209.0141603282673,1202.8601667521755,-1.3606313616037369,0.6838568486273289,1182.6856687462146,1207.1990748997455,-3.6796830594539642,0.47008730471134186,1154.8802473816113,1204.6359788510404,-8.49483385682106,2.0514264702796936,1097.1466069547887,1223.596229655168
2022-09-13,2022,1209.01416015625,-1.1985871940851212,0.29798236209899187,1194.5230712579414,1212.6168091087948,-4.601582884788513,0.6935925222933292,1153.3803714878304,1217.3997919645612,-4.462258890271187,0.45993318781256676,1155.0648183100402,1214.574817524162,-8.531342446804047,2.201395481824875,1105.8690219229684,1235.6293432525526
2022-09-14,2022,1194.5230712890625,-0.9909731335937977,0.26625669561326504,1182.6856685780085,1197.703568947015,-3.3187154680490494,0.7335031405091286,1154.8802493527778,1203.2849355310739,-3.0366767197847366,0.485904049128294,1158.24926727077,1200.3273072602278,-9.88660529255867,2.1859029307961464,1076.4252901021637,1220.6341861134063
2022-09-15,2022,1182.6856689453125,-2.477860264480114,0.2496374538168311,1153.3803707008158,1185.6380953359242,-2.3354345932602882,0.719095952808857,1155.0648187032318,1191.1903137251486,-2.9890403151512146,0.4764865152537823,1147.3347174990213,1188.321006675676,-9.263666719198227,2.265774831175804,1073.1256102384987,1209.4826631641986
2022-09-16,2022,1153.38037109375,0.13004190986976027,0.23102895356714725,1154.8802489563832,1156.0450136957368,0.4221414215862751,0.7398942951112986,1158.2492673885822,1161.9141666604062,-2.3887621238827705,0.44361623004078865,1125.828857644764,1158.4969536140266,-4.859548062086105,2.2761106491088867,1097.3312976217821,1179.6325845449464
2022-09-19,2022,1154.8802490234375,0.015981770411599427,0.19183838739991188,1155.0648193333652,1157.0957526695643,-0.6533605512231588,0.7695413660258055,1147.3347170624506,1163.7675302677346,-4.999101907014847,0.47760847955942154,1097.146608470769,1160.3960550215304,-5.312786623835564,2.326202020049095,1093.5239256320015,1181.7450967053687
2022-09-20,2022,1155.0648193359375,0.2756943227723241,0.14997569378465414,1158.249267467187,1156.7971358123991,-2.5311101227998734,0.8261682465672493,1125.8288567688255,1164.6075981005604,-4.259137809276581,0.5308146588504314,1105.8690168939484,1161.1960727161968,-3.5819128155708313,2.4284612387418747,1113.6914045439935,1183.1151207558546
2022-09-21,2022,1158.249267578125,-0.9423317387700081,0.13354846742004156,1147.3347171156652,1159.7960917238795,-5.275432765483856,0.8650831878185272,1097.1466062103318,1168.2690872649746,-7.064452767372131,0.5866535007953644,1076.4252951416347,1165.0441774543087,-3.492388129234314,2.476600557565689,1117.7987076502832,1186.9344753969654
2022-09-22,2022,1147.334716796875,-1.874418929219246,0.14132973738014698,1125.8288576837303,1148.9562419389954,-3.6140888929367065,0.8929467760026455,1105.8690202323123,1157.5798051604718,-6.467956304550171,0.5974462255835533,1073.1256086475187,1154.1894247571877,-2.1620145067572594,2.5561999529600143,1122.5291737786642,1176.6628862879306
2022-09-23,2022,1125.828857421875,-2.547656372189522,0.10715223615989089,1097.1466067958181,1127.0352082179359,-4.388194903731346,0.9143687784671783,1076.4252928757514,1136.1230849931144,-2.531251311302185,0.5708070006221533,1097.3312997053654,1132.2551673550633,-1.3814258389174938,2.541441097855568,1110.2763666834596,1154.4411346959123
2022-09-26,2022,1097.1466064453125,0.7950088009238243,0.0755211862269789,1105.8690185255898,1097.975184577149,-2.18940619379282,0.9751283563673496,1073.125610688811,1107.8451941156827,-0.3301911288872361,0.547258835285902,1093.5239256799427,1103.150838185124,-0.818140059709549,2.631007879972458,1088.1704105442395,1126.012620115739
2022-09-27,2022,1105.8690185546875,-2.662496641278267,0.05438365042209625,1076.425293078732,1106.4704304958645,-0.7720371708273888,0.9994151070713997,1097.3312986707813,1116.9212405905453,0.707352114841342,0.4432988353073597,1113.6914064448092,1110.7713230339655,-0.8763722144067287,2.777291461825371,1096.177489748342,1136.5822243859789
2022-09-28,2022,1076.42529296875,-0.30654079746454954,0.108893564902246,1073.1256102915736,1077.597450843773,1.588464342057705,1.001785695552826,1093.5239249164488,1087.2087675770235,3.8435935974121094,0.5112532060593367,1117.7987066102214,1081.9285517898863,2.1586794406175613,2.8973881155252457,1099.6618644616738,1107.6135114797344
2022-09-29,2022,1073.1256103515625,2.255624905228615,0.09417107794433832,1097.331298883039,1074.1361843065274,3.7801533937454224,1.013478823006153,1113.6914045304184,1084.001511156731,4.603707417845726,0.5924987141042948,1122.5291736781196,1079.4838657936193,1.952430047094822,2.8486019000411034,1094.077637211136,1103.6946868778648
2022-09-30,2022,1097.331298828125,-0.3469666000455618,0.15436207177117467,1093.5239257293451,1099.0251621551897,1.8651984632015228,1.0064736008644104,1117.7987053500965,1108.3756486648526,1.1796864680945873,0.7024743594229221,1110.276367670567,1105.039769840315,1.3037445023655891,2.9244495555758476,1111.6376953093336,1129.4221991198988
2022-10-03,2022,1093.52392578125,1.8442651256918907,0.1396923791617155,1113.6914061855305,1095.0514953698764,2.652456797659397,1.0245274752378464,1122.5291754846667,1104.7273788491784,-0.489565497264266,0.7205544970929623,1088.1704099362953,1101.4033616052543,3.4500882029533386,2.8846245259046555,1131.2514657411011,1125.0679851409714
2022-10-04,2022,1113.69140625,0.36880052648484707,0.12405633460730314,1117.7987060196665,1115.0730109874303,-0.3066414035856724,1.0222024284303188,1110.276367290262,1125.0755868499073,-1.5726003795862198,0.7213472854346037,1096.1774909678934,1121.7249889771028,3.3441077917814255,2.79732309281826,1150.9344473428064,1144.8449531397637
2022-10-06,2022,1117.7987060546875,0.4231950268149376,0.1016004360280931,1122.5291745885127,1118.9343944139555,-2.6505932211875916,1.0278105735778809,1088.1704093254793,1129.2875593468343,-1.6225498169660568,0.6767483428120613,1099.6618651955482,1125.3633902738873,3.240993618965149,2.6163358241319656,1154.026490790795,1147.0440740428799
2022-10-07,2022,1122.5291748046875,-1.0915357619524002,0.09785661241039634,1110.2763674233452,1123.6276438284697,-2.3475278168916702,1.033044420182705,1096.177490173423,1134.1253998099303,-2.5345923379063606,0.7360265590250492,1094.0776363493244,1130.7912876640548,1.6136569902300835,2.546577900648117,1140.6429453012954,1151.1152546985913
2022-10-10,2022,1110.2763671875,-1.9910318776965141,0.06903131143189967,1088.170410786266,1111.042805524288,-0.9560233913362026,1.0106946341693401,1099.6618654087097,1121.4978708551143,0.12261164374649525,0.7128705270588398,1111.6376952914375,1118.1912001780793,3.0779678374528885,2.4650853127241135,1144.4503166763716,1137.645626845686
2022-10-11,2022,1088.17041015625,0.7358296308666468,0.06995848380029202,1096.1774904685028,1088.9316776763587,0.5428585689514875,0.9331647306680679,1094.0776364725778,1098.3248326333942,3.959035500884056,0.6320519372820854,1131.2514630044516,1095.048212314573,3.547651320695877,2.3367028683423996,1126.77490208358,1113.5977193428243
2022-10-12,2022,1096.177490234375,0.31786595936864614,0.05973915685899556,1099.6618653300916,1096.832337424719,1.4103742316365242,0.8776551112532616,1111.6376950896406,1105.7981480058247,4.9952637404203415,0.5997820757329464,1150.9344469347025,1102.75216633902,3.1954526901245117,2.324541099369526,1131.2053233346087,1121.6585865169104
2022-10-13,2022,1099.661865234375,-0.5078132264316082,0.050885172095149755,1094.0776368366903,1100.2214300669643,2.8726648539304733,0.8183435536921024,1131.2514651490392,1108.6608772209308,4.943758249282837,0.5475857295095921,1154.026489411117,1105.6834566812574,6.01603165268898,2.1956002339720726,1165.817871119425,1123.8060437203626
2022-10-14,2022,1094.07763671875,1.6050102189183235,0.04034909652546048,1111.637694590986,1094.5190871604532,5.1967803388834,0.7538637146353722,1150.9344482358701,1102.3254910319129,4.256124794483185,0.43158456683158875,1140.6429462860324,1098.799506947984,7.546299695968628,2.2226568311452866,1176.6400140921178,1118.3952280493122
2022-10-17,2022,1111.6376953125,1.764403097331524,0.0902809260878712,1131.2514652396985,1112.64129211857,3.8131844252347946,0.6916404701769352,1154.0264907751953,1119.3262314950234,2.9517371207475662,0.5326182581484318,1144.4503178132618,1117.5584806421948,5.027509853243828,2.147578075528145,1167.5253899767085,1135.5109827363376
2022-10-18,2022,1131.25146484375,1.7399299889802933,0.09913521353155375,1150.9344483313453,1132.3729333990018,0.8301849476993084,0.6826534401625395,1140.6429442255107,1138.973991885395,-0.3957177046686411,0.5500159226357937,1126.77490251304,1137.4735280254413,3.851093351840973,2.1530304104089737,1174.8170147989513,1155.607652900033
2022-10-19,2022,1150.9344482421875,0.26865482795983553,0.13422128977254033,1154.026489204043,1152.4792473030545,-0.5633797030895948,0.6378214340656996,1144.4503171649249,1158.275354845122,-1.7141832038760185,0.6189562380313873,1131.2053232427968,1158.0582288052346,2.4559909477829933,1.9856473430991173,1179.2012941059318,1173.787947534521
2022-10-20,2022,1154.0264892578125,-1.1597259901463985,0.10432113194838166,1140.6429441287155,1155.2303827543903,-2.3614350706338882,0.6166825536638498,1126.7749030160735,1161.1431692817248,1.0217600502073765,0.6144278217107058,1165.8178708938594,1161.1171490777238,3.685116767883301,1.882236823439598,1196.5537129192671,1175.7480007908703
2022-10-21,2022,1140.6429443359375,0.33379183150827885,0.1476672594435513,1144.4503173108064,1142.3273005118747,-0.8273949846625328,0.570706045255065,1131.205321821595,1147.152662574038,3.1558580696582794,0.6327870301902294,1176.640016740751,1147.8607849484752,5.462050065398216,1.811850443482399,1202.9454330229987,1161.3096885814389
2022-10-24,2022,1144.4503173828125,-1.5444458462297916,0.1612180727533996,1126.77490199383,1146.2953781281171,1.867058128118515,0.5332233384251595,1165.8178700557864,1150.5527935717785,2.0162582397460938,0.6410080939531326,1167.5253912068438,1151.7863365485086,5.006358772516251,1.6827931627631187,1201.745606244197,1163.7090490749513
2022-10-25,2022,1126.77490234375,0.39319475181400776,0.18395499791949987,1131.205322124523,1128.8476610919138,4.425472393631935,0.468843849375844,1176.6400145853459,1132.0577171696993,4.263683408498764,0.5753779783844948,1174.8170169061086,1133.2581169977993,5.3634025156497955,1.6124334186315536,1187.2083758017652,1144.9433974218937
2022-10-27,2022,1131.205322265625,3.059793636202812,0.1633764710277319,1165.817870728696,1133.0534456012206,3.2107405364513397,0.4399864934384823,1167.5253900981024,1136.182472896651,4.242905229330063,0.576259708032012,1179.2012920384932,1137.7240027529556,7.370014488697052,1.6646968200802803,1214.5753184135137,1150.0364612939597
2022-10-28,2022,1165.81787109375,0.9282876737415791,0.18432553624734282,1176.6400146893898,1167.9667711363109,0.7719169370830059,0.3903554053977132,1174.8170166962632,1170.368704170657,2.636418677866459,0.7091604173183441,1196.5537111971707,1174.0853899735703,3.6775290966033936,1.6569389030337334,1208.691162516625,1185.134760938422
2022-10-31,2022,1176.6400146484375,-0.7746314629912376,0.15677734045311809,1167.525390888826,1178.4847195701104,0.21767739672213793,0.4294294398277998,1179.2012940011152,1181.692853272132,2.2356387227773666,0.7023065350949764,1202.9454344436112,1184.9036343658559,2.2631000727415085,1.6670195385813713,1203.268555675852,1196.2548335913937
2022-11-01,2022,1167.525390625,0.6245368160307407,0.1606989069841802,1174.8170165259598,1169.4015911664972,2.4863116443157196,0.4278642125427723,1196.553710362452,1172.5208139438346,2.9310038313269615,0.5835406947880983,1201.7456045559338,1174.3383764012806,2.4705030024051666,1.7259461805224419,1196.3691404542333,1187.676250511122
2022-11-02,2022,1174.8170166015625,0.3731881035491824,0.15139462193474174,1179.201293945991,1176.5956263822713,2.394280768930912,0.4597354680299759,1202.9454345001816,1180.2180671113315,1.0547478683292866,0.5740287713706493,1187.208374040937,1181.5608042878139,2.0977023988962173,1.8002483993768692,1199.4611813414544,1195.9666411385392
2022-11-03,2022,1179.2012939453125,1.4715398661792278,0.15746781136840582,1196.5537110882192,1181.0581564145161,1.9118288531899452,0.5613612942397594,1201.7456045201482,1185.820873590696,2.99982912838459,0.5987330339848995,1214.575317843372,1186.2615616293406,1.663309708237648,1.6223927959799767,1198.8150635471688,1198.332570788384
2022-11-04,2022,1196.5537109375,0.5341777577996254,0.18829306354746222,1202.9454347214541,1198.806738576815,-0.7810210809111595,0.6114779971539974,1187.2083742106533,1203.8703736040125,1.0143673978745937,0.6194175686687231,1208.6911616793086,1203.9653748416044,-1.6141122207045555,1.4166808687150478,1177.239991261964,1213.5050584442515
2022-11-07,2022,1202.9454345703125,-0.09974094573408365,0.1821218873374164,1201.7456054172071,1205.1362614993911,0.9667838923633099,0.6495281588286161,1214.5753172656582,1210.75890390319,0.026860745856538415,0.6872300058603287,1203.2685546862854,1211.2124365508066,-1.5940284356474876,1.3148488476872444,1183.7701422779385,1218.7623487550666
2022-11-09,2022,1201.74560546875,-1.2096762657165527,0.1854976173490286,1187.2083741051028,1203.9748149334912,0.5779556464403868,0.6802220363169909,1208.6911620514059,1209.9201438976195,-0.44738794676959515,0.7145666517317295,1196.3691404790495,1210.3328788040812,-1.8030006438493729,1.2715443037450314,1180.078124464717,1217.0263332605941
2022-11-10,2022,1187.2083740234375,2.3051507771015167,0.1929972437210381,1214.575317083053,1189.4996534625282,1.3527684845030308,0.7063604891300201,1203.2685547526075,1195.594344901182,1.0320688597857952,0.7514915894716978,1199.4611819525026,1196.1301451037273,0.25655971840023994,1.2174430303275585,1190.2542724846562,1201.6619596284509
2022-11-11,2022,1214.5753173828125,-0.48446194268763065,0.18046258483082056,1208.6911622048153,1216.7671713952786,-1.4989746734499931,0.6859472021460533,1196.3691409852693,1222.9066627903564,-1.2975937686860561,0.7356203161180019,1198.8150637484541,1223.5099801720353,-0.539558520540595,1.1286201886832714,1208.0219727694905,1228.283259621559
2022-11-14,2022,1208.691162109375,-0.44863466173410416,0.16426529036834836,1203.2685546028356,1210.6766221564706,-0.7636343128979206,0.6514147389680147,1199.4611816585432,1216.5647544879594,-2.6020850986242294,0.6753756664693356,1177.239989491739,1216.8543681010271,3.3790908753871918,1.1022180318832397,1249.5339348798243,1222.0135740479236
2022-11-15,2022,1203.2685546875,-0.5733893718570471,0.1656695152632892,1196.369140680024,1205.2620038693663,-0.37011613603681326,0.6058681290596724,1198.8150636067446,1210.5587753673485,-1.6204539686441422,0.592343881726265,1183.7701416396194,1210.3960423519275,4.023312404751778,1.1147961020469666,1251.6798077107196,1216.6825456323131
2022-11-16,2022,1196.369140625,0.2584520960226655,0.1859359908849001,1199.4611817451137,1198.5936214412623,-1.5989337116479874,0.5548108834773302,1177.2399911197936,1203.0067268237517,-1.3617048040032387,0.4655865952372551,1180.078124563497,1201.9392749733051,5.361926928162575,1.1570531874895096,1260.517579736399,1210.2117679007424
2022-11-17,2022,1199.461181640625,-0.05386736593209207,0.2016348298639059,1198.8150634966973,1201.8797131535098,-1.3081740587949753,0.5429774057120085,1183.7701416170867,1205.97398484722,-0.7675870787352324,0.46559199690818787,1190.2542725959065,1205.0457769083641,4.780589044094086,1.2079553678631783,1256.8024914782982,1213.950137369688
2022-11-18,2022,1198.8150634765625,-1.7996998503804207,0.2133263973519206,1177.2399905728369,1201.3724524623892,-1.5629548579454422,0.5178301129490137,1180.0781252041738,1205.022888873813,0.7680007722228765,0.4977974109351635,1208.0219724215867,1204.7827338244497,4.792787879705429,1.194777525961399,1256.2717265389501,1213.1382364328203
2022-11-21,2022,1177.239990234375,0.5547001026570797,0.22536288015544415,1183.7701416687253,1179.8930521827087,1.105490978807211,0.4812209401279688,1190.254272125327,1182.9051155829434,6.140969321131706,0.5267740227282047,1249.5339368707619,1183.4413846880977,5.156994983553886,1.1975659057497978,1237.950197475152,1191.3382149862741
2022-11-22,2022,1183.7701416015625,-0.31188628636300564,0.24352085310965776,1180.0781248678472,1186.652868749248,2.0486943423748016,0.471901660785079,1208.021973519276,1189.3563725596582,5.736727640032768,0.5889792460948229,1251.6798105092744,1190.742302057063,4.879048094153404,1.2881513684988022,1241.5268561345306,1199.0188928804832
2022-11-23,2022,1180.078125,0.8623282425105572,0.24534363765269518,1190.254271955564,1182.9733715990187,5.885696038603783,0.4817761015146971,1249.5339364555548,1185.7634593854527,6.816451251506805,0.6364857312291861,1260.5175751203205,1187.589153882982,3.6546051502227783,1.3194062747061253,1223.2053209329024,1195.6481498276844
2022-11-24,2022,1190.2542724609375,1.4927650801837444,0.2632527379319072,1208.0219726056293,1193.3876494215424,5.160707235336304,0.4940509330481291,1251.6798108187286,1196.134734799676,5.591092631220818,0.6046335212886333,1256.802491381292,1197.4509487808064,2.719935216009617,1.3663938269019127,1222.6284175776616,1206.51783336428
2022-11-25,2022,1208.02197265625,3.4363582730293274,0.26373688597232103,1249.5339356536351,1211.2079721887949,4.345583543181419,0.5239773076027632,1260.5175766980155,1214.351733663824,3.9941124618053436,0.6028709933161736,1256.27172880746,1215.3047867222804,-0.324723357334733,1.5058447606861591,1204.0992431492994,1226.2129082394317
2022-11-28,2022,1249.533935546875,0.1717339502647519,0.35807855892926455,1251.6798095342883,1254.0082486566134,0.581701286137104,0.5199573468416929,1256.8024905206707,1256.030979046031,-0.9270448237657547,0.47532878816127777,1237.9501958761912,1255.4733300603739,-3.4884002059698105,1.7294084653258324,1205.9451911655951,1271.1434812053417
2022-11-29,2022,1251.6798095703125,0.7060726173222065,0.33229971304535866,1260.517577962239,1255.8391379857612,0.36686051171272993,0.48853037878870964,1256.271728524707,1257.7946456852283,-0.811146292835474,0.43744221329689026,1241.526855196813,1257.1551854326872,-3.2150935381650925,1.7788311466574669,1211.4371328943002,1273.945079879372
2022-11-30,2022,1260.517578125,-0.2947271801531315,0.3130159806460142,1256.8024902116576,1264.4631995833834,-1.7903266474604607,0.4629697650671005,1237.950196027905,1266.3533933950748,-2.960074134171009,0.37598302587866783,1223.205323338243,1265.2569102569669,-4.241489619016647,1.8482351675629616,1207.052855902948,1283.8149072972192
2022-12-01,2022,1256.802490234375,-0.042231116094626486,0.26315466966480017,1256.2717285156439,1260.1098246758902,-1.215436402708292,0.4689109046012163,1241.526855257922,1262.6957741603837,-2.71912831813097,0.4605916328728199,1222.628417819437,1262.5912173461318,-5.322587117552757,1.7044499516487122,1189.908082796078,1278.2240596714946
2022-12-02,2022,1256.271728515625,-1.4584052376449108,0.24363819975405931,1237.9501958279009,1259.3324863389996,-2.6321062818169594,0.49309786409139633,1223.2053214326747,1262.4663775761196,-4.152961820363998,0.5114906467497349,1204.0992432703442,1262.6974409047436,-5.750969424843788,1.6493093222379684,1184.0239255157348,1276.9915352466733
2022-12-05,2022,1237.9501953125,0.2889179391786456,0.22664926946163177,1241.526855504855,1240.7560003864746,-1.2376731261610985,0.48537380062043667,1222.6284184298584,1243.9588812252764,-2.5853224098682404,0.5105174146592617,1205.9451914900783,1244.2701466443787,-3.0997738242149353,1.6051918268203735,1199.5765392013855,1257.821670667763
2022-12-06,2022,1241.52685546875,-1.475725881755352,0.23272845428436995,1223.2053223336543,1244.4162417290077,-3.0146438628435135,0.5100777372717857,1204.0992423148073,1247.8596075607466,-2.423606254160404,0.5496428813785315,1211.4371329525284,1248.3508194502367,-2.542557008564472,1.6039347276091576,1209.9603273918192,1261.4401358562072
2022-12-07,2022,1223.205322265625,-0.04716332477983087,0.23468181025236845,1222.6284179667607,1226.0759626590213,-1.411057636141777,0.5140343680977821,1205.9451901601033,1229.4930180144715,-1.3205031864345074,0.553919468075037,1207.052857008471,1229.9808946801843,-2.490095794200897,1.614958792924881,1192.7463379814471,1242.9595841730788
2022-12-08,2022,1222.62841796875,-1.5155197121202946,0.24527311325073242,1204.099243288449,1225.6271967529901,-0.9153462946414948,0.5334816407412291,1211.4371340476391,1229.1509161130982,-2.676228992640972,0.5749588832259178,1189.9080817748027,1229.6580286667058,-2.696986310184002,1.576884277164936,1189.6542969117136,1241.9078532598496
2022-12-09,2022,1204.0992431640625,0.15330524183809757,0.2719211857765913,1205.9451904207658,1207.3734441040012,0.24529648944735527,0.5499131046235561,1207.0528563370062,1210.7207426948949,-1.667247712612152,0.5355852656066418,1184.0239260748294,1210.5482212937304,-4.097199812531471,1.5947671607136726,1154.7648912304517,1223.3018224764448
2022-12-12,2022,1205.9451904296875,0.4554057028144598,0.2746513579040766,1211.437133599721,1209.2573352707816,-1.329837366938591,0.5822850856930017,1189.9080806625548,1212.9672294151917,-0.5281046032905579,0.5444593727588654,1199.5765383658672,1212.5110720493167,-3.407829627394676,1.640600524842739,1164.8486329400835,1225.7299335531927
2022-12-13,2022,1211.4371337890625,-0.3619071329012513,0.26522320695221424,1207.0528563912653,1214.6501462055078,-2.26286668330431,0.6397141143679619,1184.0239264993731,1219.1868681206058,-0.12190535198897123,0.5756513681262732,1209.9603270869918,1218.410788223709,-3.059050254523754,1.7566859722137451,1174.378663064493,1232.7182799805232
2022-12-14,2022,1207.0528564453125,-1.4203831553459167,0.2441147342324257,1189.9080809962416,1209.9994503178689,-0.6193861830979586,0.6840077694505453,1199.576537829801,1215.3091917647732,-1.1852437630295753,0.6056901067495346,1192.746337747824,1214.3638561800394,-2.7164967730641365,1.92718505859375,1174.263304550797,1230.3149987440556
2022-12-15,2022,1189.9080810546875,-0.4945050459355116,0.23512186016887426,1184.0239255518777,1192.705815069163,1.685192808508873,0.6991100963205099,1209.960326464487,1198.2268485862744,-0.021328049479052424,0.6482673343271017,1189.654296870405,1197.6218664526834,-1.3593938201665878,2.01013907790184,1173.7325441351672,1213.8268883830797
2022-12-16,2022,1184.02392578125,1.3135386630892754,0.23910794407129288,1199.5765378266142,1186.8550210474978,0.7366753183305264,0.746682845056057,1192.7463378056086,1192.8648293164179,-2.4711521342396736,0.6814987864345312,1154.7648932693983,1192.0930344665437,-0.717179523780942,2.2384721785783768,1175.5323486288796,1210.5279719475748
2022-12-19,2022,1199.5765380859375,0.8656212128698826,0.22686009760946035,1209.9603270642197,1202.2978985911395,-0.8271452970802784,0.8322471752762794,1189.6542971662811,1209.5599799394347,-2.895013801753521,0.7986670359969139,1164.8486317457525,1209.1571604671828,-0.9002403356134892,2.403893694281578,1188.7774662335319,1228.4130828430666
2022-12-20,2022,1209.9603271484375,-1.4226904138922691,0.22819468285888433,1192.7463375621971,1212.7213922796923,-4.561755806207657,0.8777840062975883,1154.7648916719345,1220.5811653826925,-2.940729819238186,0.8398707956075668,1174.3786630070315,1220.122430574595,-2.4696843698620796,2.518646791577339,1180.0781260673205,1240.4349541075203
2022-12-21,2022,1192.746337890625,-0.2592371078208089,0.2269607735797763,1189.6542967806388,1195.453404205946,-2.338946983218193,0.9025362320244312,1164.8486334030868,1203.5113057462324,-1.5496197156608105,0.8545025251805782,1174.2633054808496,1202.9383854668993,-2.5517506524920464,2.568749152123928,1162.310425430926,1223.3849993321796
2022-12-22,2022,1189.654296875,-2.932734601199627,0.21640420891344547,1154.7648936758887,1192.2287588449572,-1.2840397655963898,0.9233458898961544,1174.3786626299989,1200.6389209291683,-1.3383512385189533,0.8778735995292664,1173.7325438586795,1200.0979578729311,-2.473042346537113,2.5395140051841736,1160.233642335883,1219.865734357416
2022-12-23,2022,1154.764892578125,0.8732288144528866,0.2192910760641098,1164.848632359303,1157.2971889370701,1.68851800262928,0.9381642565131187,1174.2633056773493,1165.598484047055,1.7984142526984215,0.8740668185055256,1175.5323489914076,1164.8583093359014,1.3867790810763836,2.5504976511001587,1170.7789305440126,1184.2171440390593
2022-12-26,2022,1164.8486328125,0.8181345649063587,0.19819349981844425,1174.3786621063782,1167.1572870854584,0.7626665756106377,0.966411642730236,1173.7325439914184,1176.105865620184,2.0542439073324203,0.9169716387987137,1188.7774648816958,1175.5299644103252,2.882271260023117,2.5134533643722534,1198.422730178827,1194.12655996377
2022-12-27,2022,1174.378662109375,-0.009822763968259096,0.1701569533906877,1174.2633056653024,1176.3769490620907,0.0982380355708301,0.9853444062173367,1175.5323486371942,1185.9503365642797,0.48531731590628624,0.9530048817396164,1180.0781251109004,1185.5705480893857,0.538370618596673,2.4627860635519028,1180.7011717772407,1203.301096133132
2022-12-28,2022,1174.2633056640625,-0.04519954964052886,0.1349375699646771,1173.7325439383083,1175.8478280337124,1.236022636294365,1.0035086423158646,1188.7774659317688,1186.0471394199453,-1.0179046541452408,0.9494124911725521,1162.3104248237883,1185.411908167293,-0.7192112971097231,2.4764055386185646,1165.8178713119125,1203.3428272034928
2022-12-29,2022,1173.7325439453125,0.1533402712084353,0.13669523177668452,1175.5323486114598,1175.336980366697,0.5406326148658991,0.9765885770320892,1180.078124889176,1185.1950818943906,-1.1500832624733448,0.9841383434832096,1160.233642411195,1185.2836959602191,-2.819177135825157,2.445433847606182,1140.6429444306673,1202.4353968553203
2022-12-30,2022,1175.5323486328125,1.1267335154116154,0.11810115538537502,1188.7774655893636,1176.9206659184767,-1.1247605085372925,0.9543880820274353,1162.3104250103097,1186.7514892685413,-0.40436298586428165,0.9549721144139767,1170.7789309280804,1186.7583547581717,-3.1249970197677612,2.457485720515251,1138.7969977716311,1204.4208882405014
2023-01-02,2023,1188.7774658203125,-0.7317888550460339,0.24866568855941296,1180.0781248141407,1191.7335474911338,-2.4011073634028435,0.7217936683446169,1160.2336425540273,1197.357986299311,0.8113599382340908,0.7427031639963388,1198.422729932733,1197.6065536718354,-5.11665865778923,1.6643021255731583,1127.95178069357,1208.5623144522947
2023-01-03,2023,1180.078125,-1.5056376345455647,0.2435202244669199,1162.3104246329603,1182.951853898885,-0.7880151271820068,0.690800417214632,1170.7789308624342,1188.2301096109586,0.05279708420857787,0.7504058070480824,1180.7011718413833,1188.9334997777041,-3.060162253677845,1.6408951953053474,1143.9658196548407,1199.4419702539744
2023-01-04,2023,1162.3104248046875,-0.17867707647383213,0.22411318495869637,1160.2336425180958,1164.9153157168244,3.106941469013691,0.6159544456750154,1198.4227293916135,1169.4697275388162,0.3017650218680501,0.7881629280745983,1165.817871112274,1171.4713246821443,-1.7410853877663612,1.6904579475522041,1142.073607837928,1181.9587937560261
2023-01-05,2023,1160.233642578125,0.908893533051014,0.23206609766930342,1170.7789311237998,1162.9261515163025,1.7640868201851845,0.5768844857811928,1180.7011713502002,1166.9268504609722,-1.688513159751892,0.7988672703504562,1140.6429448393246,1169.5023694082765,-1.6706060618162155,1.747938059270382,1140.8507090139838,1180.5138079932071
2023-01-06,2023,1170.7789306640625,2.3611459881067276,0.22014672867953777,1198.4227304150359,1173.3563621799888,-0.4237400833517313,0.5089659709483385,1165.8178710474021,1176.7377970161754,-2.7316799387335777,0.7527454290539026,1138.7969974881928,1179.5919155489623,-3.7151623517274857,1.6208773478865623,1127.2825926100736,1189.7558211450248
2023-01-09,2023,1198.4227294921875,-1.478740107268095,0.19484618678689003,1180.7011719365696,1200.7578104821905,-4.821319133043289,0.4801275674253702,1140.642945140441,1204.1766873907711,-5.880308151245117,0.626806216314435,1127.9517800434842,1205.9345176583697,-6.411737948656082,1.4638718217611313,1121.583004560017,1215.9661021348043
2023-01-10,2023,1180.701171875,-1.2605476193130016,0.18157134763896465,1165.817871361729,1182.8449869043625,-3.549092262983322,0.44429898262023926,1138.796997935031,1185.9470151694259,-3.1113166362047195,0.6403923034667969,1143.965819890589,1188.2622913066298,-5.567928776144981,1.6529083251953125,1114.9605715658909,1200.2170798406005
2023-01-11,2023,1165.81787109375,-2.159421890974045,0.19047862151637673,1140.642944776464,1168.038504904001,-3.2480277121067047,0.43221008963882923,1127.9517835679326,1170.8566535594298,-2.036704309284687,0.6425346247851849,1142.0736082747726,1173.3086545774609,-5.684548616409302,1.6952106729149818,1099.5463874326379,1185.5809400712815
2023-01-12,2023,1140.6429443359375,-0.16183392144739628,0.18302935641258955,1138.7969971294056,1142.7306557759212,0.29131604824215174,0.4528019577264786,1143.9658202859298,1145.8077979185596,0.018214610463473946,0.6576559972018003,1140.8507080050274,1148.144451066022,-5.431699752807617,1.7059547826647758,1078.6866443480249,1160.1017971979647
2023-01-13,2023,1138.7969970703125,-0.9523396380245686,0.1929624704644084,1127.9517818705785,1140.9944478894338,0.28772568330168724,0.4219663795083761,1142.0736085115523,1143.6023375288003,-1.0111024603247643,0.6536344066262245,1127.28259261483,1146.2405660647903,-4.3706391006708145,1.5074357390403748,1089.0242902390924,1155.963629999269
2023-01-16,2023,1127.9517822265625,1.4197449199855328,0.18424007575958967,1143.9658203546105,1130.0299214446684,1.1435707099735737,0.4038214683532715,1140.8507084307303,1132.5066936758667,-0.5646318197250366,0.6752647459506989,1121.5830075529557,1135.568442963261,-3.692568466067314,1.3803550973534584,1086.3013904036202,1143.521522148216
2023-01-17,2023,1143.9658203125,-0.16540808137506247,0.17782642971724272,1142.0736083975346,1146.0000938879473,-1.4583676122128963,0.39567467756569386,1127.282593294277,1148.4922033834832,-2.535499632358551,0.6715268362313509,1114.960571144169,1151.6478577932126,-5.603514984250069,1.3007010333240032,1079.8635241565898,1158.845395558178
2023-01-18,2023,1142.0736083984375,-0.10707719484344125,0.16994973411783576,1140.8507080155173,1144.0145594593407,-1.794157549738884,0.3830502275377512,1121.5830085297816,1146.4483239540564,-3.723684698343277,0.6525468546897173,1099.546388198688,1149.526173808283,-5.970413982868195,1.223217137157917,1073.8870859879698,1156.043648495325
2023-01-19,2023,1140.8507080078125,-1.189298089593649,0.1488798181526363,1127.2825923323599,1142.5492044672876,-2.2693712264299393,0.3780411556363106,1114.960570303761,1145.1635932084503,-5.448921769857407,0.6774769630283117,1078.6866454176024,1148.5797087371109,-5.786697566509247,1.3397020287811756,1074.833127850021,1156.1347080883575
2023-01-20,2023,1127.2825927734375,-0.5056038964539766,0.14664939371868968,1121.5830080603275,1128.935745861236,-2.460448443889618,0.4155432805418968,1099.546385761305,1131.966939840426,-3.3938519656658173,0.6853599101305008,1089.0242903399876,1135.0085357381863,-5.371220037341118,1.4903595671057701,1066.7337642729321,1144.0831567431544
2023-01-23,2023,1121.5830078125,-0.5904544144868851,0.11738197645172477,1114.9605714307363,1122.8995441146171,-3.8246266543865204,0.4191745538264513,1078.686645144633,1126.2843983812913,-3.1456980854272842,0.6083069369196892,1086.3013926092644,1128.405675052336,-5.118704587221146,1.415345910936594,1064.1724869421087,1137.4572870513339
2023-01-24,2023,1114.9605712890625,-1.3824869878590107,0.1225197222083807,1099.5463864712328,1116.326617883739,-2.3262059316039085,0.45942477881908417,1089.0242923446915,1120.0829764276273,-3.1478285789489746,0.5882445257157087,1079.8635237820126,1121.519265813559,-2.6490632444620132,1.4151539653539658,1085.4245606048003,1130.738980025793
2023-01-25,2023,1099.54638671875,-1.8971225246787071,0.148270046338439,1078.6866445470177,1101.1766846558505,-1.2045872397720814,0.47785425558686256,1086.301391248961,1104.8006159198371,-2.3336261510849,0.6079358980059624,1073.8870846949721,1106.2309239188407,-1.1122528463602066,1.4530878514051437,1087.31665073542,1115.5237616847244
2023-01-27,2023,1078.6866455078125,0.9583549574017525,0.16126935370266438,1089.0242924498673,1080.4262364894998,0.1091030309908092,0.5042287521064281,1079.8635253329546,1084.1256937195953,-0.3572414396330714,0.6116380449384451,1074.8331298062708,1085.2843034174086,-0.02994363894686103,1.4041691087186337,1078.3636474733137,1093.8332301639066
2023-01-30,2023,1089.0242919921875,-0.25003119371831417,0.13142969692125916,1086.301391555037,1090.4555933185518,-1.38997882604599,0.5224124062806368,1073.8870849229988,1094.7134900009646,-2.0468346774578094,0.546460784971714,1066.733765137752,1094.9753826867407,-1.5425353311002254,1.2303526513278484,1072.225707523944,1102.4231312423176
2023-01-31,2023,1086.3013916015625,-0.5926408804953098,0.12484577018767595,1079.8635254695423,1087.6575929404669,-1.0557163506746292,0.5210808012634516,1074.8331301928188,1091.961899597056,-2.037087082862854,0.5608041770756245,1064.1724862722876,1092.3934151812946,1.0302303358912468,1.1691292747855186,1097.4927980770506,1099.0016591831788
2023-02-01,2023,1079.863525390625,-0.5534440279006958,0.10930991265922785,1073.8870851998727,1081.0439232670683,-1.215872261673212,0.5350392311811447,1066.733764321474,1085.6412188946806,0.5149757489562035,0.5458869971334934,1085.4245606682102,1085.7583599625198,3.933919221162796,1.1130248196423054,1122.344484178293,1091.882674446487
2023-02-02,2023,1073.8870849609375,0.08809537976048887,0.10041557252407074,1074.8331298666326,1074.965434825563,-0.9046202525496483,0.5490397568792105,1064.1724849008658,1079.7831520013642,1.2505565769970417,0.5311645101755857,1087.3166505314384,1079.591192035609,4.430686309933662,1.0596232488751411,1121.4676530184474,1085.2662421798511
2023-02-03,2023,1074.8331298828125,-0.7535462733358145,0.10427298257127404,1066.7337648880018,1075.9538904450055,0.9854023344814777,0.5773524753749371,1085.424560636458,1081.038705564341,0.32847123220562935,0.5315577145665884,1078.3636475086928,1080.5464883034222,4.774576053023338,1.134767010807991,1126.1518551121585,1087.0299816619577
2023-02-06,2023,1066.7337646484375,-0.24010483175516129,0.09643035009503365,1064.1724853375529,1067.76241975227,1.9295241683721542,0.5590187851339579,1087.3166504495152,1072.697006780189,0.5148373078554869,0.517106568440795,1072.225708044339,1072.2499150132103,4.4539205729961395,1.1073773726820946,1114.2452392512105,1078.5465329849142
2023-02-07,2023,1064.1724853515625,1.9970517605543137,0.08787116967141628,1085.4245607056105,1065.1075861617624,1.33353965356946,0.5764978006482124,1078.3636474261011,1070.3074163247177,3.131100907921791,0.5216707941144705,1097.4927997022592,1069.7239624066438,5.559653788805008,1.162464264780283,1123.336791252831,1076.5431102093985
2023-02-08,2023,1085.424560546875,0.1743179513141513,0.09625960374251008,1087.3166504038809,1086.4693859277813,-1.216008234769106,0.5832375027239323,1072.2257085084186,1091.7551636477608,3.4014269709587097,0.49182926304638386,1122.3444842987265,1090.7629961639373,1.145853754132986,1.2008888646960258,1097.8619386221828,1098.4593032291582
2023-02-09,2023,1087.316650390625,-0.8234034292399883,0.11329826666042209,1078.3636478046112,1088.5485613086278,0.935895461589098,0.5782162304967642,1097.4927975747335,1093.6036917400775,3.1408514827489853,0.4796631634235382,1121.4676515265955,1092.5321078323195,0.4859835375100374,1.2348745949566364,1092.600830312129,1100.7436474730323
2023-02-10,2023,1078.3636474609375,-0.5691901315003633,0.11380491778254509,1072.2257079979024,1079.5908783233272,4.078479111194611,0.57882871478796,1122.3444835653481,1084.6055259022762,4.4315483421087265,0.46987831592559814,1126.1518538018959,1083.4306444071808,2.0135601982474327,1.2756231240928173,1100.0771486585802,1092.1195035097599
2023-02-13,2023,1072.2257080078125,2.3565085604786873,0.11987490579485893,1097.4927986046698,1073.5110375651952,4.592498019337654,0.5792658310383558,1121.4676524109004,1078.436745165911,3.918907418847084,0.46662744134664536,1114.2452408257163,1077.2290073945503,1.9153263419866562,1.3403154909610748,1092.762329438839,1086.5969152703083
2023-02-14,2023,1097.4927978515625,2.2644052281975746,0.1395883155055344,1122.3444821452051,1099.024769560878,2.611320838332176,0.5779498256742954,1126.1518559810552,1103.8357555635334,2.354821376502514,0.4222187213599682,1123.3367928609466,1102.1266179096692,-2.3359017446637154,1.453465223312378,1071.8564444389892,1113.444473996693
2023-02-15,2023,1122.344482421875,-0.0781249487772584,0.1562862191349268,1121.4676513698785,1124.0985521791217,-0.7216361351311207,0.5487093701958656,1114.2452390760684,1128.5028917628001,-2.181375212967396,0.4101090133190155,1097.861938078217,1126.9473183047758,-3.62054705619812,1.5467138029634953,1081.7094723031478,1139.7039394482933
2023-02-16,2023,1121.4676513671875,0.41768518276512623,0.15554077690467238,1126.1518555764524,1123.2119908648585,0.16666915034875274,0.5279143340885639,1123.3367919731572,1127.3880398509214,-2.574021741747856,0.43893102556467056,1092.600830194327,1126.3901208307095,-4.279746487736702,1.7538495361804962,1073.471678946697,1141.1365065691052
2023-02-17,2023,1126.15185546875,-1.0572833940386772,0.15534950653091073,1114.2452389092205,1127.9013268190095,-2.5120873004198074,0.5233490839600563,1097.8619377240775,1132.0455608883449,-2.315381169319153,0.44744042679667473,1100.0771474692883,1131.190714137238,-2.2457150742411613,1.800372451543808,1100.8616934916417,1146.4267832371588
2023-02-20,2023,1114.2452392578125,0.815938226878643,0.13479023473337293,1123.3367921060924,1115.7471330313135,-1.9425176084041595,0.4926975816488266,1092.6008292844244,1119.735098605273,-1.9280234351754189,0.5114984232932329,1092.7623299195955,1119.944586088236,-0.23608943447470665,1.8002565950155258,1111.6146239737873,1134.3045126621978
2023-02-21,2023,1123.3367919921875,-2.2677840664982796,0.07874590810388327,1097.8619392102758,1124.2213737501067,-2.0705850794911385,0.39488975889980793,1100.0771479847629,1127.7727339417183,-4.582805931568146,0.3680856432765722,1071.8564468572822,1127.4716334491543,-0.6881375797092915,1.3647460378706455,1115.6066893797883,1138.6674863528442
2023-02-22,2023,1097.8619384765625,-0.4792140331119299,0.013073848094791174,1092.600830003188,1098.0054712786894,-0.46450369991362095,0.32001673243939877,1092.7623291523955,1101.375280378771,-1.471265684813261,0.401880219578743,1081.709472509131,1102.2740284455836,-0.8260129019618034,1.234552450478077,1088.7934572190181,1111.415619940891
2023-02-23,2023,1092.600830078125,0.6842680275440216,-0.03835257375612855,1100.0771482270302,1092.1817895389092,-1.898624375462532,0.21196319721639156,1071.8564443917558,1094.9167417303715,-1.7507903277873993,0.3965921700000763,1073.4716804237923,1096.9339994195707,-1.8922895193099976,0.9754268452525139,1071.9256590826626,1103.2583518861588
2023-02-24,2023,1100.0771484375,-0.664936937391758,-0.05081719718873501,1092.762329137733,1099.5181200637503,-1.6696715727448463,0.16713372897356749,1081.709473011777,1101.9157483972697,0.0713173532858491,0.4117175005376339,1100.861694343868,1104.6063585770326,-4.161595553159714,0.8322333917021751,1054.2963867467988,1109.232357801282
2023-02-27,2023,1092.7623291015625,-1.913122646510601,-0.07908667903393507,1071.8564455109838,1091.8980996657422,-1.7653105780482292,0.10820613242685795,1073.4716801130064,1093.944764954501,1.7251962795853615,0.44899778440594673,1111.614624147933,1097.6688077480512,-3.8811497390270233,0.7286030799150467,1050.3505868174516,1100.7242290875479
2023-02-28,2023,1071.8564453125,0.919248815625906,-0.09710721205919981,1081.709472991245,1070.8155954011802,2.706075832247734,0.09290834423154593,1100.8616935354912,1072.852289388379,4.08172607421875,0.46674832701683044,1115.6066893190145,1076.8593173390182,-3.6813002079725266,0.73427171446383,1032.398191762044,1079.7267840100872
2023-03-01,2023,1081.70947265625,-0.7615531794726849,-0.09627256076782942,1073.4716797745791,1080.6680832468555,2.7646195143461227,0.08454720955342054,1111.6146238258352,1082.624027830856,0.6548878736793995,0.45011965557932854,1088.7934568211172,1086.5784596089393,-5.034349113702774,0.6296656094491482,1027.2524414067411,1088.5206251997201
2023-03-02,2023,1073.4716796875,2.55153588950634,-0.10446514934301376,1100.861694858413,1072.3502758941595,3.9251159876585007,0.09962460026144981,1115.6066882099003,1074.5411215573085,-0.14402061933651567,0.42869215831160545,1071.9256591260119,1078.0735686000162,-4.425952956080437,0.6674366537481546,1025.9603281476848,1080.6364231453404
2023-03-03,2023,1100.8616943359375,0.9767739102244377,-0.05439533852040768,1111.6146241538656,1100.262876890662,-1.0962537489831448,0.12190304696559906,1088.7934567406605,1102.2036782842101,-4.229896143078804,0.40406184270977974,1054.2963879865897,1105.3098563837575,-7.719876617193222,0.6064258515834808,1015.8765298072603,1107.5376042405705
2023-03-06,2023,1111.6146240234375,0.35912315361201763,-0.04254801897332072,1115.6066895172428,1111.1416540222979,-3.570389002561569,0.17946760635823011,1071.9256577364386,1113.6096121811004,-5.511265993118286,0.3638687776401639,1050.350585275104,1115.659442567941,-5.7707443833351135,0.6650704424828291,1047.4661855432732,1119.007644322134
2023-03-08,2023,1115.606689453125,-2.4034664034843445,-0.002745597157627344,1088.7934574770952,1115.576059387569,-5.495691671967506,0.2111815381795168,1054.2963855289372,1117.9626448199456,-7.4585869908332825,0.35724882036447525,1032.3981940447084,1119.5921811911035,-5.822497978806496,0.6540733855217695,1050.6505125082867,1122.9035758959385
2023-03-09,2023,1088.79345703125,-1.5492192469537258,-0.0031110597774386406,1071.925659235349,1088.7595840159488,-3.530777245759964,0.1832706155255437,1050.3505853970673,1090.788895501753,-5.652221292257309,0.44199456460773945,1027.2524414242253,1093.6058649311328,-4.72395233809948,0.7443329319357872,1037.359373060748,1096.8977052926957
2023-03-10,2023,1071.9256591796875,-1.644635759294033,0.0017480459064245224,1054.29638647577,1071.9443969322926,-3.687519207596779,0.18473200034350157,1032.3981946062781,1073.9058488920855,-4.28810827434063,0.5033173132687807,1025.960326293623,1077.3208466077094,-5.140569806098938,0.8563440293073654,1016.8225724000695,1081.1050305606864
2023-03-13,2023,1054.29638671875,-0.3742591477930546,0.013585283886641264,1050.3505860466034,1054.4396158758923,-2.5651179254055023,0.20386104006320238,1027.2524411161248,1056.4456862980637,-3.644123300909996,0.5980453453958035,1015.8765264296799,1060.6015571861976,-2.055160328745842,1.0539252310991287,1032.6289056315054,1065.4078823489453
2023-03-14,2023,1050.3505859375,-1.7091810703277588,0.03332245396450162,1032.3981925505796,1050.700588527965,-2.322106435894966,0.25754268281161785,1025.9603273819848,1053.055687015451,-0.2746130106970668,0.5678019486367702,1047.4661865705827,1056.3144970319709,-1.228059083223343,1.0870445519685745,1037.451660161205,1061.7683647585036
2023-03-15,2023,1032.398193359375,-0.498427078127861,0.04491881700232625,1027.252441209569,1032.8619344145854,-1.6003193333745003,0.2734459936618805,1015.8765254736359,1035.2212448577538,1.767953485250473,0.684738252311945,1050.650513200535,1039.467418705484,-0.1050440245307982,1.195545680820942,1031.3137207478871,1044.7409853689564
2023-03-16,2023,1027.25244140625,-0.12578351888805628,0.06795518565922976,1025.9603271375859,1027.9505127099965,1.9677486270666122,0.2925412030890584,1047.4661872185297,1030.2575780571015,0.9838801808655262,0.7338795345276594,1037.3593745847033,1034.7912368416662,4.723934456706047,1.1440221220254898,1075.779173443194,1039.0044365849844
2023-03-17,2023,1025.9603271484375,-0.9828646667301655,0.0963668804615736,1015.8765255982263,1026.9490131104837,2.406543865799904,0.35815597511827946,1050.6505124669688,1029.6348653624627,-0.8906539529561996,0.7307249587029219,1016.8225709389276,1033.4572753253012,4.8738159239292145,1.2645728886127472,1075.9637449461943,1038.9343432934793
2023-03-20,2023,1015.8765258789062,3.1095964834094048,0.08572735823690891,1047.4661866034185,1016.7474099874911,2.114710584282875,0.3634176682680845,1037.3593742949126,1019.5684006617382,1.6490567475557327,0.7660789415240288,1032.628906275747,1023.6589420155505,5.660419166088104,1.3580542989075184,1073.3793954535458,1029.672680710197
2023-03-21,2023,1047.4661865234375,0.30400275718420744,0.13929461129009724,1050.650512611041,1048.9252504763506,-2.925499342381954,0.48742983490228653,1016.822570125021,1052.571849227066,-0.9560715407133102,0.6774018984287977,1037.451660415492,1054.561742356347,3.161204606294632,1.4025713317096233,1080.5787358611951,1062.1576469649672
2023-03-22,2023,1050.6505126953125,-1.2650389224290848,0.14526701997965574,1037.359374771016,1052.1767613855059,-1.7152808606624603,0.5447869654744864,1032.6289055385978,1056.3743197411675,-1.8404589965939522,0.6095119751989841,1031.3137208116511,1057.0543533876798,2.119385451078415,1.4564326032996178,1072.9178468030577,1065.9525293089416
2023-03-23,2023,1037.359375,-1.9797192886471748,0.13407879741862416,1016.8225713605352,1038.7502539749094,0.008896160579752177,0.6024989765137434,1037.451660155789,1043.6094546171444,3.7036150693893433,0.5541958846151829,1075.779173136223,1043.1083779649198,3.9393987506628036,1.5758179128170013,1078.2250972586335,1053.7062698515365
2023-03-24,2023,1016.8225708007812,1.55448317527771,0.11172657832503319,1032.6289065863057,1017.9586318667737,1.42514044418931,0.5880550947040319,1031.3137205029086,1022.8020477324758,5.816272646188736,0.5641431547701359,1075.9637438465402,1022.5589057301115,6.506156176328659,1.74784567207098,1082.9786352932401,1034.5950600971637
2023-03-27,2023,1032.62890625,0.4670364782214165,0.12900233268737793,1037.4516599268463,1033.9610216270667,4.1786812245845795,0.5966641008853912,1075.7791764751018,1038.7902322289592,3.94628569483757,0.5695464089512825,1073.3793930581014,1038.5102071033398,5.271396040916443,1.759471744298935,1087.0628655314213,1050.797720078932
2023-03-28,2023,1037.45166015625,-0.5916361697018147,0.12292471947148442,1031.3137208915937,1038.7269446991493,3.7121810019016266,0.5932655651122332,1075.9637435884833,1043.6065036106422,4.157020151615143,0.5847177468240261,1080.5787347322112,1043.517824127904,5.313606560230255,1.7698097974061966,1092.5777596295302,1055.8125812810486
2023-03-29,2023,1031.313720703125,4.311535134911537,0.11654123663902283,1075.7791741224037,1032.5156264668603,4.0788434445858,0.5787833128124475,1073.3793927931383,1037.2827924212997,4.034090042114258,0.6096147932112217,1072.9178448129678,1037.6007617089483,4.727702587842941,1.7552785575389862,1080.071166165586,1049.4161493035845
2023-03-31,2023,1075.7791748046875,0.017156895773950964,0.16231710324063897,1075.9637451164665,1077.5253483984966,0.4461473785340786,0.5942364688962698,1080.578735391894,1082.1718469861682,0.22736291866749525,0.6985274609178305,1078.2250977349406,1083.2937877595334,0.8987399749457836,1.67849101126194,1085.447632290799,1093.836031554812
2023-04-03,2023,1075.9637451171875,-0.240189372561872,0.136022106744349,1073.3793945487973,1077.4272936711013,-0.2830856014043093,0.6104563362896442,1072.9178466784301,1082.5320339754348,0.6519636604934931,0.6898562423884869,1082.9786377354365,1083.3863481787153,0.6262213923037052,1.776224933564663,1082.7016602625436,1095.0752814340751
2023-04-05,2023,1073.37939453125,0.6707172375172377,0.10904811788350344,1080.5787351543293,1074.5498945587356,0.45144367031753063,0.649386178702116,1078.225097866354,1080.3497719643724,1.2748029083013535,0.6494611036032438,1087.0628662698418,1080.3505761928225,0.995334517210722,1.8722165375947952,1084.063110145647,1093.475381066799
2023-04-06,2023,1080.5787353515625,-0.7089616265147924,0.08984704618342221,1072.917846773641,1081.549603426962,0.22209417074918747,0.6452133879065514,1082.9786377331336,1087.550774018922,1.1104256846010685,0.59850481338799,1092.5777591712435,1087.0460510950886,0.7068378385156393,1.7729850485920906,1088.2166747279812,1099.7372347676112
2023-04-10,2023,1072.9178466796875,0.49465587362647057,0.07397690787911415,1078.225097827475,1073.7115581267444,1.3183693401515484,0.5613315384835005,1087.0628666153266,1078.9404729351186,0.6667165085673332,0.5306449718773365,1080.0711670868661,1078.611231285468,2.2022919729351997,1.4936920255422592,1096.5466302933035,1088.9439349961617
2023-04-11,2023,1078.22509765625,0.4408671520650387,0.05991652142256498,1082.9786379371376,1078.8711326278708,1.3311377726495266,0.48721591010689735,1092.5777592053396,1083.4783818787969,0.6698540411889553,0.5147620569914579,1085.447632046014,1083.7753913479435,1.10215088352561,1.3358990661799908,1090.1087650964632,1092.6290966671581
2023-04-12,2023,1082.9786376953125,0.37712918128818274,0.05230789538472891,1087.0628661651788,1083.5451210281572,-0.26846982073038816,0.4281003028154373,1080.0711668881436,1087.6148725227126,-0.025575532345101237,0.5391871090978384,1082.7016601435382,1088.817918904049,1.2954587116837502,1.238175854086876,1097.0081788030104,1096.3878176921748
2023-04-13,2023,1087.0628662109375,0.5073204636573792,0.030457950197160244,1092.577758584046,1087.39396327734,-0.14858702197670937,0.4146813414990902,1085.44763187102,1091.5707130874794,-0.2759505296126008,0.5216865800321102,1084.0631104744066,1092.7339273004723,2.759494259953499,1.2343262322247028,1117.0603036061143,1100.480768329353
2023-04-17,2023,1092.5777587890625,-1.144686620682478,0.047693110536783934,1080.0711673636515,1093.0988431072622,-0.9039264172315598,0.34924326464533806,1082.7016597985717,1096.3935130226464,-0.3991554956883192,0.5401656031608582,1088.2166746201876,1098.4794880298268,3.1088341027498245,1.1510973796248436,1126.5441887533566,1105.1543927408472
2023-04-18,2023,1080.0711669921875,0.4977880045771599,0.028632371686398983,1085.4476317023712,1080.3804169831983,0.3696000203490257,0.33558544237166643,1084.0631102451746,1083.695728595867,1.5254054218530655,0.5052421241998672,1096.546631133358,1085.5281414991691,3.4076057374477386,1.173760648816824,1116.875734047132,1092.7486173295583
2023-04-19,2023,1085.4476318359375,-0.25298057589679956,0.03603131044656038,1082.7016601658609,1085.8387328418992,0.25510608684271574,0.32611533533781767,1088.216674814241,1088.9874430204156,0.42942031286656857,0.41706226766109467,1090.10876445257,1089.974624343546,4.08162996172905,0.9048487059772015,1129.7515875958316,1095.269290686665
2023-04-20,2023,1082.70166015625,0.12574564898386598,0.024720816873013973,1084.0631103853725,1082.9693128509384,1.2787428684532642,0.32582152634859085,1096.5466304221231,1086.2293352311726,1.321372203528881,0.36618972662836313,1097.0081789407004,1086.6664024057768,4.079196602106094,0.7860513404011726,1126.86718948829,1091.212251068454
2023-04-21,2023,1084.0631103515625,0.38314785342663527,0.028021156322211027,1088.2166748886646,1084.3668773703455,0.5576847121119499,0.30183244962245226,1090.1087645876385,1087.33516459299,3.0438441783189774,0.3794183023273945,1117.0603022253022,1088.1762442010158,5.232018604874611,0.6603013258427382,1140.7814939737386,1091.221193442186
2023-04-24,2023,1088.2166748046875,0.7654685061424971,0.03434871323406696,1096.5466307289084,1088.5904632296815,0.8078817278146744,0.3052930347621441,1097.008178479467,1091.5389245159863,3.522048145532608,0.38539443630725145,1126.5441900190226,1092.4106013243525,5.154783651232719,0.6296350620687008,1144.3118900475079,1095.0684685405358
2023-04-25,2023,1096.546630859375,-0.5871037486940622,0.03967393422499299,1090.108764483421,1096.9816740484484,1.8707523122429848,0.28761113062500954,1117.0603023109993,1099.70042102222,1.8539203330874443,0.44859228655695915,1116.8757318106623,1101.4656544639104,5.073556303977966,0.6198096089065075,1152.1805415753988,1103.343132243582
2023-04-26,2023,1090.1087646484375,0.6329106166958809,0.029047043062746525,1097.0081787534298,1090.4254090107356,3.3423658460378647,0.27582994662225246,1126.5441876827122,1093.1156110720917,3.636593371629715,0.4784149583429098,1129.7515877271971,1095.3240080407227,5.004025250673294,0.6819552276283503,1144.658082491248,1097.5428183557924
2023-04-27,2023,1097.0081787109375,1.8278919160366058,0.03415931714698672,1117.0603025278551,1097.3829092138317,1.8110670149326324,0.2687565516680479,1116.8757319866845,1099.9564600635574,2.721858397126198,0.5197773221880198,1126.8671879403423,1102.7101784464248,4.513997584581375,0.6920111831277609,1146.5271014006094,1104.5995979874433
2023-04-28,2023,1117.060302734375,0.8490039967000484,0.05983240553177893,1126.5441893501395,1117.7286667847416,1.1361324228346348,0.33830730244517326,1129.751587016355,1120.8393993112416,2.1235372871160507,0.45320698991417885,1140.781494782511,1122.1228981079237,2.8403256088495255,0.7462621666491032,1148.7884525792315,1125.3965011523376
2023-05-02,2023,1126.544189453125,-0.8582403883337975,0.06448248750530183,1116.8757322268107,1127.2706131693308,0.02867158327717334,0.3326662117615342,1126.8671875085581,1130.2918213319983,1.5771862119436264,0.405358150601387,1144.3118890806318,1131.1107281451996,0.5223190877586603,0.6197748705744743,1132.4283447866746,1133.5262272452724
2023-05-03,2023,1116.875732421875,1.1528457514941692,0.027450709603726864,1129.75158685257,1117.1823227358166,2.140413783490658,0.3056722925975919,1140.781494543095,1120.2897120786351,3.161032870411873,0.42332648299634457,1152.1805414453838,1121.603763179376,0.7933595217764378,0.7201435975730419,1125.7365723914543,1124.9188415017582
2023-05-04,2023,1129.7515869140625,-0.2553127007558942,0.03764802822843194,1126.8671876256797,1130.176916110415,1.288805715739727,0.3256025956943631,1144.3118899398712,1133.430087405953,1.3194488361477852,0.37111814599484205,1144.6580810789612,1133.9443000577653,-0.5698479246348143,0.7294655777513981,1123.3137209425038,1137.9927358547006
2023-05-05,2023,1126.8671875,1.2347778305411339,0.02092465292662382,1140.7814937108924,1127.1029805479284,2.24634762853384,0.297755841165781,1152.1805418431322,1130.2225003729618,1.7446521669626236,0.3751262789592147,1146.5271003055095,1131.094362449281,0.008189532672986388,0.756160169839859,1126.9594726565015,1135.3881083388696
2023-05-08,2023,1140.781494140625,0.30947166960686445,0.02320676576346159,1144.3118896771082,1141.0462326298432,0.33981853630393744,0.2858333755284548,1144.65808111644,1144.042228392731,0.7018835749477148,0.36511956714093685,1148.7884520740413,1144.9467105940553,-0.6836925633251667,0.7293506991118193,1132.9820559013958,1149.101791943478
2023-05-09,2023,1144.3118896484375,0.6876317784190178,0.003211048897355795,1152.1805418458873,1144.3486340627524,0.19358445424586535,0.26896712370216846,1146.527099574884,1147.389712424207,-1.0384882800281048,0.3879539202898741,1132.4283447874705,1148.7512924846717,-1.0082457214593887,0.7546780165284872,1132.774413980906,1152.947759920136
2023-05-10,2023,1152.1805419921875,-0.6528890691697598,-0.0027636298909783363,1144.6580811764197,1152.148699986331,-0.2944061066955328,0.2583582419902086,1148.7884521164049,1155.1572953850318,-2.2951237857341766,0.34127479884773493,1125.7365723183239,1156.112643819234,-2.257078140974045,0.7411579601466656,1126.1749268343256,1160.7200197944235
2023-05-11,2023,1144.6580810546875,0.1632818253710866,-0.03880219301208854,1146.5270996636912,1144.2139286167483,-1.0684182867407799,0.20650094375014305,1132.4283447960431,1147.0218107947776,-1.8646931275725365,0.3355964319780469,1123.313720483057,1148.4995127330553,-1.6268247738480568,0.6877968553453684,1126.036499816236,1152.5310033406383
2023-05-12,2023,1146.527099609375,0.19723498262465,-0.05624197656288743,1148.7884521350766,1145.8822701067256,-1.8133480101823807,0.15848143957555294,1125.7365732624066,1148.3441322619597,-1.7066868022084236,0.3668191144242883,1126.9594729165988,1150.7327801627966,0.8915873244404793,0.6549577228724957,1156.7493899007673,1154.0363673930926
2023-05-15,2023,1148.7884521484375,-1.424118410795927,-0.07306532934308052,1132.4283443002942,1147.9490860824199,-2.217530272901058,0.13633351773023605,1123.3137204504544,1150.3546358565302,-1.375918835401535,0.38530377205461264,1132.9820554564094,1153.2147773874933,1.2594153173267841,0.6461535580456257,1163.2564698784763,1156.211389606412
2023-05-16,2023,1132.4283447265625,-0.5909223575145006,-0.11223140172660351,1125.736572454742,1131.1574045217264,-0.48293317668139935,0.14004330150783062,1126.9594725477339,1134.014234767728,0.030559932929463685,0.4048958420753479,1132.7744140691852,1137.013500008843,2.6958171278238297,0.7149434182792902,1162.956542004033,1140.524566643914
2023-05-17,2023,1125.736572265625,-0.2152236644178629,-0.14602437149733305,1123.313720763103,1124.0927225112584,0.6436215713620186,0.09628375992178917,1132.982055681438,1126.820473764217,0.03893934772349894,0.4223838448524475,1126.1749267439502,1130.4915016824707,1.2544521130621433,0.5867905914783478,1139.8583984839245,1132.3422885565105
2023-05-18,2023,1123.313720703125,0.3245533211156726,-0.15978391747921705,1126.959472690215,1121.518846034604,0.8422128856182098,0.041742785833776,1132.774413604804,1123.7826231437996,0.2423880621790886,0.4156205337494612,1126.0364990629291,1127.9824431847924,1.199638843536377,0.44850120320916176,1136.7894284314534,1128.3517962562921
2023-05-19,2023,1126.95947265625,0.5344098899513483,-0.16116504557430744,1132.9820555338686,1125.1432079085396,-0.06961615872569382,0.03907012287527323,1126.1749267609914,1127.3997771069712,2.643388509750366,0.4477081820368767,1156.7493898659886,1132.0049624235717,0.5425987765192986,0.3813480958342552,1133.0743409667512,1131.2571111460484
2023-05-22,2023,1132.9820556640625,-0.01832699781516567,-0.15176660381257534,1132.7744140674747,1131.2625672763752,-0.6130332592874765,0.023317616432905197,1126.036498841083,1133.246240074056,2.672100067138672,0.4928557202219963,1163.256469934131,1138.5660225344916,0.9063190780580044,0.28051314875483513,1143.2504881855198,1136.1602193032331
2023-05-23,2023,1132.7744140625,-0.5825950298458338,-0.16115943435579538,1126.1749266268066,1130.9488412242697,2.1164827048778534,0.056023336946964264,1156.7493886214143,1133.4090320893392,2.6644431054592133,0.5209148861467838,1162.9565438383943,1138.6752046118136,1.0103680193424225,0.2935226075351238,1144.219604473481,1136.099363060147
2023-05-24,2023,1126.1749267578125,-0.012291849998291582,-0.15718790236860514,1126.036499025097,1124.4047160134407,3.292698413133621,0.04893690347671509,1163.2564707002757,1126.726041894699,1.2150396592915058,0.5497071426361799,1139.8583987509169,1132.365590768778,2.372717298567295,0.32630013301968575,1152.8958740571227,1129.8496370418575
2023-05-25,2023,1126.0364990234375,2.7275217697024345,-0.13717259280383587,1156.749389669097,1124.4918855618096,3.2787609845399857,0.08174532558768988,1162.956544425098,1126.9569812258005,0.9549361653625965,0.5604451522231102,1136.7894287877953,1132.3473159944772,2.4467691779136658,0.45683523640036583,1153.588013013601,1131.1806305257055
2023-05-26,2023,1156.7493896484375,0.5625315476208925,-0.0741416122764349,1163.2564698921221,1155.8917570009544,-1.46021181717515,0.10668518953025341,1139.8583983656895,1157.983469927174,-2.04668790102005,0.5499017890542746,1133.0743398453797,1163.1103752369886,-0.9794545359909534,0.4343475215137005,1145.419555281478,1161.7737019525002
2023-05-29,2023,1163.2564697265625,-0.025783374439924955,-0.04968974972143769,1162.9565429552763,1162.678450498137,-2.2752542048692703,0.11524660512804985,1136.789427985695,1164.5970833168549,-1.719825528562069,0.5359671544283628,1143.2504879975552,1169.4911423260598,-1.4460830949246883,0.4194323904812336,1146.4348145672288,1168.1355441449641
2023-05-30,2023,1162.95654296875,-1.9861571490764618,-0.03380489069968462,1139.8583984499237,1162.5634067805145,-2.569502964615822,0.11761104688048363,1133.0743401199743,1164.3243083337006,-1.6111468896269798,0.5368941929191351,1144.2196047989955,1169.2003891141223,0.035709262010641396,0.45461636036634445,1163.3718261677486,1168.2435336770368
2023-05-31,2023,1139.8583984375,-0.26924130506813526,-0.05884671118110418,1136.7894288096181,1139.187629257898,0.2975887153297663,0.18150778487324715,1143.2504884019886,1141.9273301671956,1.1437802575528622,0.48499731346964836,1152.8958737628864,1145.38668104728,3.317951411008835,0.7357848808169365,1177.6783462519597,1148.2453041959252
2023-06-01,2023,1136.7894287109375,-0.3268052823841572,-0.0574982725083828,1133.0743408083254,1136.135794427371,0.6536105647683144,0.13194209896028042,1144.2196045161616,1138.2893325439372,1.477721706032753,0.5362661089748144,1153.5880128508848,1142.8856451475226,3.6253008991479874,0.7663041353225708,1178.0014660914144,1145.5006931130592
2023-06-02,2023,1133.0743408203125,0.8981006219983101,-0.04187681479379535,1143.250488522923,1132.5998453771313,1.7493585124611855,0.13560268562287092,1152.895873253966,1134.6108200565684,1.0895326733589172,0.5536219570785761,1145.419555976996,1139.347289161117,4.977200925350189,0.8159250020980835,1189.4697273965267,1142.3193776594235
2023-06-05,2023,1143.25048828125,0.08476849179714918,-0.01975392224267125,1144.2196044776297,1143.024651468756,0.9042222052812576,0.16306857578456402,1153.5880130582755,1145.1147705701403,0.27853266801685095,0.5140123888850212,1146.4348143683756,1149.1269374270041,3.0093830078840256,0.6153843365609646,1177.655274213137,1150.2858727137896
2023-06-06,2023,1144.2196044921875,0.7582696154713631,-0.007348321378231049,1152.8958740873184,1144.1355235583767,0.10487070539966226,0.17812110017985106,1145.4195556627396,1146.2577010401826,1.673823967576027,0.5567180458456278,1163.3718264738814,1150.589681514499,3.1359009444713593,0.5273778922855854,1180.1011978762845,1150.253965725477
2023-06-07,2023,1152.8958740234375,0.06003479356877506,0.015492236707359552,1153.5880126814704,1153.0744833812305,-0.5604200530797243,0.17745275981724262,1146.4348143542813,1154.9417195697113,2.1495845168828964,0.5851429887115955,1177.678345227227,1159.641963397431,2.6479579508304596,0.4120240919291973,1183.4240719844374,1157.6460827792716
2023-06-08,2023,1153.5880126953125,-0.708091352134943,0.01417757011950016,1145.4195557381518,1153.7515634447025,0.8481202647089958,0.20652820821851492,1163.3718264022352,1155.9704973481557,2.1163059398531914,0.6167104467749596,1178.0014643294178,1160.7023104823481,1.4342035166919231,0.49509378150105476,1170.1328125415253,1159.2993552103085
2023-06-09,2023,1145.4195556640625,0.08863641414791346,-0.008810346480458975,1146.4348144851522,1145.3186402325537,2.816329523921013,0.22749579511582851,1177.6783447829944,1148.0253369896327,3.845767304301262,0.6745780352503061,1189.4697264328638,1153.1463043980339,1.3215425424277782,0.6099186837673187,1160.5567623814504,1152.4056835415822
2023-06-12,2023,1146.434814453125,1.4773637056350708,0.004617206286638975,1163.3718263106202,1146.48774771345,2.7534622699022293,0.27586095966398716,1178.0014645181154,1149.5973805341973,2.723265066742897,0.6695185322314501,1177.6552732681057,1154.1104079958418,0.4589103627949953,0.6682207807898521,1151.6959226193399,1154.0955301215104
2023-06-13,2023,1163.371826171875,1.229745987802744,0.043526256922632456,1177.6783445274511,1163.8781983819001,2.243298292160034,0.3019767813384533,1189.4697264798597,1166.8849389675472,1.4380071312189102,0.6469042506068945,1180.1011959948182,1170.8977279657438,-0.9679190814495087,0.629887543618679,1152.1113282781498,1170.6997603909008
2023-06-14,2023,1177.6783447265625,0.02743704244494438,0.06458294810727239,1178.0014648338702,1178.4389241208078,-0.0019590484953369014,0.32876962795853615,1177.6552734366703,1181.5501934390682,0.4878859966993332,0.6363709922879934,1183.424072456644,1185.1727480948598,-0.8758294396102428,0.7442887406796217,1167.3638910795326,1186.4436720477845
2023-06-15,2023,1178.00146484375,0.9735354222357273,0.06741644465364516,1189.4697263784597,1178.7956315493154,0.17824523383751512,0.33084729220718145,1180.1011963093702,1181.8988507923464,-0.6679662503302097,0.6363133434206247,1170.1328126301983,1185.4972453502412,-0.09011223446577787,0.8438622578978539,1176.9399414017398,1187.9421746030503
2023-06-16,2023,1189.4697265625,-0.9932537563145161,0.08555409731343389,1177.655273823194,1190.487366649877,-0.508264685049653,0.3691399935632944,1183.4240720030261,1193.8605350345701,-2.4307439103722572,0.5628271028399467,1160.5567636183605,1196.16438456367,1.4859911985695362,0.9117418900132179,1207.1451420088679,1200.314620328596
2023-06-19,2023,1177.6552734375,0.2076942939311266,0.06250914884731174,1180.1011962426087,1178.3914157252811,-0.6387659348547459,0.34654613118618727,1170.1328127207607,1181.7363922263078,-2.2043250501155853,0.6040774751454592,1151.69592324111,1184.7692236791986,1.448003575205803,1.095777377486229,1194.7077639004747,1190.5597535086017
2023-06-20,2023,1180.1011962890625,0.281575508415699,0.06599589250981808,1183.4240722323332,1180.8800146060726,-1.6561659052968025,0.33085651230067015,1160.5567626281234,1184.005637948723,-2.371819317340851,0.5786895286291838,1152.111328151308,1186.930318339215,1.0715303011238575,0.9317478165030479,1192.7463381912248,1191.0967634180122
2023-06-21,2023,1183.424072265625,-1.1231189593672752,0.048549153143540025,1170.1328121402935,1183.9986146308067,-2.681046538054943,0.31593090388923883,1151.6959221456386,1187.1628746339766,-1.3570942915976048,0.6522574461996555,1167.3638917355163,1191.1430438970967,2.9033245518803596,0.9126963093876839,1217.7827139085753,1194.2251400975988
2023-06-22,2023,1170.1328125,-0.8183728903532028,-0.0019010738469660282,1160.5567627813725,1170.1105674111268,-1.5401230193674564,0.3088132943958044,1152.1113276975157,1173.7463381870875,0.5817398428916931,0.7295852061361074,1176.9399412850616,1178.6699283921444,3.869064524769783,1.0673326440155506,1215.4060060411284,1182.6220219861498
2023-06-23,2023,1160.5567626953125,-0.7634990382939577,-0.02891611075028777,1151.6959229732784,1160.2211748164916,0.58653992600739,0.33567873761057854,1167.3638914724993,1164.4525049855824,4.014312848448753,0.8197786286473274,1207.1451419337313,1170.07075900921,8.760306984186172,1.2301414273679256,1262.225097833155,1174.8332522213477
2023-06-26,2023,1151.6959228515625,0.036069005727767944,-0.035682390443980694,1152.1113281199423,1151.2849702156432,2.1918995305895805,0.32534822821617126,1176.9399403783652,1155.442945130998,3.7346526980400085,0.8450412191450596,1194.7077657075552,1161.4282281188712,10.785194486379623,1.2070028111338615,1275.9085680228081,1165.596925016095
2023-06-27,2023,1152.111328125,1.323879323899746,-0.055821973364800215,1167.3638917863536,1151.4681968462812,4.776779189705849,0.3298006486147642,1207.1451422891187,1155.9109987579204,3.527003899216652,0.8910315111279488,1192.7463395912855,1162.3770031018685,10.867425054311752,1.2716258876025677,1277.3161632512201,1166.7618740274393
2023-06-28,2023,1167.3638916015625,0.8203140459954739,-0.02027472946792841,1176.9399415722496,1167.127211730634,2.3423606529831886,0.30779168009757996,1194.7077640755708,1170.9569405363754,4.319032281637192,0.9105667471885681,1217.7827149240102,1177.9935190171727,8.440397679805756,1.3008654117584229,1265.894046423191,1182.5497246967643
2023-06-30,2023,1176.93994140625,2.5664180517196655,-0.0228387420065701,1207.1451405203989,1176.67114312946,1.3430079445242882,0.24554133415222168,1192.7463383216154,1179.8298154405493,3.2683115452528,0.782325491309166,1215.406005391922,1186.1474425852703,7.467900216579437,1.01399477571249,1264.8326418395372,1188.874050925383
2023-07-03,2023,1207.1451416015625,-1.0303134098649025,-0.005271099507808685,1194.707763331109,1207.081511779945,0.8812174201011658,0.22582067176699638,1217.7827148752604,1209.87112486953,4.562827944755554,0.7486755959689617,1262.2250974563176,1216.1827426846585,6.919755786657333,0.9416237473487854,1290.6766373908895,1218.51190691985
2023-07-04,2023,1194.707763671875,-0.1641761977225542,-0.04306734772399068,1192.7463378915822,1194.193234725009,1.7324941232800484,0.21298578940331936,1215.4060054678607,1197.2523214333942,6.796708703041077,0.7092219777405262,1275.9085702212687,1203.1808937016083,8.950259536504745,1.0441625490784645,1301.6372092232796,1207.1824547110696
2023-07-05,2023,1192.746337890625,2.0990530028939247,-0.0450756517238915,1217.7827157130255,1192.208699705408,5.825107917189598,0.19456699956208467,1262.2250992510808,1195.0670286526454,7.090344280004501,0.6614618469029665,1277.316159634216,1200.6358998461037,9.957437217235565,1.0220972821116447,1311.5133056469604,1204.9373657926913
2023-07-06,2023,1217.78271484375,-0.19516692264005542,-0.0022127642296254635,1215.406005794747,1217.7557681834414,4.773089289665222,0.19375632982701063,1275.9085711773514,1220.1422459372989,3.9507318288087845,0.597235606983304,1265.8940441648137,1225.0557468324848,7.566402107477188,0.9740738198161125,1309.9250518441804,1229.6448174512889
2023-07-07,2023,1215.406005859375,3.8521360605955124,-0.015597452875226736,1262.2250988937276,1215.2164334803683,5.093783885240555,0.16618275549262762,1277.3161611260857,1217.425801050335,4.066677019000053,0.5453408695757389,1264.8326425872046,1222.0341115406043,4.440408572554588,0.9917845018208027,1269.374998334898,1227.4602142596875
2023-07-10,2023,1262.22509765625,1.084075402468443,0.03510125679895282,1275.9085694637247,1262.6681545291592,0.29067283030599356,0.16364669427275658,1265.8940430724401,1264.2906873028455,2.2540779784321785,0.39981668815016747,1290.6766356207636,1267.2716842386994,-1.4676579274237156,0.8216513320803642,1243.6999509485663,1272.5961869849953
2023-07-11,2023,1275.9085693359375,0.11032081674784422,-0.0035901088267564774,1277.3161620905846,1275.8627628297684,-0.8680815808475018,0.17085392028093338,1264.8326420570775,1278.0885091458483,2.016495354473591,0.3000954631716013,1301.6372063639271,1279.7375130667324,-2.587061934173107,0.8355095982551575,1242.9000244237948,1286.5689078976993
2023-07-12,2023,1277.316162109375,-0.894227996468544,0.00567540992051363,1265.8940433843754,1277.3886550375557,1.045980118215084,0.1620984636247158,1290.676635211787,1279.3866719837845,2.6772653684020042,0.24385135620832443,1311.513305362531,1280.4309148937468,-1.1129732243716717,0.7695664186030626,1263.0999752345258,1287.1459583523583
2023-07-13,2023,1265.89404296875,-0.0838459876831621,0.010469427797943354,1264.8326416054006,1266.0265748315771,2.8235509991645813,0.1780333463102579,1301.637206867359,1268.1477564941895,3.4782536327838898,0.22903550416231155,1309.9250485055054,1268.7933897722241,-1.1489166878163815,0.7574759423732758,1251.3499750590086,1275.4828858001747
2023-07-14,2023,1264.8326416015625,2.0432738587260246,-0.004379940219223499,1290.676636324041,1264.7772426879872,3.6906592547893524,0.17450256273150444,1311.5133045464272,1267.039806975422,0.3591272281482816,0.20928215235471725,1269.3750000080609,1267.4797105775913,-0.07175595965236425,0.6854851730167866,1263.925048801585,1273.5028818232176
2023-07-17,2023,1290.6766357421875,0.8492112159729004,-0.0032581272535026073,1301.6372064948519,1290.6345838549637,1.4913427643477917,0.19069607369601727,1309.925048360456,1293.1379054106596,-3.6396943032741547,0.16208072192966938,1243.6999517573886,1292.768573751176,-1.243660505861044,0.6038105115294456,1274.625000165086,1298.4698769386534
2023-07-18,2023,1301.63720703125,0.7587443571537733,-0.009074422996491194,1311.5133058902136,1301.5190909652042,-2.478586696088314,0.1894695684313774,1269.375000386438,1304.1034134299543,-4.512561857700348,0.13778358697891235,1242.9000229011217,1303.4306494645498,-3.460044786334038,0.5230574868619442,1256.5999767123812,1308.4455178944077
2023-07-19,2023,1311.5133056640625,-0.12110108509659767,-0.0007858267053961754,1309.9250488197172,1311.5029994422619,-5.1706187427043915,0.18321038223803043,1243.6999528683345,1313.9161342044722,-3.6914099007844925,0.1400059089064598,1263.0999736486733,1313.3495017880866,-5.210641399025917,0.47626737505197525,1243.1750504053975,1317.7596156584061
2023-07-20,2023,1309.925048828125,-3.0956007540225983,-0.03317594528198242,1269.3749991394707,1309.4904688106908,-5.1167067140340805,0.18678416963666677,1242.9000259059221,1312.3717814534414,-4.4716354459524155,0.1474098302423954,1251.349976029317,1311.8560071189052,-5.4945968091487885,0.4597770981490612,1237.9499488929741,1315.9477842055546
2023-07-21,2023,1269.375,-2.0226527005434036,-0.06323463749140501,1243.6999522824772,1268.5723153203435,-0.4943396896123886,0.1565579790621996,1263.0999755649827,1271.3623078467208,-0.42934129014611244,0.26866476982831955,1263.9250489982078,1272.7853634220082,-1.1501704342663288,0.5110474303364754,1254.7750240500318,1275.8621083188336
2023-07-24,2023,1243.699951171875,-0.06431830697692931,-0.08949637413024902,1242.9000244194083,1242.5868848105165,0.6151020992547274,0.11035585775971413,1251.3499756799633,1245.0724469209479,2.486536093056202,0.34901322796940804,1274.624999347086,1248.040628517714,1.465393416583538,0.41121579706668854,1261.9250483784003,1248.8142418392044
2023-07-25,2023,1242.9000244140625,1.6252273693680763,-0.09251153096556664,1263.0999757847223,1241.7501985731055,1.6916101798415184,0.0606719171628356,1263.9250477523035,1243.6541156872918,1.1022568680346012,0.39032776840031147,1256.5999752959701,1247.7514083428048,0.9192152880132198,0.29341401532292366,1254.3249514531967,1246.5468672821453
2023-07-26,2023,1263.0999755859375,-0.930250994861126,-0.09627866093069315,1251.3499754969587,1261.8838798432275,0.9124396368861198,0.03597566392272711,1274.6250004166825,1263.5543841881624,-1.5774624422192574,0.3696741070598364,1243.1750478633887,1267.7693291419578,-0.03958514716941863,0.2107498236000538,1262.599975601705,1265.7619565563773
2023-07-27,2023,1251.3499755859375,1.0049205273389816,-0.09547665249556303,1263.925048359452,1250.155228518244,0.41954689659178257,0.03655862528830767,1256.5999755740104,1251.8074519345573,-1.0708454996347427,0.4407778847962618,1237.949950687695,1256.8656495397238,1.3485436327755451,0.2607000060379505,1268.22497600544,1254.612245047846
2023-07-28,2023,1263.925048828125,0.8465653285384178,-0.07905380334705114,1274.6250000702162,1262.9258680055702,-1.6417112201452255,0.023813778534531593,1243.1750494872877,1264.2260371400953,-0.7239372469484806,0.423981249332428,1254.7750246261464,1269.283854040772,0.7634869311004877,0.22861827164888382,1273.574951394833,1266.8146124296932
2023-07-31,2023,1274.625,-1.414143294095993,-0.09068490471690893,1256.599976037629,1273.469107533252,-2.877320721745491,0.039652478881180286,1237.9499507504515,1275.1304204089392,-0.9963676333427429,0.3722794586792588,1261.925049053505,1279.3701670501905,1.0983622632920742,0.2809746190905571,1288.6249999984866,1278.206372738583
2023-08-01,2023,1256.5999755859375,-1.0683532804250717,-0.09228712879121304,1243.1750485249445,1255.4402955480782,-0.14522928977385163,0.019230134785175323,1254.7750243660957,1256.8416214549532,-0.1810460351407528,0.39714016020298004,1254.3249511525596,1261.59043874209,2.4649830535054207,0.371334794908762,1287.574952034484,1261.2661685281032
2023-08-02,2023,1243.175048828125,-0.42030266486108303,-0.08368028793483973,1237.9499509690122,1242.1347563677316,1.5082349069416523,0.028475839644670486,1261.9250488689397,1243.5290533615319,1.5625255182385445,0.4199597518891096,1262.599976202439,1248.395883678731,2.07733828574419,0.4418700933456421,1269.0000000762507,1248.6682675768316
2023-08-03,2023,1237.949951171875,1.359107717871666,-0.0805896008387208,1254.7750245016405,1236.9522922476424,1.3227513991296291,0.03222019877284765,1254.3249514715255,1238.348821106851,2.445577457547188,0.46040406450629234,1268.2249761134508,1243.649523063624,3.267504647374153,0.49759503453969955,1278.400023358582,1244.1099286589929
2023-08-04,2023,1254.7750244140625,0.5698252003639936,-0.030846381559967995,1261.9250487110473,1254.3879717223126,0.6236138753592968,0.08363104425370693,1262.5999755708517,1255.8244058700147,1.4982706867158413,0.44173565693199635,1273.57495078909,1260.3178131111765,0.41640736162662506,0.5794982425868511,1259.999999987575,1262.0464236289608
2023-08-07,2023,1261.925048828125,-0.6022621877491474,-0.027667032554745674,1254.3249514212982,1261.5759116140493,0.4992314614355564,0.10561230592429638,1268.224975691611,1263.2577969712288,2.1158112213015556,0.4401743412017822,1288.6250006156456,1267.4797190982645,-0.1763256615959108,0.5884640850126743,1259.6999511369343,1269.3510245202572
2023-08-08,2023,1254.324951171875,0.6597193423658609,-0.003622588701546192,1262.5999754908771,1254.2795121379131,1.5346900559961796,0.1267091603949666,1273.5749514673887,1255.9142957861295,2.6508282870054245,0.4785936325788498,1287.574951788506,1260.3280705200314,0.5401331000030041,0.649943994358182,1261.0999754147508,1262.477360861753
2023-08-09,2023,1262.5999755859375,0.4455092828720808,0.008045369759202003,1268.2249756827134,1262.701556422553,2.061224915087223,0.16220135148614645,1288.6250008606,1264.6479298102017,0.5068924743682146,0.4634230397641659,1268.9999998435576,1268.4511547728594,-1.7978735268115997,0.7149869576096535,1239.9000248753482,1271.6274007381596
2023-08-10,2023,1268.2249755859375,0.42184749618172646,0.02644113264977932,1273.5749508913982,1268.5603086340298,1.5257526189088821,0.18542087636888027,1287.5749513645965,1270.576529449998,0.8023062720894814,0.44605620205402374,1278.4000241092688,1273.8819717455367,-2.684849128127098,0.7839703932404518,1234.1750483862284,1278.1674839142122
2023-08-11,2023,1273.574951171875,1.181716751307249,0.037055311258882284,1288.6249997103262,1274.0468783341469,-0.3592211985960603,0.203183782286942,1268.9999999672561,1276.1626489279251,-1.0658933781087399,0.4366012290120125,1260.0000001020824,1279.1353950610805,-4.059435427188873,0.7983732968568802,1221.8749984122005,1283.7428334974893
2023-08-14,2023,1288.625,-0.08148598717525601,0.017948937602341175,1287.5749511977629,1288.8562944971782,-0.7934795692563057,0.23368268739432096,1278.400023900671,1291.636293530435,-2.2446444258093834,0.4062490537762642,1259.6999507679138,1293.8600268692244,-6.087880581617355,0.7807624526321888,1210.1750488551334,1298.6861001552315
2023-08-16,2023,1287.574951171875,-1.4426306821405888,0.010507798288017511,1268.9999998707128,1287.7102469505512,-2.141619101166725,0.22543035447597504,1260.00000007574,1290.4775359484456,-2.0561890676617622,0.37805994506925344,1261.0999757879276,1292.4427563250008,-6.1006098985672,0.7575464434921741,1209.0250262492118,1297.3289294217736
2023-08-17,2023,1269.0,0.7407426834106445,0.013518950436264277,1278.400024652481,1269.1715554810362,-0.7328643463551998,0.18927324563264847,1259.6999514447525,1271.4018774870783,-2.2931423038244247,0.43094009160995483,1239.900024164468,1274.4686297625303,-5.161544680595398,0.7971752434968948,1203.4999980032444,1279.1161538399756
2023-08-18,2023,1278.4000244140625,-1.4393010176718235,0.01197675010189414,1259.9999998527542,1278.5531351902891,-1.3532578945159912,0.17182519659399986,1261.0999751601848,1280.5966377692698,-3.459400311112404,0.43992805294692516,1234.1750499922214,1284.0240647503404,-5.637912452220917,0.787760503590107,1206.3249502484268,1288.4707548842828
2023-08-21,2023,1260.0,-0.023813398729544133,0.008096231613308191,1259.6999511760077,1260.1020125183277,-1.595236174762249,0.1694349106401205,1239.9000241979957,1262.1348798740655,-3.02579365670681,0.47440677881240845,1221.8749999254942,1265.9775254130363,-4.337303340435028,0.8078176528215408,1205.3499779105186,1270.1785024255514
2023-08-22,2023,1259.699951171875,0.11113951914012432,0.009259243961423635,1261.0999756402157,1259.816589863536,-2.0262684673070908,0.13600054662674665,1234.1750482785965,1261.4131499913256,-3.9314839988946915,0.48871487379074097,1210.1750491574685,1265.8562921983867,-3.802485018968582,0.717507628723979,1211.80004924461,1268.7383944205653
2023-08-23,2023,1261.0999755859375,-1.681068167090416,0.02212428953498602,1239.9000253411773,1261.3789849958619,-3.110377863049507,0.12109316885471344,1221.8750011143898,1262.6270815088005,-4.129327833652496,0.5084672011435032,1209.0250232838825,1267.5122553354208,-3.7070810794830322,0.6246758624911308,1214.349976997626,1268.9777627353044
2023-08-24,2023,1239.9000244140625,-0.46172882430255413,0.018012954387813807,1234.1750486088083,1240.1233670399147,-2.397368662059307,0.1026051351800561,1210.175049787894,1241.1722255102102,-2.9357224702835083,0.6288964301347733,1203.5000007882882,1247.6977114048427,-1.9275767728686333,0.7467953488230705,1215.9999995366645,1249.1595401264428
2023-08-25,2023,1234.175048828125,-0.9966210462152958,0.024084944743663073,1221.875000544366,1234.4722992066754,-2.0378004759550095,0.10445318184792995,1209.0250238089875,1235.4641839361993,-2.256575971841812,0.6822097580879927,1206.3249512258026,1242.5947114431178,-0.8163407444953918,0.7619152311235666,1224.0999750461451,1243.578416503873
2023-08-28,2023,1221.875,-0.9575407952070236,0.003698852378875017,1210.1750484085642,1221.9201953525044,-1.5038363635540009,0.15135393477976322,1203.4999994328246,1223.7243558905902,-1.3524316251277924,0.7177358027547598,1205.3499760804698,1230.6448343399097,1.262408122420311,0.8849337697029114,1237.3000492458232,1232.6877844985574
2023-08-29,2023,1210.175048828125,-0.09502959437668324,0.02637141151353717,1209.025024387976,1210.4941890702855,-0.3181438660249114,0.1900876173749566,1206.3249511421143,1212.4754417445085,0.13427810044959188,0.7357156835496426,1211.8000488958064,1219.078496460758,0.764352222904563,0.9617888368666172,1219.4250487148793,1221.814377354299
2023-08-30,2023,1209.0250244140625,-0.4569818265736103,0.03584038931876421,1203.4999997737632,1209.4583436897738,-0.30396797228604555,0.2380399266257882,1205.3499755629202,1211.9029866950652,0.440433481708169,0.6942345295101404,1214.3499754238123,1217.4184936039633,1.3647359795868397,0.9200836531817913,1225.5250239244497,1220.1490660265736
2023-08-31,2023,1203.5,0.234727980569005,0.0852917437441647,1206.324951246148,1204.526486135961,0.689659221097827,0.2908002119511366,1211.8000487259123,1206.999780550832,1.0386372916400433,0.6774274632334709,1215.999999804888,1211.6528395200148,1.9235583022236824,0.9701971895992756,1226.650024167262,1215.1763231768273
2023-09-01,2023,1206.324951171875,-0.08082197164185345,0.09322833502665162,1205.3499755619303,1207.4495878388636,0.665245670825243,0.32774005085229874,1214.3499756856306,1210.2785611802897,1.4734855853021145,0.6135446485131979,1224.0999754392953,1213.7262933534694,1.873466745018959,0.9147856384515762,1228.9250479689463,1217.3602385782533
2023-09-04,2023,1205.3499755859375,0.5351203493773937,0.08642272441647947,1211.8000485865132,1206.3916718735923,0.8835628628730774,0.381851801648736,1216.0000003378645,1209.952626183885,2.650688588619232,0.5559657234698534,1237.3000498417186,1212.0513082980476,1.0681545361876488,0.9032608941197395,1218.2249760270954,1216.237430552687
2023-09-05,2023,1211.800048828125,0.2104247221723199,0.08357720216736197,1214.3499757141556,1212.8128374047983,1.0150128975510597,0.44368975795805454,1224.0999756162605,1217.176681531706,0.6292292382568121,0.49018897116184235,1219.425049044562,1217.7401590200143,-1.7102736979722977,0.9260479360818863,1191.0749513210021,1223.0218981697371
2023-09-06,2023,1214.3499755859375,0.13587716966867447,0.07209236500784755,1215.999999962636,1215.2254292028097,1.8899060785770416,0.4763488657772541,1237.300049589735,1220.1345179212076,0.9202494286000729,0.4382324405014515,1225.525024297472,1219.6716511201766,-2.6310332119464874,0.9190953336656094,1182.4000244190074,1225.5110095459172
2023-09-07,2023,1216.0,0.6661164108663797,0.064718013163656,1224.0999755561352,1216.78697104007,0.2816651947796345,0.4999506752938032,1219.4250487685204,1222.0794002115726,0.8758244104683399,0.41469838470220566,1226.650024831295,1221.0427323579788,-3.1681764870882034,0.9093495085835457,1177.4749739170074,1227.057690024376
2023-09-08,2023,1224.0999755859375,1.078349258750677,0.07229247130453587,1237.3000485990356,1224.9849077095269,0.11641604360193014,0.48690950497984886,1225.525024347247,1230.0602347175213,0.39417315274477005,0.4026926588267088,1228.9250490524526,1229.0293363243215,-4.40119281411171,0.9048739448189735,1170.224975422906,1235.17653732355
2023-09-11,2023,1237.300048828125,-1.4446779154241085,0.04651674535125494,1219.4250482751734,1237.8756005410694,-0.8607471361756325,0.4621707834303379,1226.6500240919372,1243.018488157178,-1.541669201105833,0.34219641238451004,1218.2249750500744,1241.5340452056466,-5.3382400423288345,0.8958887308835983,1171.2500021778278,1248.3848805327934
2023-09-12,2023,1219.425048828125,0.5002337507903576,0.05001688841730356,1225.525024487955,1220.03496729413,0.7790556643158197,0.43605477549135685,1228.9250487431063,1224.7424099870777,-2.3248741403222084,0.37140550557523966,1191.0749512073085,1223.9540605958362,-2.868163026869297,0.8932581171393394,1184.4499504372538,1230.3176620592126
2023-09-13,2023,1225.5250244140625,0.09179739281535149,0.03593976143747568,1226.6500244347744,1225.9654751841936,-0.5956670735031366,0.43537579476833344,1218.2249753660867,1230.86066372919,-3.518899902701378,0.3166959621012211,1182.400025522375,1229.4062126809217,-4.7714222222566605,0.9288319386541843,1167.0500510598536,1236.9080922570197
2023-09-14,2023,1226.6500244140625,0.1854664646089077,0.025826808996498585,1228.9250488474677,1226.9668289729234,-2.9001811519265175,0.4114366602152586,1191.0749516059038,1231.6969123070414,-4.008889943361282,0.2840341068804264,1177.4749749450884,1230.1341288554554,-4.41446416079998,0.9236004203557968,1172.4999987078595,1237.9793691958453
2023-09-15,2023,1228.925048828125,-0.8706855587661266,0.05721802590414882,1218.224975899919,1229.628215480906,-3.7858307361602783,0.3634585067629814,1182.4000266052171,1233.391681459832,-4.776538163423538,0.3009263891726732,1170.2249748709783,1232.6232086032019,-5.6838370859622955,1.0082527063786983,1159.0749511441518,1241.3157188923003
2023-09-18,2023,1218.2249755859375,-2.2286543622612953,0.03554562572389841,1191.074951525385,1218.6580012762342,-3.3450309187173843,0.3228667192161083,1177.4749734930506,1222.158218597283,-3.8560181856155396,0.3196301171556115,1171.2499989856333,1222.1187895026217,-5.0196003168821335,1.0886255651712418,1157.0749508510885,1231.4868841114671
2023-09-20,2023,1191.074951171875,-0.7283275481313467,0.1304327859543264,1182.4000241835984,1192.6285034134926,-1.750517450273037,0.3558435244485736,1170.2249763057803,1195.313314256949,-0.5562202539294958,0.3936449997127056,1184.4499510539763,1195.7635581599936,-2.8566550463438034,1.2331909500062466,1157.0500484734866,1205.7631796775179
2023-09-21,2023,1182.4000244140625,-0.416529830545187,0.08456189534626901,1177.4749755960042,1183.3998842852818,-0.9429993107914925,0.3152374178171158,1171.2500003330395,1186.1273917192943,-1.2982049025595188,0.4714705515652895,1167.0500493292543,1187.9746923308755,-1.9790276885032654,1.3560740277171135,1159.0000005420388,1198.4342440488624
2023-09-22,2023,1177.4749755859375,-0.615724315866828,0.08780522621236742,1170.224975848008,1178.5088601518448,0.5923672113567591,0.3357917070388794,1184.4499512632397,1181.4288389064131,-0.42251222766935825,0.5218852777034044,1172.49999983634,1183.6200441321623,-2.4076923727989197,1.4609994366765022,1149.125000407139,1194.6778783462548
2023-09-25,2023,1170.2249755859375,0.08759208139963448,0.09784584399312735,1171.2499999991117,1171.369992089918,-0.27130909729748964,0.3324479330331087,1167.0500487683255,1174.1153643291102,-0.9528103284537792,0.5834952462464571,1159.074951152409,1177.0531826888703,-1.3693968765437603,1.5265148133039474,1154.1999513217288,1188.0886331872393
2023-09-26,2023,1171.25,1.1269968934357166,0.13728952035307884,1184.4499511143658,1172.8580035071354,0.10672358330339193,0.3315564012154937,1172.499999969441,1175.1333543492365,-1.210249587893486,0.6908284034579992,1157.0749517017975,1179.3413276755018,0.10886014206334949,1.6601372510194778,1172.525024413917,1190.6943575525656
2023-09-27,2023,1184.449951171875,-1.4690280891954899,0.1472552539780736,1167.050048686698,1186.1941159557164,-2.1423446014523506,0.3165065310895443,1159.0749515860393,1188.198812624821,-2.3133018985390663,0.7009092252701521,1157.050047964171,1192.7518701483464,-0.823166873306036,1.5984207391738892,1174.6999515429386,1203.3824448365413
2023-09-28,2023,1167.050048828125,0.4669852089136839,0.15319521771743894,1172.4999999367724,1168.8379136912988,-0.8547275327146053,0.34324442967772484,1157.0749507402318,1171.0558831122787,-0.6897774990648031,0.8160019293427467,1159.0000001884837,1176.573199742958,0.651212502270937,1.7558898776769638,1174.6500246538528,1187.542162502922
2023-09-29,2023,1172.5,-1.1449934914708138,0.16387493815273046,1159.0749513125047,1174.4214336498408,-1.31769310683012,0.3723485395312309,1157.0500483224168,1176.8657866260037,-1.9936034455895424,0.8778223767876625,1149.1249996004626,1182.7924673678353,-0.04050964489579201,1.8342608585953712,1172.0250244135968,1194.0067085670307
2023-10-03,2023,1159.074951171875,-0.17255139537155628,0.15269629657268524,1157.0749511702256,1160.844815696816,-0.006466464401455596,0.38123189006000757,1159.0000000027712,1163.4937145154397,-0.4205940291285515,0.8785526268184185,1154.1999511341214,1169.2580346021898,1.6004184260964394,1.7359830439090729,1177.625000262698,1179.1962957904161
2023-10-04,2023,1157.074951171875,-0.002152180786652025,0.1477833604440093,1157.0500488270886,1158.7849154175726,-0.6870731245726347,0.41887182742357254,1149.1250001512112,1161.921612164509,1.3352698646485806,0.8832926861941814,1172.5250243062703,1167.295309589361,0.4256465006619692,1.7389679327607155,1162.0000002115744,1177.1961135307606
2023-10-05,2023,1157.050048828125,0.1685278140939772,0.12490972876548767,1158.9999999833883,1158.4953169057972,-0.24632448330521584,0.3731547622010112,1154.1999512737664,1161.3676361863763,1.5254225581884384,0.8050812408328056,1174.6999512824796,1166.365241718287,-0.34355451352894306,1.5214776620268822,1153.0749511615873,1174.654306859516
2023-10-06,2023,1159.0,-0.8520276285707951,0.09480720618739724,1149.1249997848645,1160.098815519712,1.1669564060866833,0.37887676153331995,1172.5250247465447,1163.3911816661712,1.3503041118383408,0.740969879552722,1174.6500246562064,1167.587840904016,-0.8153538219630718,1.4366332441568375,1149.550049203448,1175.6505792997777
2023-10-09,2023,1149.125,0.4416361451148987,0.07205685833469033,1154.1999513525516,1149.9530233733385,2.2256022319197655,0.39479942061007023,1174.699951647548,1153.6617388420855,1.9928228110074997,0.6983904633671045,1172.02502512699,1157.1503794121672,-1.5250755473971367,1.3704615645110607,1131.5999756159727,1164.8733164531877
2023-10-10,2023,1154.199951171875,1.5876861289143562,0.0705813814420253,1172.5250236965671,1155.0146014420152,1.7717964947223663,0.42031994089484215,1174.6500254488255,1159.051283724449,2.0295485854148865,0.647958554327488,1177.624999953743,1161.6786884895369,-2.18549445271492,1.3759912922978401,1128.9749752657754,1170.081641995706
2023-10-11,2023,1172.5250244140625,0.18549086526036263,0.05334191955626011,1174.6999512272423,1173.1504717693624,-0.0426430138759315,0.41537191718816757,1172.0250244052029,1177.3953640874822,-0.8976374752819538,0.593079999089241,1162.000000387863,1179.4790358181785,-5.055331438779831,1.3946736231446266,1113.2499982272975,1188.8779216543355
2023-10-12,2023,1174.699951171875,-0.004250170968589373,0.01831317786127329,1174.6500244155823,1174.9150760632695,0.24900392163544893,0.35816156305372715,1177.6250001177427,1178.9072748781837,-1.840895600616932,0.4893857054412365,1153.0749514503027,1180.4487648147353,-3.55834923684597,1.2569562532007694,1132.9000244241206,1189.4654156644763
2023-10-13,2023,1174.6500244140625,-0.22347080521285534,0.009445403702557087,1172.0250245460713,1174.7609748509606,-1.0769185610115528,0.30829301103949547,1162.0000002742208,1178.271388343505,-2.136804535984993,0.503592099994421,1149.550049410434,1180.5654691395944,-1.566426083445549,1.2984581291675568,1156.2500000424411,1189.9023631453356
2023-10-16,2023,1172.0250244140625,0.47780340537428856,-0.00959478784352541,1177.6249998925518,1171.912571099497,-1.6168659552931786,0.26845443062484264,1153.074950806795,1175.171377520134,-3.449162468314171,0.48748780973255634,1131.5999771527227,1177.738503535096,-2.3954330012202263,1.2658627703785896,1143.9499501966886,1186.8612528576407
2023-10-17,2023,1177.625,-1.3268230482935905,-0.018277543131262064,1162.0000000775326,1177.4097590827005,-2.3840315639972687,0.23621181026101112,1149.5500482944772,1180.4066893305862,-4.131198301911354,0.4819535184651613,1128.9749759971164,1183.3006051218254,-2.456218935549259,1.204105094075203,1148.699951760238,1191.804842614103
2023-10-18,2023,1162.0,-0.7680764887481928,-0.008766353130340576,1153.074951200746,1161.8981349766254,-2.6161810383200645,0.2551162149757147,1131.5999763347208,1164.9644504180178,-4.195353016257286,0.48960717394948006,1113.2499979510903,1167.689235361293,-0.1635132939554751,1.2806124985218048,1160.0999755242374,1176.8807172328234
2023-10-19,2023,1153.074951171875,-0.30569585505872965,-0.004289776552468538,1149.550048840422,1153.0254868329873,-2.090061455965042,0.26218590792268515,1128.974976059044,1156.098151201634,-1.7496630549430847,0.47560594975948334,1132.9000247554177,1158.5590442448347,0.5875614937394857,1.2742565013468266,1159.8499755789162,1167.7680837025844
2023-10-20,2023,1149.550048828125,-1.5614869073033333,-0.0015399418771266937,1131.5999753227748,1149.5323464255246,-3.1577613204717636,0.2743179677054286,1113.2500020267662,1152.7034711598271,0.582832470536232,0.4704405553638935,1156.2499997777604,1154.957998462018,1.73545740544796,1.2605713680386543,1169.5000002798433,1164.0409476049267
2023-10-23,2023,1131.5999755859375,-0.23197242990136147,-0.012886221520602703,1128.9749756258075,1131.4541551063564,0.11488590389490128,0.24525439366698265,1132.900024446364,1134.3752742447964,1.0913728736341,0.5149759817868471,1143.9499507575324,1137.427443670111,2.677628956735134,1.254136860370636,1161.9000242066343,1145.7917879917059
2023-10-25,2023,1128.9749755859375,-1.3928541913628578,-0.006314308848232031,1113.250000319051,1128.9036886191598,2.4159103631973267,0.2618547761812806,1156.2499990190227,1131.9312504814006,1.747157983481884,0.49507725052535534,1148.6999520033999,1134.5642738541876,3.4522444009780884,1.2673821300268173,1167.9499509690468,1143.2834026789883
2023-10-26,2023,1113.25,1.7651043832302094,-0.007244420703500509,1132.9000245463103,1113.1693514865183,2.757687121629715,0.26591503992676735,1143.9499518815428,1116.2102991819847,4.208396747708321,0.509320292621851,1160.0999767938629,1118.9200081576128,3.774985298514366,1.2547989375889301,1155.2750238357112,1127.2190491727088
2023-10-27,2023,1132.9000244140625,2.061080001294613,0.011976365931332111,1156.2500002519225,1133.0357046666225,1.3946443796157837,0.2610997762531042,1148.699950931219,1135.858023842979,2.3788463324308395,0.5271955393254757,1159.8499750949445,1138.8726228077908,2.1669985726475716,1.1614702641963959,1157.4499517726392,1146.0583213207055
2023-10-30,2023,1156.25,-1.063788030296564,0.05687716184183955,1143.949950899696,1156.9076421837963,0.3329708706587553,0.2650353591889143,1160.0999756919919,1159.3144713406218,1.145945955067873,0.5251641385257244,1169.5000001054723,1162.3222103517037,0.09081503376364708,1.1119293048977852,1157.3000488278922,1169.1066825878806
2023-10-31,2023,1143.949951171875,0.415227934718132,0.053287536138668656,1148.699950928335,1144.559533915514,1.3899230398237705,0.2768652979284525,1159.8499751072657,1147.1171516123395,1.5691310167312622,0.5357783287763596,1161.900024671595,1150.0789871023017,2.9961995780467987,1.1775592342019081,1178.2249747819533,1157.4206394565476
2023-11-01,2023,1148.699951171875,0.9924284182488918,0.06429092027246952,1160.0999759277158,1149.438460941653,1.8107468262314796,0.2957877703011036,1169.4999990806423,1152.0976651448962,1.675807498395443,0.539394561201334,1167.949951087678,1154.8959762330185,2.7552908286452293,1.1869375593960285,1180.349975575166,1162.3343023370978
2023-11-02,2023,1160.0999755859375,-0.021549867233261466,0.05660754977725446,1159.8499755814257,1160.7566797570832,0.15516325365751982,0.3016936359927058,1161.9000244537367,1163.5999233834332,-0.4159082192927599,0.45809298753738403,1155.2750244354622,1165.4143122225196,1.5235797502100468,1.1293558403849602,1177.7750238961567,1173.2016324145218
2023-11-03,2023,1159.8499755859375,0.8320062421262264,0.04315529367886484,1169.499999782112,1160.3505122491358,0.6983640603721142,0.3128810552880168,1167.9499509696643,1163.4789264293086,-0.20692541729658842,0.4084286279976368,1157.449951183942,1164.5871349280542,1.2781888246536255,1.1423672549426556,1174.6750483566248,1173.0997219134915
2023-11-06,2023,1169.5,-0.6498482543975115,0.02202389296144247,1161.900024664821,1169.757569428184,-1.2163296341896057,0.308804539963603,1155.2750249281526,1173.1114690948743,-1.0431766510009766,0.3388903336599469,1157.3000490665436,1173.463322452153,1.7058530822396278,1.1269109323620796,1189.4499517967924,1182.6792233539745
2023-11-07,2023,1161.9000244140625,0.5206925328820944,-0.02357730409130454,1167.9499510807418,1161.6260797120694,-0.38299968000501394,0.27716956101357937,1157.4499510385785,1165.1204576111477,1.4050220139324665,0.3198714926838875,1178.2249755369667,1165.6166113656502,2.771318517625332,1.1130377650260925,1194.0999749469427,1174.8324104776384
2023-11-08,2023,1167.949951171875,-1.0852285660803318,-0.044626707676798105,1155.2750246642365,1167.4287335613542,-0.911845825612545,0.23580016568303108,1157.3000482968705,1170.7039790918332,1.0616914369165897,0.3012867644429207,1180.3499757909383,1171.4688297900734,2.5514833629131317,1.0254230350255966,1197.7499998631774,1179.9263790087616
2023-11-09,2023,1155.2750244140625,0.18826051382347941,-0.06210724823176861,1157.4499511110987,1154.55751488689,1.9865358248353004,0.17992807552218437,1178.2249766494226,1157.3536885324793,1.947588287293911,0.32016958575695753,1177.7750254755827,1158.9738636740826,3.607359901070595,0.9229394607245922,1196.949952391859,1165.9375134942757
2023-11-10,2023,1157.449951171875,-0.012951086682733148,-0.07808234076946974,1157.3000488253895,1156.546187156765,1.9784893840551376,0.11334957089275122,1180.349975581562,1158.7619157248266,1.4881937764585018,0.34332452341914177,1174.6750493108368,1161.423760700551,3.434273600578308,0.743734510615468,1197.1999492848772,1166.0583059018422
2023-11-13,2023,1157.300048828125,1.8080813810229301,-0.10928378906100988,1178.2249755335556,1156.0353074839607,1.7692020162940025,0.0709346029907465,1177.7750246265637,1158.1209750231728,2.7780093252658844,0.36816883366554976,1189.449952105877,1161.5608669199064,3.7198588252067566,0.6275414489209652,1200.34997682858,1164.562586322904
2023-11-15,2023,1178.2249755859375,0.18035605316981673,-0.06089862436056137,1180.3499756493654,1177.507452783933,-0.30129447113722563,0.08594316896051168,1174.6750488769392,1179.2375794674404,1.347365789115429,0.3614986315369606,1194.099975825796,1182.4842427491074,0.8911710232496262,0.5313300527632236,1188.7249751570494,1184.4852389703879
2023-11-16,2023,1180.3499755859375,-0.2181515097618103,-0.0741143012419343,1177.7750242937236,1179.4751674493227,0.7709557190537453,0.06311056204140186,1189.4499512275668,1181.0949010895854,1.4741411432623863,0.3792249131947756,1197.7500002105373,1184.8261567562479,1.4233107678592205,0.42945872992277145,1197.1500238868757,1185.4190915997326
2023-11-17,2023,1177.7750244140625,-0.26320607867091894,-0.0943879596889019,1174.6750489567369,1176.6633465987925,1.386084035038948,0.07154822815209627,1194.099975996142,1178.6177015756487,1.6280636191368103,0.3971344791352749,1196.9499511018275,1182.4523751226548,2.7445778250694275,0.46864813193678856,1210.099976563337,1183.2946450643972
2023-11-20,2023,1174.675048828125,1.2577863410115242,-0.09894510731101036,1189.4499511435556,1173.5127653405063,1.9643688574433327,0.059738452546298504,1197.749999663462,1175.3767815247425,1.9175432622432709,0.42373971082270145,1197.1999510801816,1179.6526134831356,3.7627384066581726,0.4520608112215996,1218.8749980438115,1179.9852943830751
2023-11-21,2023,1189.449951171875,0.39093904197216034,-0.05815292242914438,1194.0999754157247,1188.7582512644365,0.6305435672402382,0.06333356723189354,1196.9499513245314,1190.2032722563902,0.916391983628273,0.4320989828556776,1200.3499751736845,1194.589552312466,3.455387055873871,0.3529852256178856,1230.550050820766,1193.6485337656309
2023-11-22,2023,1194.0999755859375,0.3056715941056609,-0.049079651944339275,1197.7500000165264,1193.5139154740525,0.25960770435631275,0.09231390431523323,1197.1999511202755,1195.2022958948282,-0.45012980699539185,0.4416882060468197,1188.7249756705005,1199.3741743465084,2.8829285874962807,0.3516796976327896,1228.5250251453906,1198.2993827695113
2023-11-23,2023,1197.75,-0.06679598009213805,-0.03257625503465533,1196.9499511484464,1197.3598179053224,0.21707164123654366,0.08188816718757153,1200.3499755829107,1198.7308155224891,-0.050091888988390565,0.4406087566167116,1197.1500243996416,1203.0273913823767,2.515132538974285,0.2769564278423786,1227.8749999855645,1201.067245614482
2023-11-24,2023,1196.949951171875,0.020886420679744333,-0.028591405134648085,1197.1999511740028,1196.6077263620764,-0.6871611811220646,0.07531223818659782,1188.7249757499624,1197.851400970076,1.098627783358097,0.4564804956316948,1210.0999758883404,1202.4137942414477,2.734040655195713,0.2692999318242073,1229.6750494592593,1200.1733365743507
2023-11-28,2023,1197.199951171875,0.2631159732118249,-0.011147861368954182,1200.3499754746924,1197.0664889810091,-0.0041702940507093444,0.06387794855982065,1197.1500244135361,1197.9646979408428,1.8104786053299904,0.45536505058407784,1218.875000150863,1202.6515813351214,1.2383121997117996,0.24539176374673843,1212.02502422218,1200.1377812476308
2023-11-29,2023,1200.3499755859375,-0.9684675373136997,-0.013798836153000593,1188.7249757382347,1200.1843412595438,0.8122631348669529,0.047176145017147064,1210.0999759270067,1200.9162544311332,2.515939064323902,0.48095639795064926,1230.5500495303065,1206.1231355913171,1.3850127346813679,0.22000214084982872,1216.9749756085475,1202.9907712299168
2023-11-30,2023,1188.7249755859375,0.7087466772645712,-0.02374348696321249,1197.1500243522169,1188.4427308263307,2.536332979798317,0.027951784431934357,1218.8749991808231,1189.0572454286018,3.348129242658615,0.4799452144652605,1228.5250241083168,1194.4302042194156,3.6467622965574265,0.20909886807203293,1232.074949805367,1191.2105860543772
2023-12-01,2023,1197.1500244140625,1.081731729209423,-0.03501162864267826,1210.0999760743878,1196.730882693219,2.7899615466594696,0.019873445853590965,1230.5500497510393,1197.3879393759507,2.5665100663900375,0.5096928216516972,1227.8750003004402,1203.2518121529024,4.230883717536926,0.18143178895115852,1247.8000498714864,1199.322035119786
2023-12-04,2023,1210.0999755859375,0.7251487113535404,-0.033913913648575544,1218.8749999649885,1209.6895833251558,1.5226054936647415,0.03345420118421316,1228.5250242930447,1210.5048048663002,1.6176410019397736,0.51523856818676,1229.6750489554788,1216.3348773737748,4.16494719684124,0.2364305779337883,1260.5000005980805,1212.961021951792
2023-12-05,2023,1218.875,0.9578544646501541,-0.04224623553454876,1230.5500486060046,1218.3600711966283,0.7383857853710651,0.03896548878401518,1227.8749997414416,1219.3499406014162,-0.5619916599243879,0.5074333399534225,1212.0250241550966,1225.0599781223573,4.936933517456055,0.219085905700922,1279.0500484108925,1221.545383333112
2023-12-06,2023,1230.550048828125,-0.16456254525110126,-0.037375453393906355,1228.5250243471849,1230.0901251681366,-0.07110641454346478,0.041158380918204784,1229.6750488092405,1231.056523304611,-1.1031711474061012,0.5060288589447737,1216.9749757350614,1236.7769871989544,2.6837512850761414,0.21261144429445267,1263.574951577055,1233.1663390597046
2023-12-07,2023,1228.5250244140625,-0.05291096167638898,-0.07785214111208916,1227.87500000921,1227.5685913784582,-1.3430739752948284,0.029300106689333916,1212.0250245311727,1228.884983556921,0.2889584517106414,0.48692310228943825,1232.074951303487,1234.5069965753414,4.293766990303993,0.2384210005402565,1281.2750263799776,1231.454086069158
2023-12-08,2023,1227.875,0.14659870648756623,-0.10025938972830772,1229.6750488672842,1226.6439400183735,-0.8877145126461983,0.026882486417889595,1216.9749754278455,1228.2050833301037,1.622726209461689,0.4446275532245636,1247.8000494444277,1233.334470569156,4.450780898332596,0.24632345885038376,1282.5250259554014,1230.8995441703591
2023-12-11,2023,1229.675048828125,-1.4353405684232712,-0.11567804031074047,1212.0250239925163,1228.2525848294504,0.19516557222232223,0.007440848276019096,1232.0749511736456,1229.7665470827965,2.5067558512091637,0.4793146625161171,1260.5000000654832,1235.5690616384604,4.82647642493248,0.1498592086136341,1289.0250251630914,1231.5178301248181
2023-12-12,2023,1212.0250244140625,0.4084033891558647,-0.14957021921873093,1216.9749756911867,1210.2121959280605,2.9516737908124924,0.012062769383192062,1247.800049397781,1212.1712281976243,5.53000345826149,0.4661759827286005,1279.0500501791548,1217.6751939825413,6.716035306453705,0.2921716310083866,1293.425052976765,1215.5662176961227
2023-12-13,2023,1216.9749755859375,1.240779459476471,-0.13363310135900974,1232.0749511099766,1215.348694183299,3.576492890715599,-7.934868335723877e-05,1260.4999990695565,1216.9740099323176,3.8291648030281067,0.4827710799872875,1263.574953012734,1222.8501788187486,7.050272077322006,0.2080930396914482,1302.7750224776692,1219.5074158049185
2023-12-14,2023,1232.074951171875,1.2763101607561111,-0.09362606797367334,1247.8000489618125,1230.9214078406042,3.812681883573532,-0.00957166776061058,1279.0500496272525,1231.9570210509871,3.9932694286108017,0.48291212879121304,1281.275023534593,1238.0247905468823,4.902300983667374,0.11142557486891747,1292.4749736226931,1233.4477977690342
2023-12-15,2023,1247.800048828125,1.0177874006330967,-0.0832065474241972,1260.5000005101913,1246.7617974887376,1.264217123389244,-0.0043427105993032455,1263.5749507110695,1247.7458604831463,2.782895788550377,0.4720141179859638,1282.5250238364924,1253.6898412228295,3.792671114206314,0.0720905140042305,1295.1250008430816,1248.6995942970702
2023-12-18,2023,1260.5,1.4716421253979206,-0.06180217023938894,1279.0500489906408,1259.7209836441325,1.648157462477684,0.010083941742777824,1281.2750248145312,1260.6271080856677,2.262992784380913,0.5319396965205669,1289.0250240471214,1267.2050998746417,3.5977765917778015,0.06893808022141457,1305.8499739393592,1261.368964501191
2023-12-19,2023,1279.050048828125,-1.2098899111151695,-0.05954389926046133,1263.5749513292399,1278.2884525555598,0.27168409433215857,0.03427716437727213,1282.5250243693388,1279.4884709158293,1.1238809674978256,0.43934155255556107,1293.425048891676,1284.6694471706091,0.9851042181253433,0.07079178467392921,1291.6500248110651,1279.9555111845632
2023-12-20,2023,1263.574951171875,1.400793343782425,-0.05991971120238304,1281.2750249815927,1262.8178207103072,2.0141324028372765,0.04634307697415352,1289.025023697563,1264.1605306841227,3.102314844727516,0.46552419662475586,1302.7750244563385,1269.4571983120695,2.7501337230205536,0.18805963918566704,1298.3249520196932,1265.9512256658893
2023-12-21,2023,1281.2750244140625,0.09755907231010497,-0.03385839518159628,1282.525024441622,1280.8412052529334,0.9482760913670063,0.08372175507247448,1293.4250491352377,1282.3477303518073,0.8741254918277264,0.44602169655263424,1292.4749760228879,1286.9897890154593,1.761912927031517,0.19875066354870796,1303.84997470004,1283.8215670269692
2023-12-22,2023,1282.5250244140625,0.5068127065896988,-0.021384854335337877,1289.0250242029856,1282.2507583057773,1.578916609287262,0.1076113898307085,1302.7750250428016,1283.905167417761,0.9824350476264954,0.41357376612722874,1295.1249997484865,1287.8292114590558,0.8693806827068329,0.209018774330616,1293.6750492271995,1285.2057425005762
2023-12-26,2023,1289.0250244140625,0.3413451602682471,-0.020623335149139166,1293.4250489495464,1288.7591844631213,0.26764036156237125,0.11408827267587185,1292.4749756500337,1290.4956507987763,1.3052462600171566,0.42035290971398354,1305.8499753359124,1294.4434786111283,0.09503117180429399,0.1964045688509941,1290.2499999996137,1291.5567284556444
2023-12-27,2023,1293.425048828125,0.7228849921375513,0.001931050792336464,1302.7750243906512,1293.4500255227786,0.1314302091486752,0.06688910070806742,1295.1250000749812,1294.290209211619,-0.13723442098125815,0.44318912550807,1291.6500244515391,1299.1573679911287,2.445058524608612,0.04391856491565704,1325.0500482439202,1293.99310254783
2023-12-28,2023,1302.7750244140625,-0.7906237617135048,0.013692688662558794,1292.474975509376,1302.9534093421291,0.2360308775678277,0.08165768813341856,1305.8499757369216,1303.8388403805786,-0.3415841609239578,0.41338978335261345,1298.3249512781908,1308.1605632650599,4.384870827198029,0.03266306594014168,1359.9000264036167,1303.2005506793384
2023-12-29,2023,1292.4749755859375,0.20503487903624773,-0.0022527179680764675,1295.125000088704,1292.4458597699295,-0.06382724386639893,0.05428562872111797,1291.6500244313581,1293.1766037524974,0.8800944313406944,0.4361383616924286,1303.8499758725413,1298.1119547697426,6.05427585542202,0.027698278427124023,1370.7249759702086,1292.8329689032762
2024-01-01,2024,1295.125,0.8281035348773003,-0.19198154332116246,1305.8499759060796,1292.6385990370618,0.2470766194164753,-0.15962559264153242,1298.3249510672176,1293.0576490433014,-0.11195453116670251,-0.019535981118679047,1293.6750488782272,1294.8719846245367,7.644049823284149,0.34270966425538063,1394.1250002738088,1299.5635185391875
2024-01-02,2024,1305.8499755859375,-1.0874106548726559,-0.19322327570989728,1291.6500238147642,1303.3267694872534,-0.15315695200115442,-0.1860099146142602,1303.8499755656223,1303.4209651613598,-1.1946223676204681,-0.035655731335282326,1290.2499996900215,1305.3843652270007,5.266686528921127,0.3215618431568146,1374.625000338042,1310.0490908362945
2024-01-03,2024,1291.6500244140625,0.5167752038687468,-0.1906429068185389,1298.324951460999,1289.1875852615972,0.15677810879424214,-0.2035608747974038,1293.6750488945793,1289.0207303250443,2.585841715335846,-0.034269969910383224,1325.050049561507,1291.2073763393482,5.413612350821495,0.33406587317585945,1361.574949665131,1295.9649863464974
2024-01-04,2024,1298.324951171875,0.42555020190775394,-0.18463694723322988,1303.8499756230058,1295.927763616864,-0.6219514645636082,-0.2021799562498927,1290.2500001232668,1295.6999983536143,4.742655158042908,-0.012480653822422028,1359.900026436786,1298.162911729229,5.362679064273834,0.3671793267130852,1367.9499515146126,1303.0921319861359
2024-01-05,2024,1303.8499755859375,-0.7803755812346935,-0.14521441189572215,1293.6750487605304,1301.9565975118878,1.625959575176239,-0.1736240228638053,1325.05004910991,1301.5861788062164,5.129041150212288,0.011371122673153877,1370.724977370773,1303.9982379661353,4.877860099077225,0.44123223051428795,1367.449953296872,1309.6029819157752
2024-01-08,2024,1293.675048828125,-0.26475340127944946,-0.11873565381392837,1290.250000134849,1292.1389953006712,5.119135230779648,-0.1418750500306487,1359.9000240244914,1291.839646705366,7.764697074890137,0.01961137168109417,1394.124997503066,1293.9287562502964,2.6977332308888435,0.4893651232123375,1328.5749505200788,1300.00584332479
2024-01-09,2024,1290.25,2.697155438363552,-0.10580966481938958,1325.0500480434857,1288.8847907996678,6.237161532044411,-0.0814690487459302,1370.724976667203,1289.1988455985556,6.539430469274521,0.06570201367139816,1374.6250016298145,1291.0977202313952,4.156171157956123,0.5813534371554852,1343.8749983655289,1297.7509127228986
2024-01-10,2024,1325.050048828125,2.630087547004223,-0.08863200200721622,1359.900025153927,1323.8756304422511,5.21300695836544,-0.09089673403650522,1394.1250000753598,1323.8456216093912,2.7564922347664833,0.0002573709934949875,1361.5749505308418,1325.0534591226,2.1150071173906326,0.5968526005744934,1353.074951669828,1332.9586445034693
2024-01-11,2024,1359.9000244140625,0.7960108108818531,-0.07402385817840695,1370.7249756255833,1358.8933739486222,1.0827983729541302,-0.09638296905905008,1374.624999752221,1358.5893123942974,0.5919498857110739,-0.06163693033158779,1367.9499510543665,1359.061823783435,6.482096016407013,0.605055270716548,1448.0500497237244,1368.1281711882555
2024-01-12,2024,1370.7249755859375,1.7071276903152466,-0.08527444442734122,1394.125001202232,1369.5560974783798,-0.6675317417830229,-0.10534117463976145,1361.5749512813538,1369.2810377955748,-0.23892645258456469,-0.11346978135406971,1367.4499510270794,1369.1696169531745,2.6920078322291374,0.538800423964858,1407.6249992870319,1378.1104475657867
2024-01-15,2024,1394.125,-1.3987268321216106,-0.11245202040299773,1374.6249995516846,1392.5572782705567,-1.8775252625346184,-0.1250316621735692,1367.9499509336893,1392.3819023397227,-4.701877385377884,-0.17463448457419872,1328.5749519011006,1391.69037699193,2.331211417913437,0.44688424095511436,1426.6250011799857,1400.3551249242155
2024-01-16,2024,1374.625,-0.949353352189064,-0.12816406087949872,1361.574951482471,1372.8632247781352,-0.5219640675932169,-0.11249638628214598,1367.4499514358467,1373.078596550069,-2.2369736805558205,-0.13766302727162838,1343.8750005436596,1372.7326496113674,3.7846703082323074,0.43596308678388596,1426.6500242245384,1380.617857581703
2024-01-17,2024,1361.574951171875,0.46820780262351036,-0.14266372891142964,1367.949951331829,1359.6324775746093,-2.4236638098955154,-0.14141101855784655,1328.5749518357197,1359.6495341649943,-0.6242770701646805,-0.10709669440984726,1353.074950958603,1360.1167494072574,7.059839367866516,0.41318200528621674,1457.6999555977163,1367.2007338586018
2024-01-18,2024,1367.949951171875,-0.03655104374047369,-0.14981311978772283,1367.4499511868744,1365.9005826728899,-1.759929209947586,-0.16672604251652956,1343.8750004037374,1365.6692223546793,5.855484679341316,-0.10039620101451874,1448.0500509838012,1366.5765813891185,5.195736512541771,0.4085630178451538,1439.0250262582094,1373.5388887749941
2024-01-19,2024,1367.449951171875,-2.8428828343749046,-0.15906939515843987,1328.5749512413418,1365.2747568054515,-1.0512268170714378,-0.17188487108796835,1353.074950575126,1365.0995115861108,2.937953919172287,-0.056896405294537544,1407.6250006050486,1366.6719213054562,4.413331300020218,0.3887912258505821,1427.8000478790545,1372.7664765999293
2024-01-23,2024,1328.574951171875,1.1516135185956955,-0.15735934721305966,1343.8749999142465,1326.4843143014748,8.992725610733032,-0.19822081085294485,1448.050051063692,1325.941439130873,7.3800913989543915,-0.06694206967949867,1426.624996871973,1327.6855756023172,8.548638969659805,0.35630594938993454,1442.1500271888926,1333.3087427650048
2024-01-24,2024,1343.875,0.6845838390290737,-0.11760919587686658,1353.074951066752,1342.2944794189098,4.743744805455208,-0.15591990668326616,1407.6250005043112,1341.7796313540603,6.159428879618645,-0.023347465321421623,1426.650024855975,1343.5612392504117,7.9062409698963165,0.49507576040923595,1450.1249958341941,1350.5281993751996
2024-01-25,2024,1353.074951171875,7.019204646348953,-0.0874804682098329,1448.050051013115,1351.89127486936,5.4357703775167465,-0.11276600416749716,1426.624998553275,1351.5491426160472,7.7323876321315765,0.0357496552169323,1457.6999513497594,1353.5586708017456,7.957803457975388,0.6217878311872482,1460.7499964252293,1361.4882065651045
2024-01-29,2024,1448.050048828125,-2.7916885912418365,-0.027284224051982164,1407.6250008195184,1447.6549596084178,-1.4778511598706245,-0.06254252512007952,1426.6500243860114,1447.1444017625854,-0.6232536397874355,0.022486550733447075,1439.02502419286,1448.3756653370006,0.29694600962102413,0.660747243091464,1452.3499756654355,1457.6179996043415
2024-01-30,2024,1407.625,1.3497913256287575,-0.024476589169353247,1426.6250001473818,1407.280461411705,3.557407110929489,0.02838224172592163,1457.6999518452212,1408.0245155300945,1.4332687482237816,0.05152169615030289,1427.800049217185,1408.3502322754357,4.083117097616196,0.6558811757713556,1465.09997704532,1416.8573474004515
2024-01-31,2024,1426.625,0.001754098957462702,-0.02211966784670949,1426.650024414252,1426.3094352885819,0.8691859431564808,0.03410824574530125,1439.0250239615561,1427.111596760864,1.0882344096899033,0.18203598447144032,1442.1500241472386,1429.2219708634657,3.837728872895241,0.6799099501222372,1481.3749995329417,1436.3247653259314
2024-02-01,2024,1426.6500244140625,2.176422066986561,-0.033495400566607714,1457.6999503640793,1426.1721622737014,0.08061013068072498,0.045461091212928295,1427.8000488630992,1427.2985950829507,1.6454614698886871,0.2458210801705718,1450.1250008759534,1430.1570309143308,3.080639988183975,0.6601480301469564,1470.5999755575986,1436.068026447323
2024-02-02,2024,1457.699951171875,-1.281122863292694,-0.02589045325294137,1439.0250238192057,1457.3225460474487,-1.0667439550161362,0.039938814006745815,1442.1500250604759,1458.28213924415,0.20923707634210587,0.3135637380182743,1460.7499999315473,1462.27076962786,0.19722850993275642,0.659278454259038,1460.5749510648618,1467.3102528776958
2024-02-05,2024,1439.0250244140625,-0.7800403516739607,-0.03172797150909901,1427.8000485529467,1438.5684509643077,0.7713539060205221,0.05303313955664635,1450.1250001484932,1439.7881845635152,0.9259707294404507,0.30058289412409067,1452.3499749294601,1443.3504874796163,2.430463396012783,0.6532869767397642,1474.0000008919103,1448.4259874905858
2024-02-06,2024,1427.800048828125,1.0050409473478794,-0.04175335634499788,1442.1500239651007,1427.2038943858438,2.3077426478266716,0.04218951798975468,1460.7499994806217,1428.402430786583,2.6124054566025734,0.27664012741297483,1465.0999752130851,1431.7499167024057,3.0273830518126488,0.6482518743723631,1471.0250255201204,1437.055789406943
2024-02-07,2024,1442.1500244140625,0.5529921036213636,-0.06982000777497888,1450.125000171446,1441.1431151548898,0.707273930311203,0.025622337125241756,1452.3499755727198,1442.5195369551695,2.719895727932453,0.2225324511528015,1481.3750013184774,1445.3592762126918,1.7716553062200546,0.5969582591205835,1467.699951845248,1450.7590580937117
2024-02-08,2024,1450.125,0.7326954510062933,-0.07242724532261491,1460.749999908905,1449.0747144087654,1.0326678864657879,0.008649076335132122,1465.099975188612,1450.2504224182048,1.4119455590844154,0.20634890533983707,1470.5999755386729,1453.1173170635593,2.180846408009529,0.5504260770976543,1481.7499989741482,1458.1068661505124
2024-02-09,2024,1460.75,-0.5750487558543682,-0.07444795919582248,1452.3499752988573,1459.662501436047,1.4119459316134453,-0.007363711483776569,1481.3750001960434,1460.6424345845007,-0.011983489821432158,0.2142069861292839,1460.5749511724334,1463.8790285498835,2.2505562752485275,0.5505626555532217,1493.6250007906929,1468.7923439909937
2024-02-12,2024,1452.3499755859375,0.8778875693678856,-0.08257032604888082,1465.099975485324,1451.1507654757254,1.2565841898322105,-0.03044691402465105,1470.5999757601824,1451.9077798375338,1.490689255297184,0.24569071829319,1474.0000006213083,1455.9182646730856,2.408164367079735,0.54175965487957,1487.3249501832893,1460.2182218013154
2024-02-13,2024,1465.0999755859375,1.1108473874628544,-0.0781918759457767,1481.375000388453,1463.9543864305458,-0.3088543191552162,-0.05191194359213114,1460.5749510313983,1464.339413713043,0.40441257879137993,0.24162367917597294,1471.0250241790764,1468.6400040505546,1.4026380144059658,0.5479360464960337,1485.6500247925583,1473.1277864693775
2024-02-14,2024,1481.375,-0.7273664232343435,-0.08125175954774022,1470.5999756478122,1480.1713567469997,-0.4978482611477375,-0.09708681609481573,1474.0000003214227,1479.9367801780754,-0.9231321513652802,0.2575802616775036,1467.6999510927126,1485.1907296014251,-1.738249883055687,0.5505029112100601,1455.6250007948838,1489.530012500938
2024-02-15,2024,1470.5999755859375,-0.6816962268203497,-0.08614229736849666,1460.5749510407472,1469.3331669818672,0.02890308969654143,-0.13559430371969938,1471.0250244159583,1468.6059257885397,0.7581956218928099,0.2632968360558152,1481.7500002163868,1474.4720187926928,-0.6663897074759007,0.5737234838306904,1460.8000487104896,1479.0371529990825
2024-02-16,2024,1460.574951171875,0.9191619232296944,-0.07235571974888444,1473.9999999832776,1459.5181416534826,0.48782159574329853,-0.1251707086339593,1467.6999512057087,1458.746739155363,2.262810803949833,0.3188221715390682,1493.6249989667772,1465.2315879481569,2.160111628472805,0.6233661901205778,1492.1250005346997,1469.6796815988505
2024-02-19,2024,1474.0,-0.2018301049247384,-0.0785205396823585,1471.0250242534094,1472.842607245082,0.5257802084088326,-0.13945933897048235,1481.7500002719462,1471.944369343575,0.9039994329214096,0.3467224072664976,1487.3249516412616,1479.1106882831082,2.265944704413414,0.6465402897447348,1507.4000249430537,1483.5300038708374
2024-02-20,2024,1471.0250244140625,-0.22603783290833235,-0.07991009624674916,1467.6999513273377,1469.8495269012394,1.5363420359790325,-0.11475349310785532,1493.6250002239067,1469.3369718140566,0.9942047297954559,0.340990605764091,1485.6500247832619,1476.0410815557534,1.983305998146534,0.7075969595462084,1500.1999519575031,1481.4339527609802
2024-02-21,2024,1467.699951171875,0.9572834707796574,-0.10094944154843688,1481.7500002050845,1466.2183162675603,1.3371261768043041,-0.11221107561141253,1487.3249514159381,1466.0530292699168,-0.8227124810218811,0.3028287785127759,1455.625000489632,1472.1445690062415,2.405127137899399,0.7072112523019314,1503.000001000446,1478.0796903765925
2024-02-22,2024,1481.75,0.8014172315597534,-0.13186157448217273,1493.6249998286366,1479.7961411201104,0.2632039366289973,-0.102067063562572,1485.6500243310002,1480.2376212856616,-1.4138654805719852,0.2712845802307129,1460.8000482416246,1485.7697592675686,-0.19064964726567268,0.692669814452529,1478.925048851641,1492.0136349756503
2024-02-23,2024,1493.625,-0.42179590091109276,-0.14397756895050406,1487.3249509750167,1491.474515035763,-2.544146031141281,-0.0958915101364255,1455.624998842366,1492.1927404317248,-0.10042681824415922,0.23687905631959438,1492.1249999360007,1497.1630848049535,-1.809358038008213,0.6917627993971109,1466.5999760047998,1503.957342112495
2024-02-26,2024,1487.324951171875,-0.11261337203904986,-0.1890620100311935,1485.6500243911821,1484.512984723494,-1.783396489918232,-0.1318142982199788,1460.8000501989977,1485.364444225237,1.3497435487806797,0.1519354060292244,1507.4000237497228,1489.584724375412,-0.8000875823199749,0.6259213201701641,1475.4250489288022,1496.6344351414702
2024-02-27,2024,1485.6500244140625,-2.0210025832057,-0.18318063812330365,1455.6249990432582,1482.9286012190619,0.4358345177024603,-0.1524643274024129,1492.125000032714,1483.3849380967858,0.9793643839657307,0.0819315668195486,1500.199951623552,1486.86724075652,-3.5994328558444977,0.5470903590321541,1432.175049312441,1493.7778724665907
2024-02-28,2024,1455.625,0.35552075132727623,-0.19651935435831547,1460.8000489365077,1452.7644151481218,3.5568930208683014,-0.1359721878543496,1507.4000240350142,1453.6457548405451,3.2546158879995346,0.06556808948516846,1503.0000025196932,1456.5794255025685,-1.6590828076004982,0.5468109156936407,1431.4749758818652,1463.5845163915656
2024-02-29,2024,1460.800048828125,2.1443694829940796,-0.2127579879015684,1492.124999282758,1457.692080036973,2.6971453800797462,-0.12283001560717821,1500.1999498572955,1459.0057479001598,1.2407584115862846,0.0012885313481092453,1478.9250483104165,1460.8188716946875,-2.914503775537014,0.5521292798221111,1418.2249762519828,1468.8655536173608
2024-03-01,2024,1492.125,1.0237094014883041,-0.2323509193956852,1507.4000239069574,1488.6580338439671,0.728826317936182,-0.11652198154479265,1502.9999996965053,1490.3863463828748,-1.7106492072343826,0.020016776397824287,1466.599975516554,1492.423675324826,-3.5285264253616333,0.46641966328024864,1439.4749750755727,1499.0845644007204
2024-03-04,2024,1507.4000244140625,-0.4776484798640013,-0.23717950098216534,1500.199951111979,1503.8247805583521,-1.8890125676989555,-0.09775462094694376,1478.9250485073837,1505.9264712340423,-2.1212004125118256,-0.01783100888133049,1475.425048877988,1507.131239781832,-5.449782684445381,0.40482310578227043,1425.2499988982195,1513.5023280094583
2024-03-05,2024,1500.199951171875,0.1866450416855514,-0.24895910173654556,1502.9999999961065,1496.4650668491854,-2.239699847996235,-0.07960100192576647,1466.599975145839,1499.0057769798523,-4.534389078617096,-0.03981715999543667,1432.1750484285185,1499.6026141570655,-3.7628285586833954,0.3349745646119118,1443.7499989718253,1505.225239426621
2024-03-06,2024,1503.0,-1.6017932444810867,-0.2635734621435404,1478.9250475354493,1499.0384908639826,-1.8346607685089111,-0.07970079313963652,1475.425048649311,1501.8020970791113,-4.758817330002785,-0.08154264651238918,1431.4749755300581,1501.7744140229188,-3.4614119678735733,0.27570705860853195,1450.9749781228602,1507.1438770908862
2024-03-07,2024,1478.925048828125,-0.833380501717329,-0.2934119198471308,1466.599975836178,1474.5857064492584,-3.1610798090696335,-0.07288677152246237,1432.175047718346,1477.8471081067971,-4.104337468743324,-0.11445162817835808,1418.2249739144418,1477.2323950302036,-1.6160402446985245,0.2458524890244007,1455.0250248501352,1482.5610228714743
2024-03-11,2024,1466.5999755859375,0.6017369218170643,-0.27979733422398567,1475.4250491343983,1462.4964679505183,-2.394995279610157,-0.0451341038569808,1431.4749753998906,1465.93803882979,-1.8495159223675728,-0.09068464860320091,1439.4749755200367,1465.2699945516629,-1.7063291743397713,0.21034413948655128,1441.5749523316547,1469.6848826842938
2024-03-12,2024,1475.425048828125,-2.93135866522789,-0.243781553581357,1432.175048810359,1471.8282347221634,-3.876853734254837,-0.0004604225978255272,1418.2249777265006,1475.4182556377862,-3.4007184207439423,-0.014329561963677406,1425.2499974083566,1475.2136268815257,1.1810106225311756,0.2235998399555683,1492.849975382271,1478.724096875969
2024-03-13,2024,1432.175048828125,-0.048881821567192674,-0.22893138229846954,1431.474975576227,1428.896350691909,0.5097091197967529,0.09310562163591385,1439.4749756634556,1433.5084843102509,0.8082078769803047,0.01731407828629017,1443.7500003849004,1432.4230167372757,3.747791051864624,0.25052502751350403,1485.8499771551433,1435.7630057632432
2024-03-14,2024,1431.4749755859375,-0.925618689507246,-0.19732140935957432,1418.224975676295,1428.6503689894816,-0.4348644521087408,0.1588067039847374,1425.249999776282,1433.7482538130319,1.3622312806546688,0.12355782091617584,1450.9749754781128,1433.2436748727318,3.72343547642231,0.308240856975317,1484.775022663012,1435.8873663180707
2024-03-15,2024,1418.2249755859375,1.4983518049120903,-0.17061802791431546,1439.4749751053434,1415.8052281012044,1.7997866496443748,0.2362580969929695,1443.7499993584554,1421.5756469243358,2.594796195626259,0.2401981968432665,1455.0250232978628,1421.6315264044758,4.845844581723213,0.39129331707954407,1486.949953722014,1423.7743951365583
2024-03-18,2024,1439.4749755859375,-0.9882058016955853,-0.1410355675034225,1425.2500003632413,1437.44480388505,0.7989023812115192,0.287186773493886,1450.9749754428376,1443.6089573235747,0.1458848244510591,0.3296454669907689,1441.574951127088,1444.220139591423,2.231716550886631,0.45446688309311867,1471.5999768619602,1446.0169126403885
2024-03-19,2024,1425.25,1.298017892986536,-0.08464996935799718,1443.7500000197906,1424.0435263117251,2.0891088992357254,0.376770319417119,1455.0250245863572,1430.6199189774925,4.743025824427605,0.4308233968913555,1492.8499755626544,1431.390310464194,2.6433993130922318,0.547198997810483,1462.925048709847,1433.048953716294
2024-03-20,2024,1443.75,0.5004311911761761,-0.06436824332922697,1450.974975322606,1442.8206834869343,-0.15065273037180305,0.3974996507167816,1441.574951205257,1449.4889012072235,2.9160156846046448,0.4447601269930601,1485.8499764464796,1450.1712243334623,1.1324658058583736,0.5687553901225328,1460.0999750720803,1451.961405944894
2024-03-21,2024,1450.9749755859375,0.27912603691220284,-0.059340125881135464,1455.0250245318784,1450.113965208921,2.8859905898571014,0.4093891941010952,1492.849976842529,1456.9151103450972,2.3294715210795403,0.3919054288417101,1484.7750244202027,1456.6614252863935,2.4121711030602455,0.5840166006237268,1485.974974659657,1459.4489103142555
2024-03-22,2024,1455.0250244140625,-0.9243877604603767,-0.054143392480909824,1441.5749511767433,1454.2372245043985,2.1185168996453285,0.4322660155594349,1485.849975450343,1461.3146031124897,2.1941153332591057,0.3412598744034767,1486.9499515774885,1459.990440984917,0.5927733145654202,0.6197429727762938,1463.6500244790382,1464.0424397550053
2024-03-26,2024,1441.574951171875,3.5568755120038986,-0.04877561004832387,1492.8499775972896,1440.8718141951372,2.9967274516820908,0.45228167437016964,1484.7750234702153,1448.094930498336,2.082793228328228,0.3065053606405854,1471.5999766361588,1445.9934556748688,2.6360059157013893,0.64826225861907,1479.574952164035,1450.9201375100286
2024-03-27,2024,1492.8499755859375,-0.4689017776399851,-0.07205061847344041,1485.849975512917,1491.7743679456473,-0.3952188417315483,0.47880224883556366,1486.949951203637,1499.9977748407841,-2.0045502111315727,0.31398015562444925,1462.925048248452,1497.5372282625217,-1.7215361818671227,0.5869466345757246,1467.150023115231,1501.6122082769036
2024-03-28,2024,1485.8499755859375,-0.07234587683342397,-0.06624206434935331,1484.7750243926707,1484.865717888975,-0.9590470232069492,0.5009202752262354,1471.5999756257593,1493.2928993730916,-1.7330147325992584,0.2686637220904231,1460.0999766047107,1489.8419154350263,-1.41501659527421,0.5895981565117836,1464.8249518505186,1494.610519650523
2024-04-01,2024,1484.7750244140625,0.14648190699517727,-0.06503431359305978,1486.9499511844124,1483.8094111685336,-1.4716017991304398,0.5164074711501598,1462.9250484417457,1492.4425135699084,0.08081703563220799,0.27602543123066425,1485.9749755746013,1488.8733810780066,-1.2813405133783817,0.5592360626906157,1465.7500004937215,1493.0784218004094
2024-04-02,2024,1486.949951171875,-1.0323128663003445,-0.10131205199286342,1471.599975510481,1485.4434916642358,-1.80570799857378,0.48008114099502563,1460.0999769687755,1494.088517463486,-1.5669610351324081,0.13884170912206173,1463.6500248250914,1489.0144578978716,-1.521571073681116,0.5378135479986668,1464.3249508347283,1494.946969461237
2024-04-03,2024,1471.5999755859375,-0.589489471167326,-0.09671027073636651,1462.9250486721576,1470.176787265392,0.9768279269337654,0.44612488709390163,1485.9749751202114,1478.165149315494,0.541925523430109,0.15613012947142124,1479.574951456429,1473.8975865331213,-0.10022938949987292,0.6231809500604868,1470.1249999145275,1480.770706294884
2024-04-04,2024,1462.925048828125,-0.19311127252876759,-0.10767063358798623,1460.099975650191,1461.3499081591344,0.04955657641403377,0.42045419104397297,1463.6500243978276,1469.0759785077548,0.28880329336971045,0.1369780395179987,1467.1500245486711,1464.9289348796274,1.156923733651638,0.6389436312019825,1479.8499759235524,1472.2723152568708
2024-04-05,2024,1460.0999755859375,1.772138848900795,-0.10591059690341353,1485.974974486087,1458.5535749864077,1.3338111340999603,0.40588676929473877,1479.5749516292935,1466.0263282053165,0.32360630575567484,0.2104741521179676,1464.8249511772706,1463.1731086296268,-0.05308022955432534,0.6584489718079567,1459.3249511671738,1469.7139888625513
2024-04-08,2024,1485.9749755859375,-1.5023773536086082,-0.07990890881046653,1463.6500240724433,1484.7875491977502,-1.2668417766690254,0.3648102516308427,1467.1500238043675,1491.3959646335438,-1.3610576279461384,0.3271684516221285,1465.7499998313542,1490.8366169050544,-2.4091877043247223,0.6592816207557917,1450.1750491847788,1495.771735489006
2024-04-09,2024,1463.6500244140625,1.0880283080041409,-0.03918432630598545,1479.5749510097971,1463.0765030125185,0.08027374860830605,0.3588930470868945,1464.824951155166,1468.9029625853702,0.04611257754731923,0.42243292555212975,1464.3249511665917,1469.8329640320394,-0.251087942160666,0.6586072966456413,1459.974975687327,1473.2897302722092
2024-04-10,2024,1479.574951171875,-0.8397632278501987,-0.03514525014907122,1467.150024803451,1479.0549508541426,-0.9343867190182209,0.341254286468029,1465.7499993302047,1484.6240641142563,-0.6386936642229557,0.37314407527446747,1470.1249997013103,1485.095897441418,-1.8265314400196075,0.5972986575216055,1452.550049510066,1488.4124324922504
2024-04-12,2024,1467.1500244140625,-0.15847549075260758,-0.036327296402305365,1464.8249512127952,1466.617048476027,-0.1925551681779325,0.3199310973286629,1464.3249512171294,1471.8438935866282,0.8656204678118229,0.2869988791644573,1479.8499753188967,1471.360728539792,-0.144838634878397,0.6369711831212044,1465.0250243470832,1476.4953472827358
2024-04-15,2024,1464.824951171875,0.06315081263892353,-0.02542289439588785,1465.7500000322777,1464.452550271454,0.3618213115260005,0.32022460363805294,1470.1250000217651,1469.5156810657563,-0.3754714736714959,0.3491545096039772,1459.3249513410021,1469.9394535466959,0.14848524006083608,0.6864961702376604,1467.0000000170935,1474.8809183623557
2024-04-16,2024,1465.75,-0.0972231850028038,-0.0389323802664876,1464.3249511658214,1465.179348636244,0.9619631804525852,0.31879893504083157,1479.8499753174838,1470.422795390361,-1.0625925846397877,0.3579146461561322,1450.1750491906423,1470.9961339260335,0.05458289524540305,0.7363589946180582,1466.5500487870595,1476.5431819636142
2024-04-18,2024,1464.324951171875,0.396090280264616,-0.0753343221731484,1470.1249999749564,1463.2218118954975,-0.34145426470786333,0.27844300493597984,1459.3249511769172,1468.4022615679453,-0.2970635425299406,0.30561722815036774,1459.9749755977741,1468.8001804987607,-2.0709168165922165,0.8053453639149666,1433.9999995085009,1476.1178242787878
2024-04-19,2024,1470.125,0.661506736651063,-0.06778669776394963,1479.8499759121914,1469.1284508094977,-1.3570241630077362,0.3325571771711111,1450.1750485235825,1475.0140062008868,-1.1954732239246368,0.32837206963449717,1452.550049266778,1474.9524798887142,-3.4418825060129166,0.8147313259541988,1419.5250248084776,1482.1025689056842
2024-04-22,2024,1479.8499755859375,-1.3869665563106537,-0.07910047424957156,1459.3249513409892,1478.679407237067,-1.3430415652692318,0.3869617125019431,1459.974975310192,1485.5764283939245,-1.0017874650657177,0.3022165270522237,1465.0250240287396,1484.3223267877365,-5.296145007014275,0.7962044328451157,1401.474974992641,1491.63260669101
2024-04-23,2024,1459.324951171875,-0.6269955541938543,-0.09440189460292459,1450.1750486067858,1457.9473207695555,-0.4642490763217211,0.40105506777763367,1452.550048565527,1465.1776478438933,0.5259314551949501,0.24289677385240793,1467.0000001235962,1462.8696043982948,-2.7940934523940086,0.8039734326303005,1418.5500482620296,1471.057536075042
2024-04-24,2024,1450.175048828125,0.6757754366844893,-0.03854716196656227,1459.9749755970329,1449.6160475032545,1.024012640118599,0.41219997219741344,1465.025024631971,1456.1526699762085,1.1291740462183952,0.3345545381307602,1466.5500491042271,1455.0266752648195,-3.865053877234459,0.849163718521595,1394.1250018767068,1462.4894091978263
2024-04-25,2024,1459.9749755859375,-0.5085653625428677,-0.015963241457939148,1452.5500485583138,1459.7419162553592,0.48117428086698055,0.4252602346241474,1466.999999675551,1466.1836685925682,-1.77913848310709,0.37667923606932163,1433.9999989515547,1465.474398170778,-3.599371761083603,0.7489269133657217,1407.42504859581,1470.9091211065052
2024-04-26,2024,1452.550048828125,0.8588327094912529,0.016941141802817583,1465.025023769192,1452.796127391654,0.9638221934437752,0.430071447044611,1466.5500485696089,1458.7970518421673,-2.2735893726348877,0.44056791812181473,1419.5250252857659,1458.9495183379245,-3.4319020807743073,0.6729872431606054,1402.6999534781044,1462.3255253572615
2024-04-29,2024,1465.0250244140625,0.13480831403285265,0.0019015511497855186,1466.9999999496345,1465.0528826142588,-2.1177129819989204,0.4628411494195461,1433.999999282513,1471.8057630763446,-4.3378133326768875,0.4164195619523525,1401.4749735779765,1471.12567520322,-3.0682120472192764,0.6081012543290854,1420.074950120213,1473.9338599637595
2024-04-30,2024,1467.0,-0.0306715170154348,0.01575449714437127,1466.5500488453836,1467.231118473108,-3.2361947000026703,0.40476485155522823,1419.5250237509608,1472.9379003723152,-3.3026549965143204,0.40996456518769264,1418.550051201135,1473.0141801713035,-3.4577351063489914,0.6402748171240091,1416.2750259898603,1476.3928315672092
2024-05-02,2024,1466.550048828125,-2.219497971236706,0.0019557890482246876,1434.0000002472138,1466.5787314533668,-4.437289759516716,0.39898245595395565,1401.4749736932872,1472.4013262307335,-4.938464239239693,0.40017818100750446,1394.1249991161958,1472.41886213709,-2.8093192726373672,0.6646675523370504,1425.3499756635238,1476.2977311414688
2024-05-03,2024,1434.0,-1.009412482380867,0.003334099892526865,1419.5250250026584,1434.0478109924588,-1.077402476221323,0.38195145316421986,1418.5500484909862,1439.477183838375,-1.85320433229208,0.3984135575592518,1407.4250498749316,1439.7132504153997,0.11854610638692975,0.6598740350455046,1435.6999511655886,1443.4625936625525
2024-05-06,2024,1419.5250244140625,-1.2715554796159267,-0.006850145291537046,1401.474976181606,1419.4277848874403,-1.789332553744316,0.36519921850413084,1394.1250010436747,1424.7091187096933,-1.1852608062326908,0.3786248154938221,1402.6999506650177,1424.8996984186388,1.169403549283743,0.6662701722234488,1436.1250004325316,1428.982896238981
2024-05-07,2024,1401.4749755859375,1.218364480882883,0.01877755858004093,1418.5500488969387,1401.7381383704628,0.4245579242706299,0.3360822796821594,1407.4250486514575,1406.1850846330617,1.3271714560687542,0.34878922160714865,1420.0749514258605,1406.3631692443028,4.222340881824493,0.6710074376314878,1460.6500264286424,1410.8789769086632
2024-05-08,2024,1418.550048828125,-1.7218319699168205,0.05145567120052874,1394.1250005781317,1419.279973277065,-1.1173449456691742,0.3308697836473584,1402.6999515557563,1423.243602305612,-0.16037675086408854,0.39974204264581203,1416.2750243504336,1424.2205897692638,4.758379980921745,0.6001130677759647,1486.0500503709181,1427.062953044085
2024-05-09,2024,1394.125,0.9540068916976452,0.07104250253178179,1407.4250485788798,1395.1154212884212,1.8613791093230247,0.326881161890924,1420.0749515078496,1398.6821319982118,2.2397544234991074,0.37490769755095243,1425.349976356607,1399.3516819384822,6.177709996700287,0.5893372930586338,1480.2499994914979,1402.3410985368537
2024-05-10,2024,1407.425048828125,-0.33572642132639885,0.059550441801548004,1402.699951078843,1408.2631766627278,0.628806184977293,0.31370504293590784,1416.275024584076,1411.840212181842,2.0089810714125633,0.36675790324807167,1435.699951653401,1412.5868914269952,4.179615154862404,0.5792201962321997,1466.249999462275,1415.5771389577685
2024-05-13,2024,1402.699951171875,1.2386825866997242,0.07056890754029155,1420.0749512106865,1403.6898212034853,1.6147447749972343,0.3072496270760894,1425.3499753423116,1407.009741540847,2.3829080164432526,0.40297145023941994,1436.1250007549952,1408.35243150762,3.814072906970978,0.5977229215204716,1456.1999499756166,1411.0842103001858
2024-05-14,2024,1420.074951171875,-0.26758634485304356,0.10972196469083428,1416.2750245158604,1421.6330853083832,1.1002940125763416,0.3021272365003824,1435.6999508337155,1424.3653843780849,2.8572486713528633,0.4365012515336275,1460.6500238464482,1426.273596106456,1.4576747082173824,0.5522847175598145,1440.7750245728378,1427.9178081050923
2024-05-15,2024,1416.2750244140625,0.6407619453966618,0.11238572187721729,1425.349975812665,1417.866715324017,1.4015622437000275,0.28135981410741806,1436.1250004232033,1420.2598531900037,4.926657676696777,0.43662553653120995,1486.050046627497,1422.458842838168,0.6054580677300692,0.569136580452323,1424.8499758106234,1424.335563657813
2024-05-16,2024,1425.3499755859375,0.7261357270181179,0.10111515875905752,1435.699950993711,1426.7912204766235,2.4765880778431892,0.2670670859515667,1460.6500231488396,1429.1566162303461,3.8516871631145477,0.3446362679824233,1480.2499976250374,1430.2622485474853,0.3543023718520999,0.6244292948395014,1430.4000243566318,1434.2502783874838
2024-05-17,2024,1435.699951171875,0.029605685267597437,0.09378617978654802,1436.124999980806,1437.0464393092764,3.507006913423538,0.26914519257843494,1486.050047715491,1439.5640685703052,2.1278852596879005,0.32830554991960526,1466.2499988062077,1440.4134337917653,5.197812989354134,0.6195823196321726,1510.3249497220377,1444.5952942323038
2024-05-21,2024,1436.125,1.7077220603823662,0.12452253140509129,1460.6500234396663,1437.9132992041414,3.0725041404366493,0.28084367513656616,1480.2500000868458,1440.158266229555,1.397855393588543,0.2931212540715933,1456.1999507711735,1440.3345876100357,-2.705194614827633,0.6268671248108149,1397.2750238378067,1445.1275954961893
2024-05-22,2024,1460.6500244140625,1.7389534041285515,0.12891035294160247,1486.0500477360154,1462.5329535157762,0.38338927552103996,0.30220579355955124,1466.2499999605616,1465.0641934114708,-1.3606955297291279,0.2998516894876957,1440.775024826873,1465.0298081897704,-2.73166224360466,0.5976722110062838,1420.7499991859413,1469.3799237100418
2024-05-23,2024,1486.050048828125,-0.3902996890246868,0.10582031682133675,1480.2500001087976,1487.6225916979186,-2.0086871460080147,0.3157770726829767,1456.1999525140686,1490.7426541709183,-4.118305072188377,0.2663802122697234,1424.8499742919785,1490.0085921026277,-3.664080798625946,0.5959418136626482,1431.5999743310422,1494.9060424410459
2024-05-24,2024,1480.25,-0.9457862004637718,0.11446774005889893,1466.249999767635,1481.9444087222219,-2.6667775586247444,0.3080507041886449,1440.7750251884572,1484.8099205487524,-3.367672860622406,0.3483493346720934,1430.4000224806368,1485.4064410264837,-0.6958317011594772,0.7031386252492666,1469.9499512435868,1490.6582095002523
2024-05-27,2024,1466.25,-0.6854253355413675,0.12261450756341219,1456.1999510176247,1468.0478352171485,-2.8235310688614845,0.2788348123431206,1424.8499757028185,1470.338415435981,3.005964308977127,0.4082011990249157,1510.3249516803771,1472.2352500807028,0.35123780835419893,0.8150011301040649,1471.4000243649934,1478.1999540701509
2024-05-28,2024,1456.199951171875,-1.059258822351694,0.11355211026966572,1440.7750247180059,1457.8534969461766,-1.771729625761509,0.2264000941067934,1430.4000252266383,1459.4967892317113,-4.04648594558239,0.4487982951104641,1397.2750248081275,1462.7353517261338,0.0326258537825197,0.8751297369599342,1456.6750488387254,1468.9435899741761
2024-05-29,2024,1440.7750244140625,-1.1053112335503101,0.13811326352879405,1424.8499762190268,1442.7649258203885,4.827257990837097,0.17376851756125689,1510.3249519100755,1443.2786378153796,-1.3898786157369614,0.4862168338149786,1420.7500004488525,1447.7803151201656,1.5651248395442963,0.9497592225670815,1463.3249522031174,1454.4589180848782
2024-05-30,2024,1424.8499755859375,0.3895181231200695,0.12674509780481458,1430.4000244681165,1426.6559030810658,-1.9352881237864494,0.09394970256835222,1397.2750232266487,1426.1886179000458,0.4737340845167637,0.4627419635653496,1431.599975573517,1431.4433543408243,2.835387922823429,0.9180271998047829,1465.2499997120538,1437.9304859182282
2024-05-31,2024,1430.4000244140625,5.587592720985413,0.1546316547319293,1510.3249520591962,1432.6118756411,-0.6746381521224976,0.014776061289012432,1420.7500001213957,1430.611381198348,2.764955721795559,0.4105729050934315,1469.9499517336642,1436.2728593487564,3.2962825149297714,0.986829586327076,1477.5500503123744,1444.5156350578102
2024-06-03,2024,1510.324951171875,-7.4851393699646,0.15010490315034986,1397.2750236373104,1512.592022977087,-5.212453007698059,0.05796684417873621,1431.5999728285024,1511.2004388829134,-2.577255107462406,0.2798071363940835,1471.4000242285188,1514.5509481679944,-1.9399750977754593,0.8080298081040382,1481.0250232236513,1522.5288269765765
2024-06-04,2024,1397.2750244140625,1.6800539568066597,0.18571570981293917,1420.7499987492022,1399.869983643692,5.201189965009689,-0.03725623246282339,1469.9499527674734,1396.754452382822,4.251133278012276,0.14586616307497025,1456.6750479622829,1399.3131758797801,4.392478242516518,0.816563330590725,1458.6500258495676,1408.6846598909303
2024-06-05,2024,1420.75,0.7636794354766607,0.2075132681056857,1431.5999755795347,1423.6982447566115,3.565020114183426,0.033324374817311764,1471.400023272261,1421.223456055217,2.9966533184051514,0.3072352847084403,1463.3249520212412,1425.1150453074952,3.726901486515999,0.9034044109284878,1473.699952869676,1433.5851181682665
2024-06-06,2024,1431.5999755859375,2.6788191869854927,0.22306935861706734,1469.9499504128132,1434.7934364694393,1.751541905105114,0.08996967226266861,1456.6750490717998,1432.8879813920846,2.3505186662077904,0.5031815730035305,1465.2500002375111,1438.8035228622089,1.5786515548825264,1.0609908029437065,1454.1999508602228,1446.7891196618486
2024-06-07,2024,1469.949951171875,0.09864779422059655,0.18558476585894823,1471.4000243748528,1472.677954347001,-0.4506956320255995,0.21468803752213717,1463.324950948981,1473.1057578746036,0.5170310381799936,0.7038902956992388,1477.5500486651454,1480.2967862298096,-1.9371390342712402,1.227653305977583,1441.4749768834736,1487.9958403436524
2024-06-10,2024,1471.4000244140625,-1.0007458738982677,0.16716041136533022,1456.6750493812006,1473.8596227477026,-0.41797091253101826,0.25345992762595415,1465.2500003050375,1475.1294338510306,0.6541389040648937,0.8516371250152588,1481.0250244081753,1483.9310132794562,-1.1723528616130352,1.280746702104807,1454.1500241220692,1490.2449317015148
2024-06-11,2024,1456.675048828125,0.4565123934298754,0.18147455994039774,1463.324950958026,1459.3185434627474,1.4330580830574036,0.3147302893921733,1477.5500483592368,1461.2596464248054,0.13558106729760766,0.9060594253242016,1458.650024406384,1469.8733904043781,3.937046602368355,1.3624383136630058,1514.0250243455603,1476.5213477989287
2024-06-12,2024,1463.324951171875,0.13155306223779917,0.16336925327777863,1465.2499999556314,1465.715574217632,1.2095791287720203,0.3882994409650564,1481.0250243673634,1469.0070337767775,0.7090017665177584,0.9534446522593498,1473.6999509255788,1477.276944664,4.593996703624725,1.502945739775896,1530.550051192029,1485.3179311845904
2024-06-13,2024,1465.25,0.8394504897296429,0.1792825642041862,1477.5500483007636,1467.8769377720018,-0.4504334181547165,0.4352719057351351,1458.650024340488,1471.627821598784,-0.754140829667449,0.9740789420902729,1454.1999514932977,1479.5226916989777,6.835012882947922,1.596955768764019,1565.4000262673944,1488.6493944018148
2024-06-14,2024,1477.550048828125,0.23518495727330446,0.17888350412249565,1481.025024279153,1480.1931421306324,-0.2605730900540948,0.5141838453710079,1473.6999510087978,1485.1473724864707,-2.441546693444252,0.9770488366484642,1441.474974466978,1491.986434391099,5.590333417057991,1.6824796795845032,1560.1500229615203,1502.409528155349
2024-06-18,2024,1481.0250244140625,-1.5107779763638973,0.20150779746472836,1458.6500245207767,1484.0094053206608,-1.8112504854798317,0.5429696291685104,1454.199951469285,1489.0665404970164,-1.8146216869354248,1.007841993123293,1454.1500231321043,1495.9514165387718,5.681877210736275,1.7794448882341385,1565.1750477615465,1507.379048504467
2024-06-19,2024,1458.6500244140625,1.0317709296941757,0.19441100303083658,1473.6999513319438,1461.4858005572355,-1.1774619109928608,0.5578848067671061,1441.474975961899,1466.7876112841732,3.796318545937538,0.9554601274430752,1514.025025811216,1472.5868437962777,6.42889142036438,1.8115276470780373,1552.425050686761,1485.0738728804338
2024-06-20,2024,1473.699951171875,-1.3232001103460789,0.20124325528740883,1454.1999517917986,1476.6656729267822,-1.3265879824757576,0.5966441705822945,1454.1500247218778,1482.492696022416,3.8576439023017883,0.9739981964230537,1530.5500474764813,1488.0537621169765,5.450571700930595,1.8837133422493935,1554.0250236670772,1501.4602337768224
2024-06-21,2024,1454.199951171875,-0.8750499226152897,0.18342251423746347,1441.474975624474,1456.8672812843545,4.113950952887535,0.6041673477739096,1514.0250239200004,1462.9857524481995,7.646821439266205,0.9178407490253448,1565.4000248078846,1467.5471908960371,9.24391821026802,1.925230585038662,1588.6250052719606,1482.1966533994532
2024-06-24,2024,1441.4749755859375,0.8793110959231853,0.17855315236374736,1454.1500249912206,1444.0487745953808,6.179439276456833,0.582671444863081,1530.5500463875915,1449.8740386535237,8.23289006948471,0.8983749896287918,1560.1500257050593,1454.4248262483593,11.059855669736862,1.9469812512397766,1600.9000274011169,1469.5402231019089
2024-06-25,2024,1454.1500244140625,4.117525741457939,0.1713412464596331,1514.0250259887284,1456.6415831912866,7.650517672300339,0.5293482914566994,1565.40002901362,1461.8475427235155,7.635045796632767,0.9554086253046989,1565.1750447298227,1468.0430991721848,9.361138939857483,1.926354318857193,1590.2750285934344,1482.1621062120257
2024-06-26,2024,1514.0250244140625,1.0914631187915802,0.19184467382729053,1530.5500491648172,1516.9296007838132,3.0465150251984596,0.5255657713860273,1560.1500242681016,1521.9822217126018,2.536287344992161,1.0069994255900383,1552.4250495082908,1529.2712477132015,4.636644199490547,1.877320185303688,1584.2249778873925,1542.4481218079368
2024-06-27,2024,1530.550048828125,2.276957593858242,0.24066371843218803,1565.400024392718,1534.2335274881004,2.262258529663086,0.588749349117279,1565.1750478585018,1539.5611522785148,1.5337606891989708,1.0777906514704227,1554.0250238055664,1547.0461741704705,3.2733313739299774,1.888607069849968,1580.6500237701166,1559.456125257885
2024-06-28,2024,1565.4000244140625,-0.3353775246068835,0.2706600585952401,1560.150024561987,1569.6369370373916,-0.8288600482046604,0.5875211209058762,1552.4250490171084,1574.5970801841609,1.4836447313427925,1.1352207511663437,1588.6249994007205,1583.170770329974,2.0010828971862793,1.7849626019597054,1596.7249765751621,1593.3418294209216
2024-07-01,2024,1560.1500244140625,0.3220859682187438,0.24200647603720427,1565.1750487258614,1563.9256885090406,-0.3925904631614685,0.48350123688578606,1554.0250242072016,1567.6933690793785,2.6119282469153404,1.0490518063306808,1600.90002359599,1576.5168064266468,2.3763708770275116,1.5883836895227432,1597.224975232176,1584.9311929339406
2024-07-02,2024,1565.175048828125,-0.8146054111421108,0.19726443570107222,1552.425048186525,1568.2625825559298,1.4982318505644798,0.42143254540860653,1588.6249999267561,1571.7712058765019,1.603652909398079,0.8983849547803402,1590.27502403583,1579.2363459827727,0.7075854577124119,1.4901446178555489,1576.249999861376,1588.4984205782553
2024-07-03,2024,1552.425048828125,0.10306298499926925,0.12029550271108747,1554.0250244233237,1554.2925463448257,3.122532367706299,0.27891190256923437,1600.9000234621635,1556.754947067773,2.0484033972024918,0.7480607833713293,1584.2249762673428,1564.0381318096415,2.2062256932258606,1.273660734295845,1586.6750491234452,1572.197677104422
2024-07-04,2024,1554.0250244140625,2.22647488117218,0.07432070560753345,1588.6250012297714,1555.1799867775246,2.332652360200882,0.2221927046775818,1590.2750258241695,1557.4779546471746,1.7132928594946861,0.6339092738926411,1580.6500241921092,1563.8761331624355,0.07239265833050013,1.1126626282930374,1555.1500244403571,1571.3160800950395
2024-07-05,2024,1588.625,0.7726822979748249,0.0335250049829483,1600.9000241562026,1589.1575866104104,-0.27697060722857714,0.1908538630232215,1584.224975690915,1591.6569521814527,0.5098733585327864,0.5412928760051727,1596.7249756419915,1597.2241139514372,-5.536231026053429,0.9327946230769157,1500.6750498623587,1603.4436085808557
2024-07-08,2024,1600.9000244140625,-0.6636891514062881,-0.0164395896717906,1590.2750246271657,1600.6368430189932,-1.264913473278284,0.18817833624780178,1580.6500243115338,1603.9125714449956,-0.22956142202019691,0.41193272918462753,1597.224975552896,1607.4946555761487,-7.058529555797577,0.7800624705851078,1487.9000230320253,1613.3880446961043
2024-07-09,2024,1590.2750244140625,-0.3804404055699706,-0.03882173914462328,1584.2249756615038,1589.6576519924024,0.40558716282248497,0.09602124337106943,1596.7249757666582,1591.8020262655245,-0.8819244801998138,0.3273488022387028,1576.2499996712513,1595.480770658783,-5.947089195251465,0.6885455921292305,1495.6999502623512,1601.2247929973976
2024-07-10,2024,1584.2249755859375,-0.22565932013094425,-0.08193223038688302,1580.6500242766856,1582.9269847290939,0.8205905556678772,0.040327105671167374,1597.2249761161274,1584.8638476659112,0.15465437900274992,0.21105483174324036,1586.6750488839364,1587.5685589425948,-5.796206369996071,0.586946401745081,1492.4000266359567,1593.5235270756862
2024-07-11,2024,1580.6500244140625,1.016983576118946,-0.10143850231543183,1596.7249755582736,1579.0466367024483,-0.2783680334687233,-0.018365425057709217,1576.2500000250782,1580.359731318404,-1.6132604330778122,0.13129017315804958,1555.1500229847557,1582.7252625681385,-4.531363770365715,0.5141729023307562,1509.0250218714868,1588.7772985202841
2024-07-12,2024,1596.7249755859375,0.03131409757770598,-0.12518683215603232,1597.22497560284,1594.7260861707573,-0.6294087506830692,-0.047915312461555004,1586.6750488652574,1595.9598998247338,-6.015433371067047,0.09236051701009274,1500.6750485603789,1598.199719028618,-4.7988854348659515,0.4771416075527668,1520.099973297677,1604.3436148026449
2024-07-15,2024,1597.2249755859375,-1.3132136315107346,-0.12817835668101907,1576.249999480649,1595.1776788597326,-2.634253352880478,-0.07401795592159033,1555.1500231135205,1596.0427423075396,-6.84468075633049,0.05290806293487549,1487.9000250467025,1598.070036381232,-5.263813957571983,0.44314637780189514,1513.1500243872192,1604.3030202105938
2024-07-16,2024,1576.25,0.6613829638808966,-0.12200471246615052,1586.6750489681726,1574.3269007197523,-4.794604331254959,-0.10044889058917761,1500.6750492285937,1574.666674362088,-5.110232904553413,0.031974539160728455,1495.6999538419768,1576.753998673521,-4.493256285786629,0.41506243869662285,1505.4250477952883,1582.7924216899555
2024-07-18,2024,1586.675048828125,-1.9868608564138412,-0.12055436382070184,1555.1500233644738,1584.7622428171085,-6.225283816456795,-0.0924066873267293,1487.9000237936698,1585.2088549768632,-5.9416718780994415,0.05054851062595844,1492.4000236550837,1587.4770894337812,-4.498400539159775,0.44032027944922447,1515.300049876927,1593.6615008370761
2024-07-19,2024,1555.1500244140625,-3.502875939011574,-0.1325132674537599,1500.6750483933297,1553.0892443029036,-3.82278710603714,-0.10078682098537683,1495.6999498012283,1553.5826381429022,-2.9659517109394073,0.07350696250796318,1509.025025657279,1556.2931679594512,-3.58969047665596,0.45697418972849846,1499.324952089958,1562.2566586371913
2024-07-22,2024,1500.675048828125,-0.8512851782143116,-0.09798848768696189,1487.9000245642908,1499.2045600426827,-0.5514201242476702,-0.04225845914334059,1492.4000246093233,1500.0408866757416,1.2944125570356846,0.1528540626168251,1520.0999751004576,1502.9688916069358,-3.5550732165575027,0.5824899300932884,1447.324952099675,1509.4163298709714
2024-07-23,2024,1487.9000244140625,0.5242238286882639,-0.03527014050632715,1495.6999508890995,1487.375239984858,1.4197862707078457,0.0692436471581459,1509.0250246825522,1488.9303006570337,1.6970226541161537,0.323316128924489,1513.150024898969,1492.7106451752645,-2.1405991166830063,0.7948203012347221,1456.0500496343288,1499.7261558701819
2024-07-24,2024,1495.699951171875,-0.2206275938078761,0.020397943444550037,1492.400024359019,1496.0050432020153,1.6313448548316956,0.1410104800015688,1520.0999753690376,1497.8090448524058,0.6502037867903709,0.4814895801246166,1505.4250488934163,1502.9015905866966,-2.0642509683966637,1.002180576324463,1464.8249504455011,1510.689565562614
2024-07-25,2024,1492.4000244140625,1.1139774695038795,0.05321747739799321,1509.0250244409056,1493.1942420597427,1.3903778977692127,0.14044393319636583,1513.1500244998178,1494.496009707373,1.5344427898526192,0.6313678342849016,1515.3000489844428,1501.8225581270729,-2.899693325161934,1.0828140191733837,1449.1250005214129,1508.559941100565
2024-07-26,2024,1509.0250244140625,0.73391436599195,0.07066343678161502,1520.099975854651,1510.0913533582082,-0.238563003949821,0.18589189276099205,1505.4250489854658,1511.830179594183,-0.6428040098398924,0.7634775713086128,1499.3249510476414,1520.5460920208982,-2.3011529818177223,1.2365472503006458,1474.3000500683827,1527.6848318598031
2024-07-29,2024,1520.0999755859375,-0.45720357447862625,0.07668347097933292,1513.1500241619099,1521.2656410095728,-0.3157638944685459,0.2544310875236988,1515.3000487032118,1523.9675824852684,-4.787515476346016,0.8257979527115822,1447.3249539988287,1532.6529300634954,-3.9125699549913406,1.3747362419962883,1460.6250006553314,1540.997340864894
2024-07-30,2024,1513.1500244140625,-0.5105227697640657,0.04806820070371032,1505.4250489987382,1513.877368404746,-0.9136618115007877,0.2833376172930002,1499.3249504902765,1517.4373476393057,-3.773583099246025,0.8356727659702301,1456.0500508265363,1525.7950070763627,-3.2729752361774445,1.4281432144343853,1463.6249988287773,1534.7599738119443
2024-07-31,2024,1505.425048828125,0.6559608969837427,0.024318776559084654,1515.3000484818358,1505.791149782014,-3.859381750226021,0.38964522536844015,1447.3249492303212,1511.2908656523844,-2.6969192549586296,0.877636019140482,1464.824950817309,1518.6372012978038,-2.894536219537258,1.574127934873104,1461.8499755318085,1529.1223650603056
2024-08-01,2024,1515.300048828125,-1.0542530566453934,0.02360643120482564,1499.3249517460054,1515.6577570916984,-3.9101168513298035,0.4493141546845436,1456.0500462706877,1522.1085064334516,-4.367125034332275,0.9336355142295361,1449.1250010505028,1529.4474282311219,-2.4483663961291313,1.6966400668025017,1478.1999516320889,1541.0092365888208
2024-08-02,2024,1499.324951171875,-3.4682273864746094,0.03821724676527083,1447.324952603085,1499.8979518882777,-2.301035448908806,0.537656620144844,1464.8249525510755,1507.386171029334,-1.6690779477357864,0.9143375791609287,1474.300049046965,1513.0338426341757,-0.7286563515663147,1.8166888505220413,1488.4000246845426,1526.5630203929095
2024-08-05,2024,1447.324951171875,0.6028430536389351,0.024271756410598755,1456.0500491035978,1447.6762423584933,0.12437074910849333,0.5597399082034826,1449.1250000556815,1455.4262065249704,0.918940082192421,0.7694649510085583,1460.6250002677652,1458.4616093983443,3.35964635014534,1.8829615786671638,1495.9499510686637,1474.5775239209047
2024-08-06,2024,1456.050048828125,0.6026511546224356,0.06430727080442011,1464.8249512592683,1456.9863948760728,1.2533909641206264,0.6324648857116699,1474.3000485732107,1465.2590541053505,0.5202397704124451,0.8277074433863163,1463.6250002592387,1468.1018834617055,2.9274405911564827,2.0489273592829704,1498.6750489850733,1485.8834566434175
2024-08-07,2024,1464.824951171875,-1.0717971250414848,0.07028565159998834,1449.1249994583245,1465.8545129336053,-0.2867203438654542,0.6703871302306652,1460.625000034848,1474.6449491249389,-0.20309428218752146,0.8249015547335148,1461.8499754519887,1476.9083149682162,2.273312583565712,2.1112803369760513,1498.1250011140755,1495.7515123370858
2024-08-08,2024,1449.125,1.7372585833072662,0.06860826397314668,1474.3000484453514,1450.1192195053009,1.0006038472056389,0.6748355459421873,1463.6250005008187,1458.9042106051347,2.0063797011971474,0.7654745131731033,1478.1999498449732,1460.2176825390197,3.5090122371912003,2.1623630076646805,1499.974973582197,1480.4603429348208
2024-08-09,2024,1474.300048828125,-0.9275620803236961,0.0704570731613785,1460.6250006250016,1475.338797492146,-0.844473484903574,0.6645788438618183,1461.849975827851,1484.0979350476812,0.9563843719661236,0.812232680618763,1488.4000240910061,1486.2747956350854,2.597838081419468,2.1512120962142944,1512.5999769309678,1506.0153698130089
2024-08-12,2024,1460.625,0.20539152901619673,0.07299261633306742,1463.6250000206928,1461.6911484023149,1.2032486498355865,0.6228978745639324,1478.199950591661,1469.7232020803494,2.418481931090355,0.7430670782923698,1495.9499517059885,1471.478423512308,2.726569212973118,2.14240625500679,1500.4499515669886,1491.917521362193
2024-08-13,2024,1463.625,-0.12127590598538518,0.1071457751095295,1461.8499755210214,1465.1932123509469,1.6927165910601616,0.5889722146093845,1488.4000232059043,1472.2453445760766,2.3947425186634064,0.7090949919074774,1498.6750501887873,1474.0034915753058,2.369121089577675,2.154207229614258,1498.3000485473312,1495.1545155644417
2024-08-14,2024,1461.8499755859375,1.1184441857039928,0.12676825281232595,1478.1999516415935,1463.7031372587253,2.332659065723419,0.5384461954236031,1495.9499515687185,1469.7212511622809,2.4814464151859283,0.66693015396595,1498.1249994005111,1471.599493878864,4.041117429733276,2.143481746315956,1520.9250497458925,1493.1844629711463
2024-08-16,2024,1478.199951171875,0.6900333799421787,0.16909880796447396,1488.40002425725,1480.699569668638,1.385137252509594,0.4900210537016392,1498.6750493621353,1485.4434421484245,1.4730771072208881,0.60047572478652,1499.9749762515382,1487.0761830424683,2.1258996799588203,2.1247990429401398,1509.6249992029893,1509.6087295871166
2024-08-19,2024,1488.4000244140625,0.5072511732578278,0.18911664374172688,1495.9499510006726,1491.2148365856854,0.6533845327794552,0.500912731513381,1498.1249999594697,1495.8556096322009,1.625903695821762,0.5657508969306946,1512.5999754196228,1496.8206609021017,1.8711350858211517,2.139083668589592,1516.2499994882446,1520.2381462595872
2024-08-20,2024,1495.949951171875,0.18216503085568547,0.18892446532845497,1498.6750488620128,1498.7761666187077,0.26906144339591265,0.5093157757073641,1499.9749757029786,1503.56906026988,0.30081220902502537,0.5344892852008343,1500.449951265904,1503.9456433728558,0.8807145059108734,2.097459137439728,1509.1249993930123,1527.3268901142546
2024-08-21,2024,1498.675048828125,-0.03670234000310302,0.15935372794046998,1498.1250000161624,1501.0632433881462,0.9291491471230984,0.44875070452690125,1512.5999752624582,1505.40036366831,-0.025022102636285126,0.4634492099285126,1498.3000488192229,1505.6206465013147,1.0592689737677574,1.9590303301811218,1514.5500486379601,1528.0345475855247
2024-08-22,2024,1498.125,0.12348606251180172,0.14409000286832452,1499.974975574005,1500.283648355471,0.15519072767347097,0.40679839439690113,1500.4499510889582,1504.2193484460586,1.521905604749918,0.3933106083422899,1520.9250483411597,1504.017284551228,-0.34376466646790504,1.9100192934274673,1492.9749755904777,1526.7394765396602
2024-08-23,2024,1499.9749755859375,0.8416807278990746,0.12680883519351482,1512.5999758787532,1501.8770763806722,-0.11166364420205355,0.39668967947363853,1498.3000488660794,1505.925221508774,0.6433457136154175,0.37165514659136534,1509.6250002966735,1505.5497097802852,-2.343374118208885,1.8816687166690826,1464.8249502284466,1528.1995354594028
2024-08-26,2024,1512.5999755859375,-0.8032542653381824,0.1426276401616633,1500.449951764539,1514.7573612362016,0.5503816995769739,0.4269835539162159,1520.9250490393683,1519.0585287182303,0.24130798410624266,0.4475789610296488,1516.2500000946154,1519.3700548411998,-3.315484896302223,1.8588649109005928,1462.4499518539146,1540.7171657743954
2024-08-27,2024,1500.449951171875,-0.14328383840620518,0.18375954823568463,1498.3000488884718,1503.207171223651,0.6114865187555552,0.4654806572943926,1509.6250003439654,1507.4342554669634,0.5781631451100111,0.5307232495397329,1509.1249998003718,1508.4131879104516,-2.594216912984848,1.8630854785442352,1461.5250247677013,1528.4046163249823
2024-08-28,2024,1498.300048828125,1.510044652968645,0.22932589054107666,1520.9250486008807,1501.7360387580775,1.1980211362242699,0.46896375715732574,1516.2500000971445,1505.3265330305994,1.0845624841749668,0.659422017633915,1514.55004905809,1508.1801692403174,-3.1235432252287865,1.8566804006695747,1451.4999991593545,1526.1186921779395
2024-08-29,2024,1520.925048828125,-0.7429720833897591,0.15237843617796898,1509.62500030605,1523.2426106329683,-0.7758468389511108,0.4450628533959389,1509.1249999139764,1527.694121248453,-1.8377022817730904,0.5757455714046955,1492.974974501752,1529.6817074411376,-2.7039464563131332,1.8653348088264465,1479.8000498671581,1549.2953931800766
2024-08-30,2024,1509.625,0.43885069899261,0.1860018353909254,1516.2499998646672,1512.4329302075203,0.3262432059273124,0.4833105020225048,1514.5500489974802,1516.9211761661572,-2.9676277190446854,0.35635759122669697,1464.8249500463717,1515.004663286556,-2.450939826667309,1.8532399088144302,1472.6249996416736,1537.6019729734398
2024-09-02,2024,1516.25,-0.46990932896733284,0.16546640545129776,1509.1249997995328,1518.7588843726553,-1.5350387431681156,0.4611031152307987,1492.9749750567134,1523.241475984687,-3.548230603337288,0.4580309148877859,1462.4499534768984,1523.194893746986,-2.9612546786665916,1.807432435452938,1471.3499759347178,1543.6551943025552
2024-09-03,2024,1509.125,0.3594830632209778,0.15908769564703107,1514.5500487778336,1511.5258321869333,-2.935479022562504,0.3824329702183604,1464.8249522007536,1514.8963915618078,-3.154144063591957,0.4548847209662199,1461.5250234003179,1515.9897790452815,-2.4401525035500526,1.753813773393631,1472.3000485308003,1535.5922421077266
2024-09-04,2024,1514.550048828125,-1.4245202764868736,0.15103492187336087,1492.9749762850265,1516.8375483111056,-3.4399721771478653,0.3593013156205416,1462.449948539458,1519.991847079296,-4.162955656647682,0.4852288868278265,1451.5000018976743,1521.8990831705041,-3.373945876955986,1.7356408759951591,1463.4499499012536,1540.8371985629906
2024-09-05,2024,1492.9749755859375,-1.8854986876249313,0.173106137663126,1464.824952014696,1495.5594069024514,-2.106529101729393,0.36084139719605446,1461.5250232436824,1498.3622473476294,-0.8824612945318222,0.5079507827758789,1479.8000492893457,1500.5585536610743,-1.5606374479830265,1.7441023141145706,1469.6750490279278,1519.0139866842833
2024-09-06,2024,1464.824951171875,-0.16213541384786367,0.1624097814783454,1462.4499511751458,1467.2039701741135,-0.9096616879105568,0.35147895105183125,1451.49999979611,1469.9735025449995,0.5324901547282934,0.44882125221192837,1472.6249998208687,1471.3993968604373,1.4404518529772758,1.6920840367674828,1485.9250493239037,1489.6110203372414
2024-09-09,2024,1462.449951171875,-0.06324502173811197,0.1569314394146204,1461.5250243823473,1464.7449949309676,1.186372060328722,0.4008660092949867,1479.8000487888692,1468.3124159290742,0.608569523319602,0.4654809832572937,1471.3499758685093,1469.2573775842357,2.1146055310964584,1.6642773523926735,1493.374998728873,1486.7891744993062
2024-09-10,2024,1461.5250244140625,-0.6859290413558483,0.12146326480433345,1451.4999998249232,1463.300240424648,0.75947898440063,0.442136125639081,1472.6249998262435,1467.9869545322524,0.737245287746191,0.43986449018120766,1472.3000487857867,1467.953754011572,1.9055422395467758,1.6226842999458313,1489.3750010958188,1485.240961525009
2024-09-11,2024,1451.5,1.9497105851769447,0.09123445488512516,1479.8000491438434,1452.8242681126576,1.3675491325557232,0.477718748152256,1471.3499756590463,1458.43408762943,0.8232829160988331,0.42710164561867714,1463.4499515271746,1457.699380386155,2.924557402729988,1.5465687960386276,1493.9499507006258,1473.9484460745007
2024-09-12,2024,1479.800048828125,-0.48486609011888504,0.0703657977283001,1472.6250001897947,1480.8413219372667,-0.5068252328783274,0.5392396822571754,1472.3000487845184,1487.7797179094673,-0.6842140574008226,0.4168522544205189,1469.6750488726188,1485.968628692581,1.2265104800462723,1.4703884720802307,1497.9499515107318,1501.5588581559314
2024-09-13,2024,1472.625,-0.08658174192532897,0.043747766176238656,1471.3499756229721,1473.2692405416528,-0.6230404134839773,0.5655480083078146,1463.4499511109316,1480.953401357343,0.9031524881720543,0.3158633131533861,1485.9250493289437,1477.276482115325,3.6363668739795685,1.3340740464627743,1526.1750476779416,1492.2709079267224
2024-09-16,2024,1471.3499755859375,0.06457153358496726,0.011910439934581518,1472.3000488295754,1471.5252198410071,-0.1138360588811338,0.579580757766962,1469.675048761382,1479.8776369238426,1.4969263225793839,0.2563704503700137,1493.3750006677487,1475.1220821448662,0.35511439200490713,1.2491014786064625,1476.574951106004,1489.7286298864574
2024-09-17,2024,1472.300048828125,-0.6011069286614656,0.006788293831050396,1463.449951223933,1472.3999928815142,0.9254227392375469,0.5572269670665264,1485.925048269786,1480.504101736329,1.159746665507555,0.21237418986856937,1489.3749995506753,1475.4268341292582,-0.5077156238257885,1.1581001803278923,1464.82495145063,1489.3507583485712
2024-09-18,2024,1463.449951171875,0.4253713879734278,0.049498595762997866,1469.6750485414714,1464.1743383473993,2.0448289811611176,0.5626090336591005,1493.3749998982257,1471.6834528002478,2.0841164514422417,0.27812232729047537,1493.9499523628715,1467.5201322348055,-3.859030082821846,1.0767254047095776,1406.9749773091107,1479.2072885813525
2024-09-19,2024,1469.675048828125,1.1056865565478802,0.07667600293643773,1485.925048267956,1470.8019369117205,1.3404290191829205,0.5836662836372852,1489.374999670308,1478.2530465671646,1.9238879904150963,0.3372559091076255,1497.9499505906565,1474.6316147749783,-5.657714977860451,0.9965872392058372,1386.5250234646983,1484.3216428225383
2024-09-20,2024,1485.925048828125,0.5013679154217243,0.05622667958959937,1493.3750002701638,1486.7605351442712,0.5400610622018576,0.5826144479215145,1493.9499514303498,1494.5822628478825,2.708750404417515,0.2991331508383155,1526.175049597598,1490.3699432457804,-7.752751559019089,1.0054445825517178,1370.7249714392474,1500.8652017323463
2024-09-23,2024,1493.375,-0.2678496763110161,0.06424431339837611,1489.3749998963904,1494.334408515213,0.3063497832044959,0.5647609476000071,1497.9499510749301,1501.8089988012216,-1.1249719187617302,0.3509804839268327,1476.574950608192,1498.6164548018423,-6.430067867040634,0.9397405199706554,1397.349973990582,1507.4088499901118
2024-09-24,2024,1489.375,0.30717256013303995,0.04844126524403691,1493.9499513174815,1490.0964720942284,2.470838278532028,0.5358622409403324,1526.1750476108864,1497.355998251005,-1.6483457759022713,0.32438449561595917,1464.8249501001555,1494.2063015815802,-7.7062539756298065,0.9443629533052444,1374.5999798504636,1503.44010573579
2024-09-25,2024,1493.949951171875,0.26774657890200615,0.054642342729493976,1497.949951056646,1494.7662804244014,-1.1630242690443993,0.49002659507095814,1476.5749506723691,1501.270703249667,-5.821813270449638,0.34108904656022787,1406.974974660675,1499.045650816414,-8.226507157087326,0.8853722363710403,1371.050051515418,1507.1769692648295
2024-09-26,2024,1497.949951171875,1.8842482939362526,0.04780036397278309,1526.17504757085,1498.6659767006654,-2.2113556042313576,0.4051515366882086,1464.8249509780549,1504.018918417868,-7.438494265079498,0.339439301751554,1386.525029960194,1503.0345820267205,-8.401480317115784,0.9454205632209778,1372.0999808639244,1512.1118780370125
2024-09-27,2024,1526.175048828125,-3.2499611377716064,0.07100878283381462,1476.574952846844,1527.2587671542112,-7.810380309820175,0.33217212185263634,1406.9749733210647,1531.244576871003,-10.185599327087402,0.4334659315645695,1370.7249733245117,1532.7904977208339,-10.067654401063919,0.9698524139821529,1372.5250193568409,1540.9766943807779
2024-09-30,2024,1476.574951171875,-0.7957604713737965,0.1316266367211938,1464.8249513802423,1478.5185171187702,-6.098568066954613,0.205656373873353,1386.5250227150564,1479.6116216739774,-5.365455895662308,0.4242825787514448,1397.3499734003508,1482.8398014519048,-8.976850658655167,1.0037139058113098,1344.0250229420653,1491.3955392865137
2024-10-01,2024,1464.824951171875,-3.9492756128311157,0.16422522021457553,1406.9749766045788,1467.2305631736951,-6.42397403717041,0.14826671686023474,1370.7249766185996,1466.996799034727,-6.159437447786331,0.3667579498142004,1374.5999745848767,1470.1973131311597,-7.560630142688751,0.909271277487278,1354.0749543759484,1478.144183718348
2024-10-03,2024,1406.9749755859375,-1.4534694142639637,0.16734286909922957,1386.525024649448,1409.3294478775913,-0.6840917747467756,0.04649681504815817,1397.3499755052087,1407.6291741381096,-2.553345076739788,0.17457092180848122,1371.0500493158531,1409.4311447704326,-3.5928092896938324,0.8811255916953087,1356.4250479594184,1419.372192164574
2024-10-04,2024,1386.5250244140625,-1.1395430192351341,0.1652906066738069,1370.7249752884038,1388.8168200386006,-0.8600673638284206,-0.05215650890022516,1374.599975187763,1385.8018613663,-1.0403742082417011,0.09626955725252628,1372.0999756692418,1387.8598259162613,-1.9635401666164398,0.9128795005381107,1359.300048639504,1399.1823271317694
2024-10-07,2024,1370.7249755859375,1.942402869462967,0.15930307563394308,1397.3499768441643,1372.9085826305286,0.023715423594694585,-0.1491680508479476,1371.050048820216,1368.6802918573699,0.13132093008607626,0.10705315507948399,1372.5250243727992,1372.1923799197648,-0.11125677265226841,0.9383132681250572,1369.199951216162,1383.5866699013643
2024-10-08,2024,1397.3499755859375,-1.6280816867947578,0.1569656189531088,1374.5999765329918,1399.543334624057,-1.806991919875145,-0.15102264005690813,1372.0999744347223,1395.239660761973,-3.8161486387252808,0.22923527285456657,1344.0250235143867,1400.553194615205,-3.864457830786705,0.950221810489893,1343.3499750309106,1410.6278998228304
2024-10-09,2024,1374.5999755859375,-0.2582516288384795,0.1511078793555498,1371.0500487589734,1376.6771044586674,-0.15094944974407554,-0.15010449569672346,1372.5250244866083,1372.536639224737,-1.4931634068489075,0.27431261260062456,1354.0749517599343,1378.3706766917749,-2.6243962347507477,1.0629610158503056,1338.5250255837755,1389.211437450304
2024-10-10,2024,1371.050048828125,0.07657829555682838,0.17933740746229887,1372.0999755867485,1373.508854440704,-1.9711187109351158,-0.1349734840914607,1344.0250247793888,1369.199494808584,-1.0667006485164165,0.4260909743607044,1356.4250490657907,1376.8919693401497,-2.2792749106884003,1.3098616153001785,1339.8000490522045,1389.008907144279
2024-10-11,2024,1372.0999755859375,0.030977977439761162,0.20708583761006594,1372.5250244068254,1374.9414003132272,-1.3136815279722214,-0.09497955907136202,1354.0749516613537,1370.7967610791077,-0.9328712709248066,0.5711711943149567,1359.30004910533,1379.937015403687,-3.224983811378479,1.4837715774774551,1327.849973497363,1392.4588050382567
2024-10-14,2024,1372.5250244140625,-2.076464891433716,0.18135084537789226,1344.0250241559625,1375.0141101488605,-1.1730187572538853,0.02059689722955227,1356.4250484296822,1372.807721982791,-0.24225956294685602,0.6410526111721992,1369.1999512885807,1381.3236319220607,-2.7813736349344254,1.7555227503180504,1334.3499752521325,1396.6200134714597
2024-10-15,2024,1344.0250244140625,0.747748464345932,0.15459583373740315,1354.0749508945437,1346.1028311061948,1.13651342689991,0.09424195159226656,1359.300049277423,1345.2916598269587,-0.050225912127643824,0.5533638410270214,1343.3499755863268,1351.4623729135246,-0.2994754118844867,1.910838857293129,1339.9999999363679,1369.7071768323099
2024-10-16,2024,1354.074951171875,0.1735574332997203,0.18757409416139126,1356.4250489020833,1356.6148449958018,1.1169987730681896,0.14926798176020384,1369.1999517628885,1356.0961515230097,-1.148380059748888,0.6413414143025875,1338.5250244385627,1362.7591946144378,-0.7514301221817732,2.0175592973828316,1343.9000241118515,1381.3942162427752
2024-10-17,2024,1356.425048828125,0.21195420995354652,0.20585297606885433,1359.3000488239807,1359.2172901592812,-0.9639362804591656,0.22499002516269684,1343.3499756652348,1359.4768698867965,-1.2256482616066933,0.6727233529090881,1339.8000487971653,1365.5500368963003,-1.797003112733364,2.174549549818039,1332.0500484787885,1385.921183621036
2024-10-18,2024,1359.300048828125,0.7283088285475969,0.21489695645868778,1369.199951090192,1362.221143262198,-1.5283619053661823,0.3157540690153837,1338.525024702212,1363.592094042428,-2.3136962205171585,0.686647230759263,1327.8499749729008,1368.6336449711125,-1.519166026264429,2.333217114210129,1338.6500242913323,1391.0154702008494
2024-10-21,2024,1369.199951171875,-1.8879620358347893,0.23088143207132816,1343.3499758990815,1372.3611796270607,-2.1472321823239326,0.38071407470852137,1339.800049179949,1374.4126880968886,-2.545280195772648,0.7070685736835003,1334.3499759741685,1378.8811337375012,-4.897015169262886,2.478141337633133,1302.1500218654483,1403.130661156718
2024-10-22,2024,1343.3499755859375,-0.35917304921895266,0.26002959348261356,1338.5250245169434,1346.8430830665025,-1.153831835836172,0.4300934262573719,1327.8499759009296,1349.1276355225627,-0.24937475100159645,0.6944920402020216,1339.99999992924,1352.6794342384376,-2.8324656188488007,2.631010487675667,1305.300049386652,1378.693654329792
2024-10-23,2024,1338.5250244140625,0.09525592904537916,0.25771455839276314,1339.800048861573,1341.9745982697077,-0.31191413290798664,0.4267594777047634,1334.349975690405,1344.2373068171996,0.4015614278614521,0.7737536448985338,1343.9000246143823,1348.8819105783452,-0.984296016395092,2.6797253638505936,1325.3499759203035,1374.3938189947735
2024-10-24,2024,1339.800048828125,-0.8919295854866505,0.259255850687623,1327.8499758062624,1343.2735588422274,0.014923956769052893,0.40524713695049286,1340.0000000082039,1345.2295501668623,-0.5784445442259312,0.8449384942650795,1332.0500485421423,1351.1205351868562,-2.5488896295428276,2.7002450078725815,1305.6500243269352,1375.9779327620809
2024-10-25,2024,1327.8499755859375,0.4895131103694439,0.2725337166339159,1334.349975302468,1331.4688144757245,1.2087245471775532,0.35001926589757204,1343.900024190536,1332.4977063227045,0.8133485913276672,0.8918770588934422,1338.6500246573105,1339.6927648947108,-3.3211566507816315,2.7100039646029472,1283.7499978093629,1363.8347625682957
2024-10-28,2024,1334.3499755859375,0.423428975045681,0.2629141788929701,1340.0000000110833,1337.8581708678078,-0.17236308194696903,0.34073577262461185,1332.050048844059,1338.8965832847666,-2.4131564423441887,0.9485485963523388,1302.1500231866673,1347.0069335497856,-4.620229080319405,2.6959046721458435,1272.6999499806811,1370.3227789205357
2024-10-29,2024,1340.0,0.2910465933382511,0.2544467803090811,1343.9000243507326,1343.4095868561417,-0.10074444580823183,0.34583909437060356,1338.6500244261697,1344.634243864566,-2.5895485654473305,0.9953493252396584,1305.3000492230058,1353.3376809582114,-4.906716570258141,2.6710182428359985,1274.249997958541,1375.7916444540024
2024-10-30,2024,1343.9000244140625,-0.8817601948976517,0.3094985615462065,1332.0500489395595,1348.0593756582432,-3.1066298484802246,0.4308602772653103,1302.1500251218822,1349.6903557854216,-1.38031467795372,0.9985383599996567,1325.3499751200516,1357.3193816778817,-6.834583729505539,2.7504662051796913,1252.050052004638,1380.863540416973
2024-10-31,2024,1332.050048828125,0.49547506496310234,0.3104901872575283,1338.6500246728972,1336.1859335190954,-2.008182741701603,0.4721410572528839,1305.3000496367308,1338.3392040117997,-1.9819093868136406,1.0050710290670395,1305.6500238733447,1345.4380979615698,-4.838412255048752,2.77261920273304,1267.5999760222421,1368.9827242719484
2024-11-01,2024,1338.6500244140625,-2.7266275137662888,0.3003025893121958,1302.1500245353495,1342.6700250992062,-0.9935419075191021,0.508244801312685,1325.349975426494,1345.4536435709178,-4.101148247718811,1.038280501961708,1283.7500023947177,1352.5489666070594,-5.819297209382057,2.7629155665636063,1260.7500008999427,1375.6357943204061
2024-11-04,2024,1302.1500244140625,0.24190947879105806,0.31022122129797935,1305.3000487512002,1306.1895701229319,0.2687862375751138,0.5227528512477875,1305.6500244722686,1308.9570507942108,-2.2616498172283173,0.8551120758056641,1272.6999507668634,1313.2848665179336,-4.6461619436740875,2.719634026288986,1241.6500255301935,1337.5637395513577
2024-11-05,2024,1305.300048828125,1.5360397286713123,0.305590289644897,1325.349976156491,1309.288919028074,-1.6509652137756348,0.5612929351627827,1283.7499990865763,1312.6266057848736,-2.3787671700119972,0.9648501873016357,1274.249999796451,1317.8942387940915,-6.305067241191864,2.725617215037346,1223.0000030502015,1340.8775316668753
2024-11-06,2024,1325.3499755859375,-1.486396137624979,0.3024528734385967,1305.6500247388144,1329.3585346702148,-3.9725374430418015,0.548835564404726,1272.6999515544408,1332.6239676047826,-5.53060919046402,0.9866633452475071,1252.050048030369,1338.4267179912908,-4.523329809308052,2.6327945291996,1265.4000250626018,1360.2437172359123
2024-11-07,2024,1305.6500244140625,-1.6773272305727005,0.2978301141411066,1283.7500010185863,1309.5386433720582,-2.4049341678619385,0.47883372753858566,1274.250000864231,1311.9019170945728,-2.9142608866095543,0.9626484476029873,1267.5999764365554,1318.2188441052126,-1.428409107029438,2.4970635771751404,1287.0000005594,1338.2529356190844
2024-11-08,2024,1283.75,-0.8607633411884308,0.2964405342936516,1272.6999506074935,1287.5555553589948,-2.4693243205547333,0.43884371407330036,1252.0500490348786,1289.383656179416,-1.7916260287165642,0.8700959384441376,1260.750000856351,1294.9198566097766,0.9308627806603909,2.4070313200354576,1295.6999509467278,1314.6502645709552
2024-11-11,2024,1272.699951171875,0.1217921613715589,0.2944068284705281,1274.249999950182,1276.4468667340661,-0.40072095580399036,0.3985116723924875,1267.599975763022,1277.7718090318285,-2.439689449965954,0.8656589314341545,1241.650024733413,1283.7171919695525,1.6107488423585892,2.3659415543079376,1293.1999509020743,1302.8112881783072
2024-11-12,2024,1274.25,-1.7421973869204521,0.2875598147511482,1252.0500497971661,1277.9142309394665,-1.0594467632472515,0.4091620445251465,1260.749999619322,1279.4637473523617,-4.02197353541851,0.8532349020242691,1223.0000022249296,1285.1223457390442,-0.2707436680793762,2.35330481082201,1270.8000488094985,1304.2369865518995
2024-11-13,2024,1252.050048828125,1.2419573031365871,0.26233161333948374,1267.599975848471,1255.3345719210336,-0.8306397125124931,0.3667816985398531,1241.6500239020265,1256.6423392637857,1.0662493295967579,0.7767708506435156,1265.4000240799708,1261.77560864289,3.2067328691482544,2.3002687841653824,1292.1999492820833,1280.8505652634458
2024-11-14,2024,1267.5999755859375,-0.5403893534094095,0.24636229500174522,1260.7500002740508,1270.7228639772325,-3.5184580832719803,0.3538357326760888,1223.0000017813804,1272.0851972469538,1.5304531902074814,0.8053340949118137,1286.9999998513617,1277.808390376425,3.277851641178131,2.2796720266342163,1309.1500221892547,1296.4970976389923
2024-11-18,2024,1260.75,-1.5149693004786968,0.2390226349234581,1241.6500245442148,1263.7634778697975,0.368830026127398,0.33039164263755083,1265.4000245544012,1264.915412634553,2.7721555903553963,0.7403185591101646,1295.6999516054057,1270.0835662339814,4.961336404085159,2.244822680950165,1323.3000487145036,1289.0516019500792
2024-11-19,2024,1241.6500244140625,-1.5020355582237244,0.2504960633814335,1222.9999995386697,1244.7603088461942,3.6523960530757904,0.29406154062598944,1287.0000008987763,1245.3012396050374,4.151727631688118,0.6520387250930071,1293.1999515665234,1249.746063403369,5.420200899243355,2.169712260365486,1308.9499502028089,1268.5902572246055
2024-11-21,2024,1223.0,3.466886654496193,0.23942349944263697,1265.4000237844884,1225.9281493981835,5.944395065307617,0.2790131140500307,1295.6999516487122,1226.4123303848319,3.9084259420633316,0.6140580866485834,1270.8000492714345,1230.5099303997122,8.098941296339035,2.1287262439727783,1322.0500520542264,1249.034321963787
2024-11-22,2024,1265.4000244140625,1.7069682478904724,0.24297614581882954,1287.0000010396088,1268.4746446225743,2.1969279274344444,0.28629640582948923,1293.1999509441773,1269.0228192033255,2.1179014816880226,0.6527297664433718,1292.1999502804085,1273.6596670379947,3.6470700055360794,2.129387855529785,1311.550049154514,1292.3452988578065
2024-11-25,2024,1287.0,0.6759868934750557,0.24313661269843578,1295.699951319024,1290.1291682054289,-1.258737500756979,0.27582894545048475,1270.8000483652577,1290.5499185279477,1.7210585996508598,0.6005818024277687,1309.1500241775066,1294.7294877972454,0.6332575343549252,2.1195612847805023,1295.150024467148,1314.278753735125
2024-11-26,2024,1295.699951171875,-0.19294590456411242,0.2705325372517109,1293.1999511806496,1299.2052411249495,-0.27012426871806383,0.3291886765509844,1292.1999511539916,1299.9652486932096,2.1301303058862686,0.6704088300466537,1323.3000485051407,1304.3864380554414,-0.8373833261430264,2.234102413058281,1284.8499758239184,1324.6472150470008
2024-11-27,2024,1293.199951171875,-1.7321297898888588,0.2803109120577574,1270.8000495747988,1296.8249317497352,1.233380287885666,0.32176459208130836,1309.150024452576,1297.3610107195589,1.217909064143896,0.6394551135599613,1308.9499505947017,1301.4693843881985,-1.1599134653806686,2.2285552695393562,1278.1999508039362,1322.0196268293962
2024-11-28,2024,1270.800048828125,1.6839709132909775,0.2833156380802393,1292.1999520164782,1274.4004240951863,4.13125567138195,0.3034115768969059,1323.3000479172615,1274.655803295481,4.032892361283302,0.5796903278678656,1322.050046924499,1278.1667537977219,-0.6216575391590595,2.1977942436933517,1262.900024516948,1298.7296191501218
2024-11-29,2024,1292.199951171875,1.3117222115397453,0.274178059771657,1309.1500249489022,1295.7428799263685,1.2962390668690205,0.27703691739588976,1308.9499517610273,1295.7798220831928,1.497453823685646,0.6159250624477863,1311.5500487503623,1300.1589345280806,-1.4974444173276424,2.1362286061048508,1272.8499751423412,1319.8042961768815
2024-12-02,2024,1309.1500244140625,1.0808558203279972,0.24936520494520664,1323.3000486497672,1312.4145890554828,0.9853740222752094,0.27458665426820517,1322.0500486672481,1312.7447756654524,-1.0693961754441261,0.7185283582657576,1295.1500241221527,1318.5566385917207,-3.1203433871269226,2.0370136946439743,1268.3000481996878,1335.8175896948119
2024-12-03,2024,1323.300048828125,-1.0844175703823566,0.22145146504044533,1308.9499505897545,1326.2305161731358,-0.8879316970705986,0.3009365638718009,1311.5500482472294,1327.2823425247823,-2.905620262026787,0.7376746740192175,1284.8499744819646,1333.0616981496141,-5.894354730844498,1.9640671089291573,1245.3000497967569,1349.2905498396017
2024-12-04,2024,1308.949951171875,1.000809669494629,0.21757525391876698,1322.0500488520483,1311.797902351807,-1.054274570196867,0.2762212883681059,1295.1500247000656,1312.5655495910955,-2.349211275577545,0.6687444169074297,1278.1999513272785,1317.7034808904496,-4.255315661430359,1.8715547397732735,1253.2499988993732,1333.4476660242922
2024-12-05,2024,1322.050048828125,-0.7942210882902145,0.2114974893629551,1311.550048542581,1324.8461514895182,-2.813817374408245,0.264657917432487,1284.8499748558265,1325.5489589547688,-4.474113881587982,0.6845725700259209,1262.9000240719652,1331.1004408244166,-6.928640604019165,1.7708670347929,1230.4499523395643,1345.4617973262857
2024-12-06,2024,1311.550048828125,-1.2504306621849537,0.2177968854084611,1295.1500248676764,1314.4065639850458,-2.5428002700209618,0.24155019782483578,1278.1999506450634,1314.7181005656412,-2.950712665915489,0.7024357095360756,1272.8499754175327,1320.7628447195316,-8.101101219654083,1.6995705664157867,1205.300051826136,1333.8407674218197
2024-12-09,2024,1295.1500244140625,-0.7952784188091755,0.23515322245657444,1284.8499757786958,1298.1956114321192,-2.4900591000914574,0.20136416424065828,1262.9000233713034,1297.7579924363865,-2.073116973042488,0.6682382430881262,1268.3000494315706,1303.8047121825625,-5.6248292326927185,1.6425305977463722,1222.3000472335934,1316.423259851783
2024-12-10,2024,1284.8499755859375,-0.5175720434635878,0.21839202381670475,1278.199951311856,1287.6559854506281,-0.9339611977338791,0.2376212738454342,1272.8499753648716,1287.9030524649274,-3.078174777328968,0.7254129741340876,1245.3000477109338,1294.1704440069966,-4.833247140049934,1.6529984772205353,1222.750000886998,1306.0885261169415
2024-12-11,2024,1278.199951171875,-1.196990069001913,0.19380705198273063,1262.9000246943604,1280.6771928156859,-0.7745190523564816,0.14985036104917526,1268.3000490228376,1280.1153384136364,-1.951959915459156,0.7590101566165686,1253.2500004855815,1287.9016186231374,-4.82318140566349,1.5740692615509033,1216.5500487997533,1298.3197037044301
2024-12-12,2024,1262.9000244140625,0.7878652773797512,0.16214633360505104,1272.8499751944414,1264.947770500747,-1.3936159200966358,0.05850009620189667,1245.300048618924,1263.6388221432785,-2.5694886222481728,0.7123861461877823,1230.4499519763738,1271.8967492281904,-3.313799574971199,1.4739357866346836,1221.0500487727181,1281.5143598233194
2024-12-13,2024,1272.8499755859375,-0.35745978821069,0.1554153161123395,1268.3000487589682,1274.8281793991302,-1.5398495830595493,0.007115909829735756,1253.2500005439038,1272.940550442468,-5.30698262155056,0.6622030399739742,1205.3000485831813,1281.2788268185755,-4.882745444774628,1.3928036205470562,1210.6999513842002,1290.5782761300306
2024-12-16,2024,1268.300048828125,-1.8134510144591331,0.15966701321303844,1245.3000487262657,1270.3251056346685,-2.9843172058463097,-0.01685468014329672,1230.4499522491901,1268.0862809116377,-3.6269020289182663,0.5933736450970173,1222.3000486244064,1275.8258070586237,-4.167002812027931,1.3485590927302837,1215.4499501285054,1285.4038244596993
2024-12-17,2024,1245.300048828125,0.6383964326232672,0.1721197972074151,1253.2499999152997,1247.4434567467918,-3.212077170610428,-0.02035719808191061,1205.3000502541163,1245.0465406304709,-1.8108125776052475,0.47519784420728683,1222.749998915021,1251.2176878140685,-1.9312653690576553,1.3652566820383072,1221.2500002442493,1262.3015909561773
2024-12-18,2024,1253.25,-1.819273829460144,0.1750350813381374,1230.4499507322907,1255.4436271568702,-2.4695752188563347,0.022628973238170147,1222.300048569683,1253.5335976071074,-2.928382344543934,0.5690903402864933,1216.5500482670031,1260.3821246896405,-0.9136206470429897,1.4587673358619213,1241.8000492409337,1271.5320016366895
2024-12-19,2024,1230.449951171875,-2.0439598709344864,0.16706250607967377,1205.300047937989,1232.5055716963589,-0.6257833912968636,-0.019492744468152523,1222.749999739221,1230.2101027070846,-0.7639402523636818,0.5338642280548811,1221.0500487096838,1237.0188833053003,1.6823174431920052,1.4818571507930756,1251.150025330187,1248.6834617602453
2024-12-20,2024,1205.300048828125,1.4104371890425682,0.19354838877916336,1222.300048956345,1207.6328876525863,0.9333775378763676,-0.041742739267647266,1216.5500487478996,1204.79692357135,0.4480130970478058,0.4724447149783373,1210.6999509055986,1210.9944252084447,1.0536754503846169,1.5655860304832458,1217.9999995461008,1224.1700580179859
2024-12-23,2024,1222.300048828125,0.03681184316519648,0.20480346865952015,1222.7500000051077,1224.803361725552,-0.10226621525362134,-0.035983906127512455,1221.0500488291452,1221.8602175259582,-0.560426851734519,0.5881971679627895,1215.449951145728,1229.4895830993398,1.5176246874034405,1.6932839527726173,1240.849976123285,1242.9970594096635
2024-12-24,2024,1222.75,-0.5070497747510672,0.2214082283899188,1216.5500488792313,1225.4572691126377,-0.985487550497055,-0.05552947986871004,1210.6999509762973,1222.0710132849053,-0.1226742984727025,0.6886010523885489,1221.250000015425,1231.169869368081,3.496217727661133,1.7959235236048698,1265.5000022649765,1244.7096548848785
2024-12-26,2024,1216.550048828125,0.36989846266806126,0.19623534753918648,1221.0500487563277,1218.937350044431,-0.09042765013873577,-0.027783703990280628,1215.449951206208,1216.212046163665,2.075541391968727,0.8271921426057816,1241.8000486455685,1226.613255242898,3.1400229781866074,1.9535385072231293,1254.7499999024685,1240.3158224916242
2024-12-27,2024,1221.050048828125,-0.8476391434669495,0.18565593054518104,1210.6999506529355,1223.3170006586993,0.016375345876440406,0.021140393801033497,1221.249999996945,1221.308183616955,2.4650894105434418,0.8589291013777256,1251.1500242792226,1231.5380030398967,1.7075447365641594,2.0065052434802055,1241.9000246677037,1245.550482083379
2024-12-30,2024,1210.699951171875,0.3923350479453802,0.14175936812534928,1215.4499514057798,1212.4162317725502,2.5687700137495995,0.02752637956291437,1241.8000484740592,1211.0332130358026,0.6029610056430101,0.8586747571825981,1217.9999997727805,1221.09592603781,2.4077001959085464,2.0427126437425613,1239.849976268105,1235.431072152248
2024-12-31,2024,1215.449951171875,0.47719357535243034,0.17405501566827297,1221.2500002504914,1217.565502774827,2.9371898621320724,0.13566992711275816,1251.1500239169845,1217.0989512347219,2.0897630602121353,0.9004903957247734,1240.8499752668313,1226.3949612470192,1.9169894978404045,2.168406918644905,1238.7499990873462,1241.805852005752
2025-01-01,2025,1221.25,1.6827061772346497,-0.03374265506863594,1241.8000491894782,1220.8379178249743,-0.2661207690834999,0.39115725085139275,1218.0000001075678,1226.0270079260226,3.6233369261026382,0.8892286568880081,1265.5000022100285,1232.1097049722448,2.5342846289277077,0.6852944381535053,1252.1999510307796,1229.6191583259497
2025-01-02,2025,1241.800048828125,0.7529372815042734,-0.04322468303143978,1251.15002435749,1241.2632846931347,-0.07650774787180126,0.3510453971102834,1240.8499755776957,1246.1593307408493,1.0428370907902718,0.8934387937188148,1254.7500003307564,1252.8947722047747,1.9850138574838638,0.9449007920920849,1266.4499518796047,1253.5338273257018
2025-01-03,2025,1251.1500244140625,-2.6495642960071564,-0.03543169004842639,1218.0000000777027,1250.7067208153712,1.1469428427517414,0.37445235066115856,1265.5000000711661,1255.8349850907787,-0.739319808781147,1.0298807173967361,1241.9000244459992,1264.0353772612075,4.092231020331383,1.0647152550518513,1302.3499738240184,1264.4712095875839
2025-01-06,2025,1218.0,1.876024343073368,0.010978186037391424,1240.8499764986336,1218.1337143059354,3.017241321504116,0.2972617745399475,1254.7499992959201,1221.6206484138966,1.793922483921051,1.0510334745049477,1239.8499758541584,1230.8015877194703,7.179798930883408,1.0882307775318623,1305.44995097816,1231.254650870338
2025-01-07,2025,1240.8499755859375,1.9865434616804123,-0.005088851321488619,1265.499999645203,1240.7868305755571,0.08462335099466145,0.3226549830287695,1241.9000244160948,1244.8536398640767,-0.16923686489462852,1.018635556101799,1238.7499999892102,1253.4897146351364,2.6473768055438995,1.1282838881015778,1273.6999500311967,1254.850285935986
2025-01-08,2025,1265.5,-0.84946658462286,0.014319363981485367,1254.7500003715977,1265.6812115511857,-2.026868797838688,0.3603697521612048,1239.8499753633514,1270.0604792136,-1.0509718209505081,1.0748331435024738,1252.1999516058713,1279.1020134310238,0.9166317991912365,1.186554692685604,1277.099975418765,1280.5158496359363
2025-01-09,2025,1254.75,-1.0241064243018627,0.02678140881471336,1241.9000246410724,1255.0860397271026,-1.2751543894410133,0.35843660589307547,1238.7500002984889,1259.2474833124434,0.9324527345597744,1.050117239356041,1266.4499506868888,1267.92634606082,0.70930658839643,1.1155705899000168,1263.6500244179042,1268.7476219767705
2025-01-10,2025,1241.9000244140625,-0.16507358523085713,0.0028428039513528347,1239.8499755187793,1241.9353291970283,0.829368457198143,0.3340137656778097,1252.1999514864888,1246.0481414515616,4.867537692189217,0.8925159461796284,1302.349976201724,1252.9841801675666,0.3542977850884199,1.0487532243132591,1246.3000486935741,1254.9244909628521
2025-01-13,2025,1239.8499755859375,-0.08871844038367271,0.03609746927395463,1238.7500000245004,1240.2975300499177,2.1454188972711563,0.3592007327824831,1266.44995125997,1244.3035257836457,5.290960893034935,0.9940736927092075,1305.4499529264926,1252.174998022299,-0.8468766696751118,1.1287541128695011,1229.3499754037275,1253.8448331787754
2025-01-14,2025,1238.75,1.085767988115549,0.047863455256447196,1252.1999509527814,1239.3429085519892,5.1342058926820755,0.38569862954318523,1302.3499754955992,1243.5278417734662,2.821388654410839,1.055292785167694,1273.6999519565143,1251.8224393762648,-0.35115848295390606,1.2263852171599865,1234.4000242924085,1253.9418468775693
2025-01-15,2025,1252.199951171875,1.1379972100257874,0.05176413687877357,1266.4499516801552,1252.8481416685956,4.252515733242035,0.455118203535676,1305.449951107108,1257.8989410943232,1.9885022193193436,1.1699859984219074,1277.0999749912435,1266.850515272832,-1.3336488977074623,1.3764189556241035,1235.500000325978,1269.4354686621205
2025-01-16,2025,1266.449951171875,2.834697440266609,0.04708649357780814,1302.3499755200019,1267.0462780467997,0.5724663846194744,0.48417611978948116,1273.6999514203637,1272.5817994045346,-0.22108466364443302,1.222742535173893,1263.6500245571015,1281.9353734115425,-1.0580680333077908,1.4495106413960457,1253.0500490806833,1284.8072779820664
2025-01-17,2025,1302.3499755859375,0.2380293793976307,0.07162591209635139,1305.44995115041,1303.2827956346375,-1.9388029351830482,0.48012686893343925,1277.0999760329216,1308.6029077462736,-4.30375300347805,1.192866824567318,1246.300049395862,1317.8852763844627,-2.860214188694954,1.3407250866293907,1265.0999767977632,1319.81090842433
2025-01-20,2025,1305.449951171875,-2.4321116507053375,0.08140039863064885,1273.6999508152967,1306.5125926360524,-3.201955556869507,0.5093540530651808,1263.6500239181769,1312.0993134089063,-5.829405784606934,1.2192568741738796,1229.3499762031133,1321.3667394404376,-3.129187598824501,1.3802782632410526,1264.5999731909442,1323.4687930853913
2025-01-21,2025,1273.699951171875,0.26694077532738447,0.11590792564675212,1277.0999756968777,1275.176270364242,-2.151205390691757,0.47549321316182613,1246.3000491610273,1279.7563079957426,-3.0854932963848114,1.2025464326143265,1234.4000245624102,1289.0167844969028,-2.18261182308197,1.3103285804390907,1245.9000254470084,1290.3896056611188
2025-01-22,2025,1277.0999755859375,-1.0531635023653507,0.10095448233187199,1263.6500247543495,1278.3892652551508,-3.7389397621154785,0.500646885484457,1229.3499767967878,1283.4937368382311,-3.257378190755844,1.202475093305111,1235.499999507053,1292.456784708964,0.6342475768178701,1.4242342673242092,1285.1999512346329,1295.2888710662214
2025-01-23,2025,1263.6500244140625,-1.3730048201978207,0.11696385918185115,1246.3000486684264,1265.1280382491695,-2.3147230967879295,0.5370231345295906,1234.4000254363839,1270.4361173846548,-0.8388379588723183,1.275630109012127,1253.050048341978,1279.7695245980274,1.1514206416904926,1.647634245455265,1278.1999516338929,1284.4703549590124
2025-01-24,2025,1246.300048828125,-1.360031496733427,0.14602034352719784,1229.3499756202584,1248.1199004408036,-0.8665689267218113,0.5314104724675417,1235.4999998712617,1252.9230178059656,1.5084590762853622,1.31316427141428,1265.0999750324218,1262.6660157839547,2.828371897339821,1.6697147861123085,1281.5500491657122,1267.1097050227331
2025-01-27,2025,1229.3499755859375,0.41079018265008926,0.16032936982810497,1234.4000245960558,1231.3209846547763,1.9278541207313538,0.5580896511673927,1253.050049748481,1236.2108505763115,2.86736898124218,1.391301490366459,1264.599975456797,1246.4539401180843,3.0381890013813972,1.756247878074646,1266.6999513326743,1250.9404084462767
2025-01-28,2025,1234.4000244140625,0.08911013719625771,0.16718064434826374,1235.4999999693684,1236.463702328713,2.4870341643691063,0.5953126586973667,1265.0999747462208,1241.7485640183627,0.9316266514360905,1.4368667267262936,1245.9000240268374,1252.1367076395695,1.5594620257616043,1.7787054181098938,1253.6500240407918,1256.3563645294653
2025-01-29,2025,1235.5,1.4204815030097961,0.16516153700649738,1253.050048969686,1237.5405707897153,2.355319820344448,0.7283736020326614,1264.5999763803557,1244.4990558531135,4.022658988833427,1.6170855611562729,1285.199951807037,1255.4790921080858,-0.05261225742287934,1.8646642565727234,1234.8499755595403,1258.537926889956
2025-01-30,2025,1253.050048828125,0.9616476483643055,0.03190458519384265,1265.0999751555084,1253.4498292484748,-0.5706096533685923,0.6320938002318144,1245.900024287972,1260.9705005005694,2.007094770669937,1.3162446208298206,1278.1999508320314,1269.5432526921306,-2.9128924012184143,1.2939158827066422,1216.550049172347,1269.2634624281754
2025-01-31,2025,1265.0999755859375,-0.039522568113170564,0.03666293923743069,1264.5999755863868,1265.5637984212792,1.5888053923845291,0.6715134717524052,1285.1999522171022,1273.5952923531336,1.300298236310482,1.4044706709682941,1281.5500482560458,1282.8679337014692,-3.873211517930031,1.3422783464193344,1216.099977618213,1282.0811386187838
2025-02-01,2025,1264.5999755859375,-1.4787246473133564,0.05402452661655843,1245.9000240570294,1265.2831697363408,1.075436919927597,0.6409268826246262,1278.199950612784,1272.7051367871322,0.16605848213657737,1.4608824625611305,1266.699951110495,1283.0742948508248,-3.74426506459713,1.2905239127576351,1217.2500004931694,1280.9199406716011
2025-02-03,2025,1245.9000244140625,3.154340386390686,0.04802555777132511,1285.1999520582067,1246.4983748500604,2.8613872826099396,0.6198405288159847,1281.5500492666806,1253.6226177139092,0.6220402661710978,1.4208394102752209,1253.6500242421534,1263.6022629735662,-1.6855284571647644,1.3219108805060387,1224.9000249547407,1262.3697123970194
2025-02-04,2025,1285.199951171875,-0.5446623079478741,0.014187261695042253,1278.1999514560773,1285.3822858522524,-1.439464744180441,0.5326209589838982,1266.6999509825316,1292.0451954766672,-3.9176765829324722,1.242285594344139,1234.8499736409549,1301.165805023801,-4.652966931462288,1.1837183497846127,1225.4000224406782,1300.4130988253194
2025-02-05,2025,1278.199951171875,0.26209496427327394,0.030463619623333216,1281.55004887724,1278.5893371430257,-1.9206641241908073,0.5094396416097879,1253.6500232742924,1284.7116084221816,-4.82318140566349,1.2415459379553795,1216.5500487997533,1294.069390744597,-3.9704274386167526,1.2130022048950195,1227.449949590161,1293.704544762557
2025-02-06,2025,1281.550048828125,-1.1587606742978096,0.02917949459515512,1266.6999508408603,1281.923998655357,-3.6440305411815643,0.5078946240246296,1234.8499736483009,1288.058972630308,-5.107102543115616,1.1750953271985054,1216.0999736931244,1296.6094835676145,-3.788384795188904,1.240259874612093,1233.0000016355843,1297.444599856812
2025-02-07,2025,1266.699951171875,-1.0302303358912468,0.017863791435956955,1253.6500240101827,1266.9262318092717,-3.95909883081913,0.4375513643026352,1216.5500482150428,1272.2424140898484,-3.9038408547639847,1.064637303352356,1217.250000970752,1280.1857113735969,-3.0433353036642075,1.3452007435262203,1228.150024366364,1283.7396083332853
2025-02-10,2025,1253.6500244140625,-1.4996250160038471,0.02069496549665928,1234.849975034811,1253.9094668540638,-2.9952576383948326,0.4643087275326252,1216.0999762990616,1259.4708308901318,-2.293303422629833,1.125328242778778,1224.900025496375,1267.757702204397,-3.1188908964395523,1.516144536435604,1214.5500479294,1272.65717076524
2025-02-11,2025,1234.8499755859375,-1.481955498456955,0.025377038400620222,1216.5500484750473,1235.163343938432,-1.425272412598133,0.4493589047342539,1217.2499995469364,1240.3988839113417,-0.7652712054550648,1.117800921201706,1225.4000242922093,1248.6531399884962,-2.4982772767543793,1.6116047278046608,1203.999999243867,1254.7508761737752
2025-02-12,2025,1216.550048828125,-0.036995866685174406,0.05344063392840326,1216.0999755939022,1217.2001808862751,0.686365133151412,0.4134969785809517,1224.9000241906178,1221.5804465229544,0.8959682658314705,1.0631350800395012,1227.4499512035823,1229.4836191634545,-0.7767927832901478,1.6578515991568565,1207.0999758437154,1236.7186432671656
2025-02-13,2025,1216.0999755859375,0.09456659900024533,0.05813474417664111,1217.249999973292,1216.8069521956766,0.7647437509149313,0.408414751291275,1225.400024154109,1221.06670727668,1.3896903954446316,1.0413656942546368,1233.0000001456597,1228.7640235395284,-1.3156812638044357,1.7536874860525131,1200.099976058023,1237.4265686756758
2025-02-14,2025,1217.25,0.6284677889198065,0.11252977419644594,1224.9000241606263,1218.6197686764062,0.8379504084587097,0.4646933637559414,1227.4499513469636,1222.9064799703192,0.895463116466999,1.126316748559475,1228.1500247851945,1230.9600906218402,-3.7790101021528244,1.827457919716835,1171.2499995315447,1239.4947315277532
2025-02-17,2025,1224.9000244140625,0.040819658897817135,0.10470807319507003,1225.4000244258675,1226.1825936281923,0.6612764671444893,0.4853493068367243,1233.0000000215598,1230.845068191999,-0.8449649438261986,1.1098063550889492,1214.5500486108451,1238.494042728496,-5.14327697455883,1.9053393974900246,1161.9000234970085,1248.2385271590886
2025-02-18,2025,1225.4000244140625,0.16728633781895041,0.1295654335990548,1227.4499512385373,1226.9877192690176,0.22441651672124863,0.5001199431717396,1228.1500244647539,1231.5284943197885,-1.7463704571127892,1.1383425444364548,1204.0000004062424,1239.3492742315025,-4.063982889056206,1.9118815660476685,1175.5999770993844,1248.8282215911786
2025-02-19,2025,1227.449951171875,0.45216092839837074,0.1298859715461731,1233.000000266719,1229.0442364661976,-1.050951424986124,0.5081087816506624,1214.5500484190427,1233.6867321641462,-1.6579067334532738,1.1065972968935966,1207.0999757816276,1241.0328791522647,-1.4542324468493462,1.7678136005997658,1209.5999757130971,1249.1489783492466
2025-02-20,2025,1233.0,-0.39334758184850216,0.11861365055665374,1228.150024315808,1234.4625063113635,-2.351986989378929,0.47813495621085167,1204.0000004209578,1238.8954040100798,-2.6682907715439796,0.9734543040394783,1200.0999747868627,1245.0026915688068,1.3625343330204487,1.5778504312038422,1249.8000483261421,1252.4548958167434
2025-02-21,2025,1228.1500244140625,-1.1073545552790165,0.13301389990374446,1214.5500491730531,1229.7836346582044,-1.713963970541954,0.48554157838225365,1207.0999754914033,1234.1132034275047,-4.632986336946487,0.9818289428949356,1171.250001585754,1240.208356815931,0.8345886133611202,1.566069945693016,1238.4000246728142,1247.3837128344326
2025-02-24,2025,1214.550048828125,-0.8686384186148643,0.16276384703814983,1204.0000004906983,1216.5268972118015,-1.189747080206871,0.513286842033267,1200.0999750845413,1220.7841744186685,-4.3349407613277435,1.029643975198269,1161.9000236947486,1227.0555902316514,2.6964718475937843,1.4576682820916176,1247.300048969712,1232.2541596600208
2025-02-25,2025,1204.0,0.25747306644916534,0.16625011339783669,1207.099975720048,1206.00165136531,-2.720099687576294,0.4927466157823801,1171.2499997615814,1209.9326692540199,-2.3588059470057487,1.0203092359006405,1175.5999763980508,1216.2845232002437,4.406150057911873,1.1945764534175396,1257.050046697259,1218.3827004991472
2025-02-27,2025,1207.0999755859375,-0.5799022503197193,0.14451888855546713,1200.0999756639058,1208.8444630544077,-3.7445075809955597,0.4771597683429718,1161.9000254899265,1212.8597710331114,0.20710795652121305,0.9822653606534004,1209.5999756785416,1218.9569005145738,3.380005806684494,1.0712698101997375,1247.9000248532293,1220.031273203318
2025-02-28,2025,1200.0999755859375,-2.403964288532734,0.15207105316221714,1171.2500007461615,1201.9249802578106,-2.0414965227246284,0.47699096612632275,1175.5999763151315,1205.8243440539666,4.141327738761902,1.0473838075995445,1249.8000487677527,1212.6696284052307,3.228897601366043,0.9669912047684193,1238.8499749116263,1211.7048367982816
2025-03-03,2025,1171.25,-0.798290316015482,0.20798253826797009,1161.9000246736687,1173.6859954794636,3.2742775976657867,0.40437979623675346,1209.5999763626605,1175.986298363423,5.733193084597588,1.1600427329540253,1238.4000240033492,1184.837000509724,5.771609395742416,0.9237559512257576,1238.849975047633,1182.0694915787317
2025-03-04,2025,1161.9000244140625,1.1790989898145199,0.1441514934413135,1175.5999758645835,1163.5749206515504,7.565196603536606,0.43270643800497055,1249.8000455975262,1166.9276406228835,7.350032031536102,1.1217687278985977,1247.300048382922,1174.9338555373856,9.230570495128632,0.9305674582719803,1269.1500252505193,1172.712287938914
2025-03-05,2025,1175.5999755859375,2.8921402990818024,0.10094927856698632,1209.5999762358542,1176.7867352801252,5.34195713698864,0.4471509251743555,1238.4000223841872,1180.8566817531196,6.928383558988571,1.1025231331586838,1257.0500510139073,1188.5612372701803,8.570092171430588,0.9781775996088982,1276.3499770609678,1187.0994312081268
2025-03-06,2025,1209.5999755859375,3.3234186470508575,0.07857717573642731,1249.8000467292832,1210.5504450844614,3.116738982498646,0.45711658895015717,1247.3000495573185,1215.1292577342779,3.1663399189710617,1.0901795700192451,1247.9000224727793,1222.7867873987332,7.647155970335007,0.8702280931174755,1302.0999723361283,1220.1262543878283
2025-03-07,2025,1249.800048828125,-0.9121478535234928,0.015064678154885769,1238.4000245094037,1249.9883271830606,0.5800927989184856,0.4207506775856018,1257.0500489122567,1255.0585910020345,-0.8761459961533546,0.9463286027312279,1238.8499757403947,1261.6272641671344,2.85244844853878,0.7231786381453276,1285.4499509307598,1258.83833580078
2025-03-10,2025,1238.4000244140625,0.7186712231487036,0.02827180433087051,1247.300049016993,1238.7501424457982,0.7671188563108444,0.38391847629100084,1247.9000245179009,1243.1544709181803,0.03633326559793204,0.9811557829380035,1238.8499755840978,1250.5506578695067,2.7979670092463493,0.6263661663979292,1273.0500485396667,1246.156943171656
2025-03-11,2025,1247.300048828125,0.7816883735358715,0.0349768903106451,1257.0500482929217,1247.7363155980483,-0.6774691864848137,0.3823003964498639,1238.8499753343044,1252.0684818597142,1.751781813800335,1.005843374878168,1269.1500242470188,1259.8459337341149,2.4773431941866875,0.6671369075775146,1278.1999516988558,1255.6212478020898
2025-03-12,2025,1257.050048828125,-0.7278965786099434,0.0017788494005799294,1247.9000245312905,1257.0724098553835,-1.447839941829443,0.3488353453576565,1238.849976132405,1261.4350837072732,1.5353348106145859,0.8082583546638489,1276.3499758146309,1267.2102608700843,1.435895636677742,0.5559962242841721,1275.0999756301035,1264.0391996369717
2025-03-13,2025,1247.9000244140625,-0.725222285836935,0.018515734700486064,1238.849975332047,1248.1310822719104,1.7028607428073883,0.3531180787831545,1269.1500240392934,1252.306585005408,4.343292862176895,0.8346217684447765,1302.0999771015422,1258.31526966625,0.37662882823497057,0.6088871508836746,1252.599975653557,1255.498327318594
2025-03-17,2025,1238.8499755859375,0.0,0.04026532405987382,1238.8499755859375,1239.3488025432227,3.0270008370280266,0.31288950704038143,1276.3499747164453,1242.7262071675182,3.761551156640053,0.7673877291381359,1285.4499511716253,1248.3567582810147,0.992860272526741,0.6792762316763401,1251.1500248297375,1247.265189016221
2025-03-18,2025,1238.8499755859375,2.4458207190036774,0.03671653103083372,1269.1500249661904,1239.304838321649,5.10554164648056,0.3666364587843418,1302.0999770268918,1243.3920512660766,2.7606306597590446,0.7677006535232067,1273.0500478403803,1248.3606349446827,0.7950902916491032,0.9025322273373604,1248.6999514699187,1250.0309958639616
2025-03-20,2025,1269.1500244140625,0.5673049483448267,0.058652088046073914,1276.349975304483,1269.8944074038186,1.2843183241784573,0.45519242994487286,1285.4499507389278,1274.9270992498389,0.7130698766559362,0.8949501439929008,1278.1999509277307,1280.508284385042,-5.078207701444626,1.152957882732153,1204.6999501313812,1283.7827896642416
2025-03-21,2025,1276.3499755859375,2.0174717530608177,0.07388244848698378,1302.0999758135824,1277.2929741991634,-0.2585440408438444,0.48773298040032387,1273.0500487837483,1282.5751553622017,-0.09793551871553063,0.9703044779598713,1275.0999756167218,1288.7344565534877,-8.669254183769226,1.3058125041425228,1165.6999519279161,1293.0167131637586
2025-03-24,2025,1302.0999755859375,-1.2787055224180222,0.06941872998140752,1285.4499512907164,1303.0038768520774,-1.8354984000325203,0.49544377252459526,1278.1999513672338,1308.5511488270222,-3.8015514612197876,0.953834131360054,1252.5999749375078,1314.519849577507,-9.208203852176666,1.4015552587807178,1182.1999554748418,1320.3496262683448
2025-03-25,2025,1285.449951171875,-0.964635144919157,0.07745093898847699,1273.050049172525,1286.4455442292845,-0.8051636628806591,0.4664174746721983,1275.099975260522,1291.4455143723058,-2.6683207601308823,0.9193914942443371,1251.1500232636636,1297.2682686857172,-7.7871546149253845,1.352564338594675,1185.3499759766382,1302.8364888019084
2025-03-26,2025,1273.050048828125,0.40453257970511913,0.08202942553907633,1278.1999510315868,1274.0943244700036,-1.6063841059803963,0.4304178524762392,1252.5999751825743,1278.5294835092386,-1.9127368927001953,0.806488748639822,1248.6999508816516,1283.3170542364776,-4.2496442794799805,1.26928323879838,1218.9499502531835,1289.208659719415
2025-03-27,2025,1278.199951171875,-0.24252666626125574,0.08135458920150995,1275.0999754421448,1279.2398254913248,-2.116251550614834,0.4059871658682823,1251.1500248852421,1283.3892789277675,-5.750273913145065,0.7453987374901772,1204.6999528218057,1287.7276374705102,-2.9807524755597115,1.2089489959180355,1240.0999744847163,1293.6527366473922
2025-03-28,2025,1275.0999755859375,-1.764567568898201,0.08672958938404918,1252.5999749457192,1276.2058645589993,-2.0704278722405434,0.40407958440482616,1248.6999502924739,1280.2523942680311,-8.579721301794052,0.6764481775462627,1165.69995136142,1283.7253661326813,-2.8076171875,1.1699143797159195,1239.3000495135784,1290.0175535560716
2025-04-01,2025,1252.5999755859375,-0.11575532844290137,0.08540800190530717,1251.1500243701223,1253.669796196952,-3.8240481168031693,0.41105947457253933,1204.6999498084665,1257.7489064640768,-5.620311945676804,0.6463835015892982,1182.1999495265363,1260.6965751690366,1.7483653500676155,1.0662535205483437,1274.4999995340374,1265.9558669240103
2025-04-02,2025,1251.1500244140625,-0.19582570530474186,0.08178182179108262,1248.6999510543333,1252.173237697368,-6.829722225666046,0.46252598986029625,1165.699953120229,1256.936918449121,-5.259165540337563,0.6625686772167683,1185.3499734721531,1259.43975258082,3.5447366535663605,1.0994081385433674,1295.4999979205722,1264.905269607858
2025-04-03,2025,1248.699951171875,-3.5236649215221405,0.08450371096841991,1204.6999490173675,1249.755148969476,-5.325538665056229,0.44739055447280407,1182.1999524616785,1254.2865168071244,-2.382477931678295,0.6045428570359945,1218.9499504023274,1256.2488775324964,3.4035399556159973,1.157634798437357,1291.1999529357672,1263.155336334711
2025-04-04,2025,1204.699951171875,-3.2373204827308655,0.13113170862197876,1165.6999528971392,1206.2796948016148,-1.6062069684267044,0.46888855285942554,1185.3499766075192,1210.3486513392231,2.9384929686784744,0.7269037887454033,1240.0999745307336,1213.4569607599574,7.910687476396561,1.2886031530797482,1299.999999337384,1220.223752727826
2025-04-07,2025,1165.699951171875,1.4154586009681225,0.09625970851629972,1182.1999513922185,1166.8220505470476,4.5680709183216095,0.5035230424255133,1218.9499516362466,1171.5695190315682,6.313811242580414,0.8398746140301228,1239.3000457437192,1175.4903691375291,11.658233404159546,1.5239651314914227,1301.599972271666,1183.464811965547
2025-04-08,2025,1182.199951171875,0.26645446196198463,0.11660427553579211,1185.3499756910849,1183.5784468603235,4.897650703787804,0.49758078530430794,1240.0999754006234,1188.0823509727832,7.807482033967972,0.8753111585974693,1274.4999999651973,1192.5478792614163,9.998314827680588,1.536504365503788,1300.4000241827252,1200.3645050306145
2025-04-09,2025,1185.3499755859375,2.834603749215603,0.1217394950799644,1218.9499504352227,1186.7930146611463,4.551404714584351,0.4835554398596287,1239.3000502590803,1191.0817998742582,9.292615950107574,0.9039061143994331,1295.4999964818326,1196.064426492291,15.476447343826294,1.5567527152597904,1368.800040397553,1203.802943516203
2025-04-11,2025,1218.949951171875,1.7351020127534866,0.13442898634821177,1240.0999763091158,1220.5885732353274,4.557204991579056,0.4588313866406679,1274.4999991915302,1224.5428761352928,5.927232652902603,0.8936373516917229,1291.1999507002747,1229.842943233975,14.828336238861084,1.3702193275094032,1399.6999485150736,1235.6522389954985
2025-04-15,2025,1240.0999755859375,-0.06450501969084144,0.1511172973550856,1239.3000488524997,1241.973981153544,4.467383772134781,0.4398515447974205,1295.500000653511,1245.5545744855847,4.830257594585419,0.8939418941736221,1299.9999988371292,1251.185748797337,13.297316431999207,1.1501881293952465,1404.9999934127445,1254.3634582977602
2025-04-16,2025,1239.300048828125,2.8403090313076973,0.1351779792457819,1274.500000039991,1240.9753095909227,4.187839850783348,0.4244286101311445,1291.1999501437267,1244.559992800721,5.027025192975998,0.8916695602238178,1301.5999744992787,1250.3505101233643,14.564673602581024,1.0633936151862144,1419.8000558965687,1252.478686420363
2025-04-17,2025,1274.5,1.6477050259709358,0.14197846176102757,1295.5000005559996,1276.3095154951443,2.0007846876978874,0.35503513645380735,1300.0000008447096,1279.0249228141038,2.0321713760495186,0.8621524088084698,1300.4000241877511,1285.488132450264,12.302868068218231,0.9338897652924061,1431.3000535294414,1286.4024250586517
2025-04-21,2025,1295.5,-0.33192194532603025,0.09806737070903182,1291.1999511983013,1296.7704627875355,0.4708587657660246,0.33309622667729855,1301.5999753104988,1299.8152616166044,5.658050999045372,0.825717207044363,1368.8000506926328,1306.1971664172597,9.679662436246872,0.7660124450922012,1420.9000268615782,1305.4236912261695
2025-04-22,2025,1291.199951171875,0.6815403699874878,0.10469192638993263,1300.00000009637,1292.5517332743027,0.7125211879611015,0.315140257589519,1300.400024402918,1295.2690420239937,8.403035998344421,0.8424887433648109,1399.6999478794532,1302.07816541483,8.89095813035965,0.6784307304769754,1405.9999982097906,1299.9598484325288
2025-04-23,2025,1300.0,0.12307504657655954,0.05058852257207036,1301.5999756054953,1300.657650793437,5.292311310768127,0.3488697577267885,1368.8000470399857,1304.5353068504483,8.076923340559006,0.6885401904582977,1405.000003427267,1308.9510224759579,8.230768889188766,0.6612960714846849,1406.999995559454,1308.596848929301
2025-04-24,2025,1301.5999755859375,-0.09219047497026622,0.05190192023292184,1300.400024386232,1302.2755309670179,7.536876201629639,0.4304741509258747,1399.6999543862912,1307.2030270292926,9.08113643527031,0.7137323264032602,1419.8000452103415,1310.8899153721513,5.808234214782715,0.7302968762814999,1377.1999507075234,1311.1055195493223
2025-04-25,2025,1300.4000244140625,5.25992177426815,0.0717227638233453,1368.8000484508061,1301.3327072523318,8.043676614761353,0.43638143688440323,1404.9999970762074,1306.0747287258457,10.066135227680206,0.6497020833194256,1431.3000493723684,1308.848750464167,10.466008633375168,0.7523288019001484,1436.500003237651,1310.183308337646
2025-04-28,2025,1368.800048828125,2.2574445232748985,0.08654737030155957,1399.6999505649796,1369.9847092750722,3.725891187787056,0.4109438043087721,1419.800049225837,1374.4250478221597,3.806251659989357,0.4532527644187212,1420.9000234085806,1375.0041728888032,3.426351770758629,0.6472230888903141,1415.6999535392924,1377.6592387848825
2025-04-29,2025,1399.699951171875,0.37865606136620045,0.09845935273915529,1404.9999998779272,1401.0780866840892,2.2576337680220604,0.34946349915117025,1431.3000499205195,1404.5913915988574,0.4500999581068754,0.4389687906950712,1406.0000000657215,1405.8441971208936,1.764669083058834,0.7505022920668125,1424.4000234657947,1410.204731387478
2025-04-30,2025,1405.0,1.0533842258155346,0.12928706128150225,1419.8000483727083,1406.816483211005,1.1316743679344654,0.2942682011052966,1420.9000248694792,1409.1344682255294,0.1423487556166947,0.4726756364107132,1407.0000000164146,1411.6410926915705,3.501775860786438,0.9415081702172756,1454.1999508440495,1418.2281897915527
2025-05-02,2025,1419.800048828125,0.8099731989204884,0.1475195516832173,1431.3000487018928,1421.8945314949544,-0.9719712659716606,0.21150473039597273,1406.000000319264,1422.8029930935609,-3.0004294589161873,0.4615609534084797,1377.1999499053795,1426.3532914699902,2.5778260082006454,0.9940925985574722,1456.4000237512619,1433.9141760278408
2025-05-05,2025,1431.300048828125,-0.7266138680279255,0.15760643873363733,1420.9000241802494,1433.5558698626758,-1.697760634124279,0.20146099850535393,1407.0000000429195,1434.1835601981018,0.3633026499301195,0.43508592061698437,1436.4999998339686,1437.5274338223603,0.6637322716414928,0.9575678966939449,1440.8000491562177,1445.0057186010679
2025-05-06,2025,1420.9000244140625,-1.0486328043043613,0.16624336130917072,1406.000000641688,1423.2621763754912,-3.075520694255829,0.15862627187743783,1377.1999501185219,1423.1539451498961,-0.3659703768789768,0.44039185158908367,1415.699951239641,1427.1575523408094,0.2603949047625065,0.96836993470788,1424.5999756794058,1434.659593052745
2025-05-07,2025,1406.0,0.0711237546056509,0.1620231312699616,1406.9999999897555,1408.2780452256557,2.169274538755417,0.15202114591374993,1436.5000000149012,1408.1374173115473,1.3086788356304169,0.4274379927664995,1424.4000244289637,1412.009778178297,1.6500676050782204,0.894442480057478,1429.1999505273998,1418.5758612696081
2025-05-08,2025,1407.0,-2.117984928190708,0.13119264040142298,1377.1999520603567,1408.845880450448,0.6183334160596132,0.15260186046361923,1415.6999511639588,1409.1471081767231,3.354651853442192,0.3701078938320279,1454.1999515779316,1412.2074180662166,0.1705774338915944,0.8215989917516708,1409.4000244948547,1418.559897813946
2025-05-09,2025,1377.199951171875,4.305841773748398,0.13088855193927884,1436.5000019774761,1379.0025482452722,3.4272491931915283,0.2705101389437914,1424.4000253870472,1380.925416673324,5.750804394483566,0.5027197767049074,1456.4000264846927,1384.1234076911865,3.601517528295517,0.6576324813067913,1426.8000488130074,1386.2568653833225
2025-05-12,2025,1436.5,-1.4479671604931355,0.16128320712596178,1415.699951739516,1438.8168332703644,1.232158113270998,0.35491506569087505,1454.1999512971379,1441.5983549186494,0.2993420697748661,0.5896800197660923,1440.800048832316,1444.97075348394,-0.11833979515358806,0.5614493042230606,1434.8000488426187,1444.5652192551643
2025-05-13,2025,1415.699951171875,0.6145421881228685,0.194450537674129,1424.4000246290611,1418.452787338781,2.874908223748207,0.4116513766348362,1456.4000254917146,1421.5276995098927,0.6286660209298134,0.7444225717335939,1424.5999757232125,1426.23874115642,0.452074920758605,0.5776925012469292,1422.0999756043147,1423.8783436299514
2025-05-14,2025,1424.4000244140625,2.092103846371174,0.1988353207707405,1454.199952112541,1427.2322347716647,1.1513636447489262,0.43898141011595726,1440.8000484509607,1430.6528757269275,0.3369788406416774,0.7893245667219162,1429.1999511024328,1435.6431637351557,-0.8073574863374233,0.538127264007926,1412.9000241815634,1432.0651092939702
2025-05-15,2025,1454.199951171875,0.15129097737371922,0.17527744639664888,1456.4000244909712,1456.7488357117904,-2.0354818552732468,0.42006196454167366,1424.599975026379,1460.3084920551316,-3.0807267874479294,0.7720974739640951,1409.4000237330683,1465.42779226126,-2.503087930381298,0.5616501439362764,1417.800047710481,1462.3674672907532
2025-05-16,2025,1456.4000244140625,-1.0711326263844967,0.162305380217731,1440.8000485818916,1458.763840011179,-1.8676238134503365,0.4027578979730606,1429.199950739009,1462.2657905384717,-2.0324070006608963,0.6840850226581097,1426.800048360244,1466.3630388510683,-2.4375170469284058,0.6201369687914848,1420.9000255475003,1465.4316993789423
2025-05-19,2025,1440.800048828125,-1.124380435794592,0.11828989954665303,1424.5999749601826,1442.504369758552,-2.1793464198708534,0.3536656266078353,1409.4000245464917,1445.895663348979,-0.4164353013038635,0.5619455128908157,1434.8000488036014,1448.8965600522433,-1.8809061497449875,0.6422620266675949,1413.699952104188,1450.0537604219562
2025-05-20,2025,1424.5999755859375,0.3228959394618869,0.10650284821167588,1429.1999510606795,1426.1172151355593,0.15443445881828666,0.31519769690930843,1426.800048848559,1429.090281899155,-0.17548785544931889,0.5014216527342796,1422.0999756400502,1431.7432283283727,-1.340725552290678,0.7033990696072578,1405.4999996953302,1434.6205985598342
2025-05-21,2025,1429.199951171875,-1.3853853568434715,0.09032278903760016,1409.4000243283258,1430.4908444286975,0.3918344620615244,0.31473198905587196,1434.800049112333,1433.6981006057838,-1.1404930613934994,0.4941644612699747,1412.9000248953205,1436.2625494110544,-0.3988211043179035,0.7632855325937271,1423.5000001437004,1440.1088276310065
2025-05-22,2025,1409.4000244140625,1.2345695868134499,0.07776236743666232,1426.8000484720199,1410.4960072396998,0.9010891430079937,0.339924287982285,1422.0999750156097,1414.1909174118741,0.5960000213235617,0.5293470341712236,1417.8000488601047,1416.8606416429068,2.3414218798279762,0.7870381698012352,1442.4000249599942,1420.492540571389
2025-05-23,2025,1426.800048828125,0.5606952589005232,0.07704312447458506,1434.8000490558948,1427.899300165747,-0.9742096997797489,0.3584215650334954,1412.9000243559792,1431.9140078930334,-0.41351444087922573,0.547519838437438,1420.9000245837487,1434.6120621502942,1.1704479344189167,0.8675933815538883,1443.5000005279219,1439.1788716197655
2025-05-26,2025,1434.800048828125,-0.8851458318531513,0.08239670423790812,1422.0999760004959,1435.9822767807632,-1.184834074229002,0.41350098326802254,1417.800048952555,1440.7329611379594,-1.470594946295023,0.612212298437953,1413.69995182062,1443.5840711850446,0.9757457301020622,0.8996167220175266,1448.8000490400677,1447.7077499948984
2025-05-27,2025,1422.0999755859375,-0.64692716114223,0.08874947670847178,1412.900024585275,1423.3620818725412,-0.08437882061116397,0.4411619622260332,1420.9000243986263,1428.3737397430484,-1.1672860942780972,0.6354719866067171,1405.5000003241908,1431.1370225523272,1.1532258242368698,0.7540384773164988,1438.4999997508608,1432.823156587764
2025-05-28,2025,1412.9000244140625,0.3468061564490199,0.09075839770957828,1417.8000486832002,1414.182349837459,0.056615949142724276,0.4601183347404003,1413.6999511733222,1419.4010364779433,0.7502282969653606,0.7057296112179756,1423.5000002050474,1422.8712782632585,2.54795104265213,0.7951931096613407,1448.9000253177528,1424.1353080546064
2025-05-29,2025,1417.800048828125,0.21864688023924828,0.09639390045776963,1420.9000244029182,1419.1667215958826,-0.8675446733832359,0.4626546986401081,1405.5000000252917,1424.35956737135,1.7350807785987854,0.7307989057153463,1442.400024954306,1428.1613160701927,1.6786517575383186,0.7632183842360973,1441.5999742661575,1428.6209594524896
2025-05-30,2025,1420.9000244140625,-0.5067262332886457,0.08941665291786194,1413.6999512415516,1422.1705456572026,0.182980892714113,0.41296808049082756,1423.4999999633103,1426.767887970579,1.5905395150184631,0.7280087098479271,1443.5000007712752,1431.2443003500282,0.4926455207169056,0.808748509734869,1427.9000247382037,1432.3915321863337
2025-06-02,2025,1413.699951171875,-0.5800347775220871,0.07098211208358407,1405.4999998052654,1414.7034252557414,2.0301388576626778,0.4042420070618391,1442.4000232113735,1419.4147202283243,2.4828534573316574,0.7476416882127523,1448.8000492858419,1424.2693613530791,1.7047533765435219,0.9710160084068775,1437.8000488236717,1427.4272040085941
2025-06-03,2025,1405.5,1.2806829996407032,0.05381598020903766,1423.49999955995,1406.256383601838,2.7036642655730247,0.37077178712934256,1443.5000012526289,1410.711197468103,2.3479189723730087,0.6751441862434149,1438.5000011567026,1414.9891515376512,1.8285272642970085,1.0019165463745594,1431.1999506996945,1419.5819370592944
2025-06-04,2025,1423.5,1.3277150690555573,0.1018682261928916,1442.4000240080059,1424.9500941998558,1.7773129045963287,0.36413329653441906,1448.8000491969287,1428.6834374761675,1.784336194396019,0.6005748175084591,1448.9000257272273,1432.049182527233,0.46364422887563705,1.05294706299901,1430.0999755980447,1438.488701441791
2025-06-05,2025,1442.4000244140625,0.07626009173691273,0.11522938730195165,1443.4999999958939,1444.062093124638,-0.27038438711315393,0.33036181703209877,1438.4999999483305,1447.1651633435881,-0.05546649917960167,0.46906895004212856,1441.5999756163542,1449.165875063989,-0.6308912299573421,1.0275267995893955,1433.3000491591315,1457.2210712222009
2025-06-06,2025,1443.5,0.3671665210276842,0.11494958307594061,1448.8000487310346,1445.1592972317012,0.3740924410521984,0.32623906154185534,1448.9000243865885,1448.2092608533567,-1.0807049460709095,0.4545542411506176,1427.9000241034664,1450.0614904710092,1.57256331294775,1.0692331939935684,1466.1999514224008,1458.9343811552972
2025-06-09,2025,1448.800048828125,-0.7109365426003933,0.08496239315718412,1438.4999998517935,1450.0309840216719,-0.4969680216163397,0.32862473744899035,1441.5999758882872,1453.5611641847472,-0.7592489942908287,0.3968718461692333,1437.8000490281124,1454.54992832921,0.5521811079233885,0.972442515194416,1456.8000489893388,1462.8887964630871
2025-06-10,2025,1438.5,0.7229770068079233,0.08603045716881752,1448.900024242932,1439.7375481263734,-0.7368769962340593,0.3679255023598671,1427.900024409173,1443.7926083514467,-0.5074764601886272,0.44438429176807404,1431.1999511201866,1444.8924680370837,0.8550607599318027,0.9393693879246712,1450.800049031619,1452.0128286452964
2025-06-11,2025,1448.9000244140625,-0.5038338713347912,0.07270312635228038,1441.5999753292863,1449.9534200295304,-0.7660967297852039,0.3770386800169945,1437.8000487091695,1454.3629379408792,-1.2975393794476986,0.4337669815868139,1430.0999760284626,1455.184874316174,1.2699306011199951,0.8503449149429798,1467.3000492037318,1461.220672094275
2025-06-12,2025,1441.5999755859375,-0.950329564511776,0.10291739599779248,1427.9000248159498,1443.0836327415154,-0.7214223500341177,0.3880381118506193,1431.1999511639742,1447.19393291164,-0.5757440812885761,0.4588119685649872,1433.3000490506438,1448.2142088127557,3.7250328809022903,0.8450009860098362,1495.300048687593,1453.7815095939563
2025-06-13,2025,1427.9000244140625,0.6933275610208511,0.11645220220088959,1437.8000488271487,1429.5628454377197,0.15406899619847536,0.3768499009311199,1430.099975648395,1433.2810642414624,2.682255394756794,0.43206452392041683,1466.1999498506423,1434.0694738566067,6.1278801411390305,0.7892260327935219,1515.4000264454512,1439.1693831290033
2025-06-16,2025,1437.800048828125,-0.4590413998812437,0.11842309031635523,1431.199951356491,1439.5027360785173,-0.31297814566642046,0.38646780885756016,1433.300048896912,1443.3566831725839,1.3214632868766785,0.4130220040678978,1456.8000486120836,1443.7384794042841,4.3677788227796555,0.7536648772656918,1500.5999748747554,1448.6362428014515
2025-06-17,2025,1431.199951171875,-0.07685687742196023,0.12350956676527858,1430.0999755797397,1432.9676200311123,2.4455003440380096,0.34552894067019224,1466.199950901655,1436.1451612020314,1.369487028568983,0.3306854050606489,1450.8000488560594,1435.9327205276354,6.7915089428424835,0.6052626296877861,1528.4000238456701,1439.8624696324282
2025-06-18,2025,1430.0999755859375,0.22376570850610733,0.1278052804991603,1433.300048928653,1431.9277188711535,1.867007464170456,0.39564091712236404,1456.8000488752268,1435.7580362451124,2.601221948862076,0.3775056451559067,1467.30005004155,1435.4986837251477,6.202368810772896,0.7289980072528124,1518.8000504345505,1440.525375909682
2025-06-19,2025,1433.300048828125,2.2953953593969345,0.14944891445338726,1466.1999516351598,1435.4421001919586,1.220958586782217,0.4135504364967346,1450.8000488486457,1439.2274674363616,4.325681924819946,0.3595300018787384,1495.3000499687187,1438.4531925206047,5.895485728979111,0.6569633260369301,1517.8000486602377,1442.7163045009952
2025-06-20,2025,1466.199951171875,-0.641106441617012,0.08004012051969767,1456.8000488379266,1467.3734993798528,0.07503053639084101,0.42818114161491394,1467.3000488598016,1472.47794286116,3.355618193745613,0.27273113373667,1515.4000234900877,1470.1987349215526,4.1672419756650925,0.49726529978215694,1527.3000509842905,1473.4908547544755
2025-06-23,2025,1456.800048828125,-0.41186162270605564,0.08759709890000522,1450.800048507439,1458.0761634076723,2.642778679728508,0.4534394945949316,1495.3000499248292,1463.40575560679,3.006584569811821,0.3576395334675908,1500.5999743092025,1462.0101417263095,5.814109742641449,0.3278658725321293,1541.5000023978464,1461.5763990192638
2025-06-24,2025,1450.800048828125,1.1373035609722137,0.11849920265376568,1467.3000494460339,1452.5192353180869,4.452713951468468,0.4390810616314411,1515.4000250102063,1457.170237084669,5.3487710654735565,0.35894811153411865,1528.40002205772,1456.0076682055296,5.982900783419609,0.17078714445233345,1537.599976315315,1453.2778288032316
2025-06-25,2025,1467.300048828125,1.908266730606556,0.1333795953541994,1495.3000474980859,1469.2571276958838,2.2694693878293037,0.4137353505939245,1500.5999742638837,1473.370787829409,3.5098478198051453,0.3435881109908223,1518.8000476019188,1472.341517348461,3.523474931716919,0.04786020144820213,1518.999998221654,1468.0023015873437
2025-06-26,2025,1495.300048828125,1.3442101888358593,0.12253117747604847,1515.4000244381402,1497.132257584754,2.2136008366942406,0.41277254931628704,1528.4000232200738,1501.4722369596007,1.5047146938741207,0.32867302652448416,1517.8000483803487,1500.2146967542305,1.464582420885563,-0.16815094277262688,1517.199950482755,1492.785687698741
2025-06-27,2025,1515.4000244140625,-0.9766430594027042,0.132506072986871,1500.5999752534358,1517.4080214764556,0.2243648050352931,0.4146325867623091,1518.800048724344,1521.6833667350872,0.7852728478610516,0.3165250411257148,1527.300049342266,1520.1966449645581,-1.332986168563366,-0.2458762377500534,1495.1999516902172,1511.6740158471698
2025-06-30,2025,1500.5999755859375,1.8525956198573112,0.1367246499285102,1528.4000250052225,1502.6516656493848,1.1462130583822727,0.3953834995627403,1517.8000484601848,1506.5331002838468,2.725578099489212,0.26523321866989136,1541.4999998814483,1504.5800652005437,-1.1262178421020508,-0.154829490929842,1483.6999509223097,1498.2766042828443
2025-07-01,2025,1528.4000244140625,-0.628106202930212,0.13549593277275562,1518.8000490551308,1530.4709442836413,-0.07196908700279891,0.3868955420330167,1527.3000488707412,1534.313335972952,0.6019334774464369,0.270041567273438,1537.5999758303103,1532.5273397941978,-2.8133995831012726,-0.06879158318042755,1485.4000244990775,1527.348613839938
2025-07-02,2025,1518.800048828125,-0.06584145012311637,0.1403413712978363,1517.800048851506,1520.9315536439226,1.4945977367460728,0.3930472768843174,1541.4999999836084,1524.7696510613616,0.013165075506549329,0.333718815818429,1519.0000000013467,1523.8685703657238,-2.1859409287571907,0.19363565370440483,1485.5999769348068,1521.7409872311362
2025-07-03,2025,1517.800048828125,0.6259059067815542,0.14295175205916166,1527.3000489868737,1519.9697705906797,1.3045147992670536,0.39839386008679867,1537.5999750883705,1523.8468710310508,-0.039537332486361265,0.26786914095282555,1517.1999511763418,1521.8657667803025,-2.7276335284113884,0.4052822943776846,1476.4000258020446,1523.9514236900814
2025-07-04,2025,1527.300048828125,0.929742120206356,0.15160455368459225,1541.5000006840123,1529.6155052505756,-0.5434458609670401,0.3512723371386528,1518.9999999282209,1532.6650314047633,-2.1017545834183693,0.2661098027601838,1495.199950049329,1531.3643439756177,-3.3588718622922897,0.5377736408263445,1475.9999972352607,1535.5134659070504
2025-07-07,2025,1541.5,-0.25300190318375826,0.14387357514351606,1537.5999756624224,1543.7178111608373,-1.5763897448778152,0.2947394736111164,1517.1999520827085,1546.0434089857154,-3.749597817659378,0.1948557561263442,1483.6999496407807,1544.5037014806876,-7.324036955833435,0.655337842181325,1428.5999703258276,1551.6020328372251
2025-07-08,2025,1537.5999755859375,-1.2096758931875229,0.13955191243439913,1518.9999993476172,1539.7457257574586,-2.7575459331274033,0.20324159413576126,1495.1999499913995,1540.7250182877494,-3.3948980271816254,0.16760905273258686,1485.4000243488254,1540.1771323398336,-8.116540312767029,0.7254584226757288,1412.800053718409,1548.7546241158857
2025-07-09,2025,1519.0,-0.11850222945213318,0.14681796310469508,1517.199951134622,1521.2301648595603,-2.3239005357027054,0.19605536945164204,1483.699950862676,1521.9780810619704,-2.1988166496157646,0.2613753778859973,1485.5999750923365,1522.9702919900883,-6.214616447687149,0.8255093358457088,1424.5999761596322,1531.5394868114963
2025-07-10,2025,1517.199951171875,-1.4500396326184273,0.16236630035564303,1495.1999505738154,1519.6633726015905,-2.095961570739746,0.19579795189201832,1485.4000232440303,1520.1705976023763,-2.6891594752669334,0.3226000117138028,1476.4000249261912,1522.0944383920773,-7.533609867095947,0.8141571655869484,1402.9000259468157,1529.5523432906225
2025-07-11,2025,1495.199951171875,-0.7691279053688049,0.17606699839234352,1483.6999511063514,1497.832504845867,-0.6420529447495937,0.16550460131838918,1485.5999758554815,1497.6745758899747,-1.2841058894991875,0.4623665474355221,1476.000000539088,1502.113255563366,-6.922151148319244,0.8422276936471462,1391.6999505821623,1507.7929392360431
2025-07-14,2025,1483.699951171875,0.11458336375653744,0.1761778024956584,1485.4000244839817,1486.3139011414787,-0.4920083098113537,0.13830845709890127,1476.4000241194424,1485.752033682318,-3.7136871367692947,0.5238198209553957,1428.5999769369528,1491.471865599619,-6.477048993110657,0.761274341493845,1387.5999784237138,1494.9949782049032
2025-07-15,2025,1485.4000244140625,0.013461099297273904,0.18407623283565044,1485.5999755863106,1488.1342928215438,-0.6328278221189976,0.13044564984738827,1475.999999789808,1487.3376641287427,-4.887570813298225,0.649708416312933,1412.800046360076,1495.0507933885951,-4.598091170191765,0.6931492127478123,1417.0999770494532,1495.6960629894443
2025-07-16,2025,1485.5999755859375,-0.6192751228809357,0.20126260351389647,1476.4000245116085,1488.5899327746035,-3.8368336856365204,0.11274395510554314,1428.5999752888483,1487.27489975546,-4.106085002422333,0.6677616387605667,1424.5999777924135,1495.5202423283367,-5.08212186396122,0.6276336964219809,1410.099974415682,1494.9241016267515
2025-07-17,2025,1476.4000244140625,-0.027094580582343042,0.23034706246107817,1476.00000001973,1479.800868500475,-4.30777408182621,0.11995243839919567,1412.8000468182777,1478.1710022438735,-4.978325590491295,0.7126809097826481,1402.9000241806375,1486.9220455400878,-5.838530883193016,0.5844694562256336,1390.1999530291782,1485.0291316084704
2025-07-18,2025,1476.0,-3.211383894085884,0.23068382870405912,1428.5999737232924,1479.404893311672,-3.4823864698410034,0.12258673086762428,1424.5999757051468,1477.8093801476061,-5.711385607719421,0.7221421226859093,1391.6999484300613,1486.658817730844,-5.575884133577347,0.5012432113289833,1393.6999501883984,1483.3983497992158
2025-07-21,2025,1428.5999755859375,-1.1059727519750595,0.2091596368700266,1412.8000491212347,1431.5880301071984,-1.798960566520691,0.19061592174693942,1402.9000253718223,1431.3231145974771,-2.8699425980448723,0.7451748475432396,1387.599976330938,1439.2455432760128,-1.196974329650402,0.40145483799278736,1411.500000604782,1434.335159303491
2025-07-22,2025,1412.800048828125,0.8352155797183514,0.15602485509589314,1424.599974946206,1415.0043680571039,-1.4934949576854706,0.19722129218280315,1391.699951336699,1415.5863913403832,0.3043549368157983,0.6642686203122139,1417.0999755240694,1422.1848362202459,-1.4934949576854706,0.09481208398938179,1391.699951336699,1414.139553997022
2025-07-23,2025,1424.5999755859375,-1.5232311561703682,0.1189934671856463,1402.900024907017,1426.295156490413,-2.597220242023468,0.16743943560868502,1387.5999766521581,1426.98531774474,-1.0178295895457268,0.595732219517231,1410.0999755017626,1433.0867766397375,-2.232200466096401,-0.08186371996998787,1392.800048290899,1423.4337450512312
2025-07-24,2025,1402.9000244140625,-0.7983515039086342,0.12133026029914618,1391.6999509708182,1404.6021666654208,1.0121854953467846,0.13281493447721004,1417.0999749753983,1404.7632851622689,-0.9052728302776814,0.5183988250792027,1390.1999516570831,1410.1726416576607,-0.9622924029827118,-0.08550984784960747,1389.4000240576834,1401.7004067377038
2025-07-25,2025,1391.699951171875,-0.2946019871160388,0.10614405618980527,1387.5999754610298,1393.1771579500403,1.32212582975626,0.09386204183101654,1410.0999756990236,1393.0062291622062,0.14370913850143552,0.4387679509818554,1393.699951182229,1397.8062845314473,-1.7173171043395996,-0.1758204773068428,1367.8000498693145,1389.2530576750455
2025-07-28,2025,1387.5999755859375,2.125972881913185,0.08329242700710893,1417.0999747763285,1388.755741282753,0.1873721252195537,0.08387856651097536,1390.1999511497388,1388.7638745543657,1.722400262951851,0.34453142434358597,1411.5000012141495,1392.380693546015,-0.10089538991451263,-0.2793313004076481,1386.1999511801164,1383.723974529677
2025-07-29,2025,1417.0999755859375,-0.4939665552228689,0.01979393418878317,1410.0999756524716,1417.3804754224943,-1.6512613743543625,0.06908371578902006,1393.6999510531018,1418.0789609055175,-1.7923947423696518,0.14323433861136436,1391.6999501294135,1419.1297493634297,-2.5897925719618797,-0.35050567239522934,1380.4000256809393,1412.1329597879974
2025-07-30,2025,1410.0999755859375,-1.4112492091953754,-0.01298211282119155,1390.1999508316167,1409.9169148162152,0.09928547078743577,0.02253411803394556,1411.4999999852714,1410.4177291788326,-1.2268581427633762,-0.0036467332392930984,1392.800049214357,1410.0485530014205,-1.950216293334961,-0.3656143322587013,1382.5999761097482,1404.9444479760189
2025-07-31,2025,1390.199951171875,0.2517623361200094,-0.006635114550590515,1393.6999510456844,1390.1077098126325,0.10789814405143261,-0.07500804495066404,1391.6999511177933,1389.157189367596,-0.057540409034118056,-0.19079665653407574,1389.4000244335787,1387.5474961459008,-1.1796793900430202,-0.2992980182170868,1373.8000488675123,1386.0391102687627
2025-08-01,2025,1393.699951171875,1.2771794572472572,-0.08085767040029168,1411.5000006439072,1392.5730378589874,-0.06456930423155427,-0.06453453097492456,1392.8000488103278,1392.8005334451884,-1.858355663716793,-0.3230288624763489,1367.8000491940543,1389.197898073271,-0.8610174991190434,-0.24846866726875305,1381.6999507070716,1390.237043477473
2025-08-04,2025,1411.5,-1.4027664437890053,-0.10861892951652408,1391.6999516459182,1409.9668438098743,-1.5657085925340652,-0.006853626109659672,1389.4000232163817,1411.4032610674622,-1.7924228683114052,-0.39781033992767334,1386.1999512137845,1405.884907051921,0.609279191121459,-0.16252147033810616,1420.0999757826794,1409.2060094461776
2025-08-05,2025,1391.699951171875,0.07904704543761909,-0.10972624877467752,1392.8000488646333,1390.172891021255,-1.7173171043395996,-0.04065257962793112,1367.8000498693145,1391.134189241043,-0.8119513280689716,-0.4658889025449753,1380.4000249355997,1385.2161755426414,1.5305058099329472,-0.14259777963161469,1412.9999997813945,1389.7154179423696
2025-08-06,2025,1392.800048828125,-0.2441143151372671,-0.1284966361708939,1389.4000245276966,1391.0103476167942,-0.473872572183609,-0.021420069970190525,1386.1999514113686,1392.5017100831212,-0.7323429919779301,-0.41817035526037216,1382.599975278267,1386.9757719158738,2.297530137002468,-0.12482460588216782,1424.8000496981363,1391.0614916564487
2025-08-07,2025,1389.4000244140625,-1.5546261332929134,-0.105376320425421,1367.8000485385433,1387.935925792345,-0.6477616261690855,-0.07095655892044306,1380.4000242219242,1388.4141539670984,-1.1227850802242756,-0.5696631036698818,1373.800048235309,1381.4851251125951,1.4250703155994415,-0.3811916336417198,1409.1999517269187,1384.10374776318
2025-08-08,2025,1367.800048828125,1.3452187180519104,-0.0932657509110868,1386.199951110484,1366.5243598416232,1.0820241644978523,-0.05101417191326618,1382.5999758784587,1367.1022769597862,1.01622324436903,-0.4380900412797928,1381.6999508608073,1361.8078530295888,3.2753270119428635,-0.3351837396621704,1412.5999732967603,1363.215405473362
2025-08-11,2025,1386.199951171875,-0.4184047691524029,-0.1289594336412847,1380.4000244661836,1384.412315565708,-0.894524808973074,-0.0003027031198143959,1373.80004870667,1386.1957551013759,2.4455364793539047,-0.38548437878489494,1420.0999766545692,1380.8563669013836,-0.09377627866342664,-0.29311785474419594,1384.9000244428319,1382.136751612535
2025-08-12,2025,1380.4000244140625,0.15937054995447397,-0.14483063714578748,1382.599975524543,1378.400782263543,0.09417029214091599,-0.011688703671097755,1381.6999511497665,1380.238673545733,2.3616325110197067,-0.3972703590989113,1413.000000172749,1374.9161042800713,0.3984352108091116,-0.3432987257838249,1385.9000241613458,1375.6611287195294
2025-08-13,2025,1382.5999755859375,-0.6364766974002123,-0.14846251579001546,1373.800048923072,1380.5473328788705,2.712281234562397,0.027928524650633335,1420.0999752728192,1382.9861153609386,3.0522258952260017,-0.32593002542853355,1424.8000500681599,1378.0936671339355,-1.8371202051639557,-0.22861817851662636,1357.1999520778563,1379.4391007055815
2025-08-14,2025,1373.800048828125,0.5750401876866817,-0.1604082644917071,1381.699951207346,1371.5963600122136,2.853395603597164,0.013482454232871532,1412.9999990236024,1373.9852707909595,2.5767870247364044,-0.3545433282852173,1409.1999502321505,1368.9293324110258,-1.4485386200249195,-0.24685421958565712,1353.9000245589284,1370.408765438923
2025-08-18,2025,1381.699951171875,2.779186889529228,-0.14169268542900681,1420.0999750674755,1379.7421834064883,3.1193528324365616,0.05288932006806135,1424.8000477345295,1382.4307228814305,2.2363772615790367,-0.2547792159020901,1412.5999747031315,1378.1796668701597,-1.1000906117260456,-0.026296451687812805,1366.4999997268098,1381.3366131117446
2025-08-19,2025,1420.0999755859375,-0.4999630618840456,-0.15067964559420943,1413.0000002661834,1417.960173975641,-0.7675533182919025,0.12518453877419233,1409.199951100265,1421.8777211905071,-2.478695288300514,-0.19997372291982174,1384.9000244019321,1417.2601487955749,-3.3448349684476852,0.016952119767665863,1372.599975015622,1420.3407126346194
2025-08-20,2025,1413.0,0.8351060561835766,-0.15772107290104032,1424.800048573874,1410.7714012399083,-0.028310291236266494,0.07982426322996616,1412.5999755848316,1414.1279168394394,-1.9179034978151321,-0.2820306457579136,1385.9000235758722,1409.0149069754407,-3.8004212081432343,-0.13089925050735474,1359.300048328936,1411.150393590331
2025-08-21,2025,1424.800048828125,-1.0948973707854748,-0.14271637191995978,1409.1999505545557,1422.7666258913237,-2.800394594669342,0.08315823506563902,1384.900025275896,1425.984887401945,-4.744532331824303,-0.24673361331224442,1357.1999498476262,1421.2845881851767,-3.4952305257320404,-0.013319309800863266,1375.0000025908394,1424.6102752955787
2025-08-22,2025,1409.199951171875,0.2412733854725957,-0.1482918974943459,1412.5999756021456,1407.110221824793,-1.6534151509404182,0.06726579740643501,1385.9000256721542,1410.1478607560819,-3.924207389354706,-0.2682420425117016,1353.9000225572054,1405.4198844397777,-2.1785376593470573,-0.11215982958674431,1378.4999995400954,1407.6193949081041
2025-08-25,2025,1412.5999755859375,-1.9609196111559868,-0.13830860843881965,1384.9000256374882,1410.6462282168975,-3.92184816300869,0.07245216984301805,1357.1999493927592,1413.6234349194515,-3.263483941555023,-0.22003138437867165,1366.5000022242803,1409.4918123039229,-2.5768104940652847,0.034271739423274994,1376.1999511758754,1413.0840981686636
2025-08-26,2025,1384.9000244140625,0.07220737752504647,-0.10630764300003648,1385.9000244030356,1383.4277698402009,-2.2384287789463997,0.06772060878574848,1353.9000237079424,1385.8378871416696,-0.8881542831659317,-0.119367940351367,1372.599975529663,1383.2468977789938,-0.5704400595277548,0.2843067981302738,1376.999999890395,1388.8373893307794
2025-08-28,2025,1385.9000244140625,-2.0708616822957993,-0.1288808067329228,1357.1999518535436,1384.113865282086,-1.3998141512274742,0.0886192312464118,1366.4999997504494,1387.128198361542,-1.9193286076188087,-0.10056477040052414,1359.3000487724873,1384.5062972365297,-0.18760196398943663,0.27971724048256874,1383.3000487493316,1389.7766257182006
2025-08-29,2025,1357.199951171875,-0.24314227048307657,-0.11457983637228608,1353.9000243956004,1355.6448736885775,1.134690921753645,0.18684286624193192,1372.5999758078672,1359.7357824612786,1.3115273788571358,0.10967259295284748,1375.0000001173298,1358.68842754988,2.7851495891809464,0.3942133393138647,1395.0000000363025,1362.5502144205557
2025-09-01,2025,1353.9000244140625,0.9306429885327816,-0.11856526834890246,1366.5000000630157,1352.29476921694,0.398849556222558,0.24014334194362164,1359.300048653135,1357.151325179266,1.8169714137911797,0.13541835360229015,1378.5000008289778,1355.733453536545,3.3532775938510895,0.4070527385920286,1399.3000505758837,1359.4111115412381
2025-09-02,2025,1366.5,0.44639413245022297,-0.10430942056700587,1372.5999758199323,1365.0746117679519,0.622027087956667,0.2679432276636362,1375.0000001569279,1370.1614442060236,0.7098390720784664,0.1780105521902442,1376.1999509199522,1368.9325141956797,2.8393741697072983,0.5309185013175011,1405.3000480290502,1373.7550013205037
2025-09-03,2025,1372.5999755859375,-0.9689587168395519,-0.10095190955325961,1359.30004847516,1371.214309700056,0.42984294705092907,0.2770940773189068,1378.4999997722164,1376.4033688235668,0.3205613000318408,0.1803155057132244,1376.9999999119125,1375.0749861733348,3.0016081407666206,0.5601535551249981,1413.8000481932856,1380.2886431468269
2025-09-04,2025,1359.300048828125,1.1550026014447212,-0.08582932641729712,1374.9999997535292,1358.1333707522258,1.2432797811925411,0.23912719916552305,1376.1999515009454,1362.5505049631433,1.7656145617365837,0.19944028463214636,1383.3000484279269,1362.0110407145128,4.097693786025047,0.6076134741306305,1415.0000024623905,1367.559339078669
2025-09-05,2025,1375.0,0.2545454539358616,-0.08663473417982459,1378.499999991618,1373.8087724050274,0.14545454178005457,0.26502786204218864,1376.9999999494758,1378.64413310308,1.4545454643666744,0.20128954201936722,1395.0000001350418,1377.7677312027663,2.3563653230667114,0.5967607256025076,1407.4000231921673,1383.2054599770345
2025-09-08,2025,1378.5,-0.16685156151652336,-0.09037783602252603,1376.1999512244947,1377.2541415304295,0.3482081228867173,0.24820221588015556,1383.3000489739934,1381.921467545908,1.5088899992406368,0.1535428687930107,1399.3000486395322,1380.6165884463117,0.8777638897299767,0.5525907035917044,1390.5999752199277,1386.1174628490116
2025-09-09,2025,1376.199951171875,0.05813463358208537,-0.08311596466228366,1376.9999999708457,1375.0561093067765,1.3660840690135956,0.20330871921032667,1394.9999994626069,1378.9978856663756,2.1145254373550415,0.07938072085380554,1405.300049208272,1377.292388613505,0.988235604017973,0.5524469539523125,1389.8000490718334,1383.8027258824172
2025-09-10,2025,1377.0,0.4575198981910944,-0.05941838026046753,1383.3000489980914,1376.1818089038134,1.619466207921505,0.21095878910273314,1399.3000496830791,1379.9049025259446,2.6724798604846,0.08611967787146568,1413.800047678873,1378.18586796429,0.4357298370450735,0.6407368928194046,1382.9999998561107,1385.8229470141232
2025-09-11,2025,1383.300048828125,0.8457999676465988,-0.05478451494127512,1395.0000001935687,1382.5422146061921,1.590399630367756,0.1697193132713437,1405.3000476915645,1385.6477761714782,2.291617915034294,-0.02075941301882267,1415.0000005657485,1383.0128838576993,-0.7879725657403469,0.6102942861616611,1372.4000239414866,1391.7422499865945
2025-09-12,2025,1395.0,0.3082472365349531,-0.05039090756326914,1399.3000489496626,1394.2970468394924,1.3476737774908543,0.208406918682158,1413.8000491959974,1397.907276515616,0.8888906799256802,-0.010979687795042992,1407.4000249849632,1394.8468333552592,-1.2473136186599731,0.6832259241491556,1377.5999750196934,1404.5310016418807
2025-09-15,2025,1399.300048828125,0.42878580279648304,-0.05979804554954171,1405.3000487760241,1398.463294747552,1.1219860054552555,0.20910229068249464,1414.9999995503051,1402.226017283746,-0.6217446643859148,-0.038105761632323265,1390.5999754357867,1398.7668348869975,-1.8938040360808372,0.6563129834830761,1372.8000480265368,1408.483836726469
2025-09-16,2025,1405.300048828125,0.6048530340194702,-0.08466864237561822,1413.800048810539,1404.1102003554784,0.1494325464591384,0.1140679232776165,1407.4000244764804,1406.9030454096426,-1.102967280894518,-0.18815710209310055,1389.800049091156,1402.655876980537,-2.9388776049017906,0.5411149468272924,1364.0000004114413,1412.9043374401053
2025-09-17,2025,1413.800048828125,0.08487417944706976,-0.06674265023320913,1415.00000001859,1412.8564412065386,-1.6409726813435555,0.1457870239391923,1390.5999762580336,1415.8611858437623,-2.178529277443886,-0.12496034614741802,1383.0000008398883,1412.033359393277,-3.1899914145469666,0.6609964650124311,1368.699948651647,1423.145217173223
2025-09-18,2025,1415.0,-0.5371007602661848,-0.11351354187354445,1407.4000242422335,1413.3937833824893,-1.7809152603149414,0.08477966766804457,1389.8000490665436,1416.1996322975028,-3.0105989426374435,-0.20247907377779484,1372.4000249616802,1412.1349211060442,-3.6466412246227264,0.5096631590276957,1363.4000266715884,1422.211733700242
2025-09-19,2025,1407.4000244140625,-1.193693932145834,-0.10271781357005239,1390.5999757216127,1405.9543738808,-1.7336949706077576,0.14189945068210363,1383.0000009744635,1409.3971173176058,-2.1173829212784767,-0.11908430606126785,1377.59997666305,1405.724031861483,-2.3021191358566284,0.6783555261790752,1374.9999991339755,1416.947200255121
2025-09-22,2025,1390.5999755859375,-0.05752386059612036,-0.1192091847769916,1389.8000487945317,1388.9422526915325,-1.3087840750813484,0.15302201500162482,1372.4000245573836,1392.7278996891912,-1.2800177559256554,-0.07756180129945278,1372.8000489845397,1389.5214011960034,-0.417080894112587,0.6047223694622517,1384.8000487742343,1399.0092447080424
2025-09-23,2025,1389.800048828125,-0.4892825148999691,-0.07403442868962884,1383.0000001971378,1388.771118302047,-0.8778293617069721,0.18649257253855467,1377.5999759304939,1392.3919226923267,-1.8563857302069664,-0.029995432123541832,1363.9999990432702,1389.3831722978257,-1.6117444261908531,0.7115019019693136,1367.40002400594,1399.6885026091077
2025-09-24,2025,1383.0,-0.7664479780942202,-0.08425334235653281,1372.400024462957,1381.8347762752092,-0.7375235669314861,0.22603296674787998,1372.8000490693375,1386.1260359301232,-1.0339876636862755,0.05303672514855862,1368.6999506112188,1383.7334979088046,-0.37599068600684404,0.7156505715101957,1377.8000488125253,1392.897447403986
2025-09-25,2025,1372.4000244140625,0.37889471277594566,-0.005945900920778513,1377.5999755447033,1372.318422868374,-0.61206822283566,0.2368427813053131,1363.9999999744352,1375.6504548025196,-0.6557854823768139,0.08125635795295238,1363.4000242938191,1373.5151866904469,0.677639665082097,0.7102950941771269,1381.6999513430885,1382.1481144599613
2025-09-26,2025,1377.5999755859375,-0.3484267508611083,0.024918944109231234,1372.80004875114,1377.9432589539026,-0.6460528820753098,0.26578218676149845,1368.6999512401958,1381.2613909258757,-0.1887322636321187,0.11832285672426224,1374.9999999682186,1379.2299912312835,-0.1887322636321187,0.7094993721693754,1374.9999999682186,1387.3740387637251
2025-09-29,2025,1372.800048828125,-0.6410291884094477,0.036074500530958176,1363.9999998166377,1373.2952795890285,-0.6847336888313293,0.24763266555964947,1363.400024413506,1376.1995501818424,0.8741258643567562,0.09027221240103245,1384.8000491208338,1374.0393058040445,0.2258140593767166,0.5354946479201317,1375.9000243455093,1380.1513196162446
2025-09-30,2025,1364.0,0.34457119181752205,0.0819604960270226,1368.699951056391,1365.1179411658086,0.8064515888690948,0.24295691400766373,1374.9999996721745,1367.3139323070645,0.24926865007728338,0.1294479239732027,1367.4000243870541,1365.7656696829945,0.7551355287432671,0.584243843331933,1374.3000486120582,1371.9690860230476
2025-10-01,2025,1368.699951171875,-0.38722341414541006,0.09071774547919631,1363.4000244915408,1369.941604909953,1.1763058602809906,0.25506592355668545,1384.8000489071728,1372.1910383430513,0.6648716516792774,0.11973627842962742,1377.800049143765,1370.3387815562764,2.1626433357596397,0.4047864116728306,1398.300049452439,1374.2402625907914
2025-10-03,2025,1363.4000244140625,0.8508123457431793,0.07395569118671119,1375.0000001436429,1364.4083363257578,0.2933841897174716,0.24932038504630327,1367.4000245282975,1366.799258604653,1.342227216809988,0.0748117920011282,1381.6999506157422,1364.4200084044705,3.9166804403066635,0.13581113889813423,1416.8000464934244,1365.2516735149566
2025-10-06,2025,1375.0,0.7127308286726475,0.08409240981563926,1384.800048894249,1376.156270634965,0.2036399208009243,0.25946132373064756,1377.8000489110127,1378.5675932012964,0.0,-0.03431104123592377,1375.0,1374.528223183006,6.676366925239563,-0.19466308876872063,1466.800045222044,1372.32338252943
2025-10-07,2025,1384.800048828125,-1.2565008364617825,0.08947724127210677,1367.4000246312764,1386.0391297089511,-0.2238660817965865,0.268392963334918,1381.6999512180962,1388.5167547154383,-0.6426938343793154,-0.08817496709525585,1375.900024295825,1383.5790018407356,5.805885419249535,-0.44155362993478775,1465.1999529487975,1378.6854139451857
2025-10-08,2025,1367.4000244140625,0.7605692837387323,0.09936769492924213,1377.8000489855917,1368.7587782987846,0.5557975266128778,0.22839978337287903,1374.9999999286597,1370.523163107665,0.5046090576797724,-0.11406391859054565,1374.3000487919712,1365.8403143634077,5.923650786280632,-0.6090961396694183,1448.4000267118677,1359.0712436515178
2025-10-09,2025,1377.800048828125,0.2830528421327472,0.08611613884568214,1381.6999510252394,1378.9865570311897,-0.13790277298539877,0.22505978122353554,1375.9000243545968,1380.9009226037153,1.4878791756927967,-0.18616016022861004,1398.3000488373239,1375.2351340495966,5.356359854340553,-0.81004798412323,1451.5999775166392,1366.639207307344
2025-10-10,2025,1381.699951171875,-0.48490636982023716,0.07201134576462209,1375.0000000968394,1382.694931901143,-0.5355650559067726,0.23607327602803707,1374.3000490559175,1384.9617755114841,2.540355920791626,-0.16238954849541187,1416.8000476890447,1379.4562148596056,7.411162555217743,-0.8566785603761673,1484.0999805785868,1369.8632239214576
2025-10-13,2025,1375.0,0.06545631913468242,0.05546182510443032,1375.9000243881019,1375.762600095186,1.694549061357975,0.24165960494428873,1398.3000495936722,1378.322819567984,6.676366925239563,-0.13202913105487823,1466.800045222044,1373.1845994479954,8.138183504343033,-0.9347446262836456,1486.9000231847167,1362.1472613885999
2025-10-14,2025,1375.9000244140625,-0.11628573993220925,0.036379200173541903,1374.3000488899452,1376.4005658381318,2.972601540386677,0.2202286384999752,1416.8000497339756,1378.9301503049505,6.490291655063629,-0.1090086530894041,1465.1999488806268,1374.400174329592,9.324800223112106,-0.9117128327488899,1504.1999529604245,1363.3557673256844
2025-10-15,2025,1374.300048828125,1.7463434487581253,0.015775056090205908,1398.3000476971147,1374.5168454316754,6.730698794126511,0.22389939986169338,1466.8000456422797,1377.3770983897502,5.391833931207657,-0.0335207674652338,1448.4000251774432,1373.8393729044828,8.309680968523026,-0.8536532521247864,1488.4999984359984,1362.5682917673512
2025-10-16,2025,1398.300048828125,1.323035079985857,0.007561547681689262,1416.8000489975805,1398.4057819530503,4.784373939037323,0.23058634251356125,1465.199951953804,1401.5243377680831,3.81176620721817,-0.049087777733802795,1451.5999775648706,1397.6136544081046,6.300505995750427,-0.7756941020488739,1486.4000272431222,1387.4535178204187
2025-10-17,2025,1416.800048828125,3.529079630970955,0.015847914619371295,1466.800050762905,1417.0245820901905,2.2303765639662743,0.2497609006240964,1448.4000250754502,1420.3386613901207,4.750135913491249,0.046754442155361176,1484.0999767698713,1417.4624657874115,4.792483150959015,-0.5801351740956306,1484.699952450992,1408.580693398269
2025-10-20,2025,1466.800048828125,-0.10908765252679586,0.01673582592047751,1465.1999510875964,1467.0455299308983,-1.0362744331359863,0.3060310846194625,1451.599974936893,1471.2889129267526,1.3703282922506332,0.21765446290373802,1486.900024887963,1469.9926045962736,0.42950138449668884,-0.34165820106863976,1473.09997534564,1461.788606168025
2025-10-21,2025,1465.199951171875,-1.1465962044894695,0.02641732571646571,1448.4000241435567,1465.5870178153737,1.2899279594421387,0.35544594284147024,1484.0999750037736,1470.4079449528306,2.661752700805664,0.22333271335810423,1504.1999504443957,1468.4722219789487,2.108928933739662,-0.25981301441788673,1496.099976879278,1461.393171011486
2025-10-23,2025,1448.4000244140625,0.22093006409704685,0.08837042842060328,1451.599975516382,1449.6799817208814,2.658105455338955,0.13022525236010551,1486.9000244781435,1450.2862070010397,2.7685705572366714,0.31438148580491543,1488.500001040999,1452.9535259312142,2.0436326041817665,-0.11894842609763145,1477.999999551965,1446.6771753814241
2025-10-24,2025,1451.5999755859375,2.2389087826013565,0.08595401886850595,1484.0999749275702,1452.8476841028478,3.6235861480236053,0.25177213829010725,1504.1999512259836,1455.2546998838889,2.3973580449819565,0.5514700897037983,1486.400024381603,1459.6051152734417,2.5971392169594765,0.45073525980114937,1489.300047825254,1458.1428485071683
2025-10-27,2025,1484.0999755859375,0.18866983009502292,0.10869224788621068,1486.9000244883157,1485.7130772102805,0.29647762421518564,0.42787003330886364,1488.4999999345328,1490.4499946458138,0.04042689688503742,0.71825897321105,1484.6999511527385,1494.7596568320064,0.6266457028687,0.6470983847975731,1493.4000243092223,1493.7035625567353
2025-10-28,2025,1486.9000244140625,1.1634895578026772,0.11964419391006231,1504.1999509330856,1488.6790139625211,-0.033627008087933064,0.4873223602771759,1486.4000244225933,1494.146020707999,-0.9281087666749954,0.8184968493878841,1473.099974935783,1499.0702542674394,1.6544472426176071,0.8383085951209068,1511.5000008684615,1499.3648351195804
2025-10-29,2025,1504.199951171875,-1.043740939348936,0.10629664175212383,1488.5000004718274,1505.7988652052077,-1.2963701970875263,0.5039009731262922,1484.6999513002777,1511.7796293635952,-0.5384906195104122,0.7780210115015507,1496.0999755361343,1515.9029428469883,0.4454243928194046,0.7913822308182716,1510.900024671172,1516.1039223014263
2025-10-30,2025,1488.5,-0.14107997994869947,0.15786917647346854,1486.4000244984636,1490.8498826918076,-1.0346001945436,0.5332369357347488,1473.0999761042185,1496.4372317884117,-0.7054081186652184,0.8418457582592964,1478.0000001536682,1501.0308741116896,2.042326144874096,0.9661201387643814,1518.900024666451,1502.8806982655078
2025-10-31,2025,1486.4000244140625,-0.11437521316111088,0.19001038745045662,1484.6999512177122,1489.2243388595152,0.6525801494717598,0.5912461783736944,1496.099975915132,1495.1883077537564,0.19510389538481832,0.9130802005529404,1489.3000487626953,1499.9720487380014,2.146126516163349,1.0717922821640968,1518.3000494742712,1502.3311451578177
2025-11-03,2025,1484.699951171875,-0.7813010364770889,0.1888117054477334,1473.0999750647943,1487.5032384704643,-0.45126634649932384,0.5566874518990517,1477.9999999457445,1492.9650894984002,0.5859819240868092,0.8710977621376514,1493.4000245126679,1497.633139220992,2.3371774703264236,1.097921933978796,1519.4000239326115,1501.0007975895635
2025-11-04,2025,1473.0999755859375,1.5613332390785217,0.19522015936672688,1496.0999751496183,1475.9757637059076,1.0997266508638859,0.552828423678875,1489.3000486113256,1481.2436909601831,2.6067493483424187,0.905946921557188,1511.4999995999563,1486.4454794662179,3.1090930104255676,1.1893010698258877,1518.9000239634606,1490.6195693551858
2025-11-06,2025,1496.0999755859375,-1.2098105624318123,0.16796471318230033,1478.000000056759,1498.6128956188509,-0.18046596087515354,0.5667236633598804,1493.4000243893433,1504.5787281751045,0.9892419911921024,0.8680710569024086,1510.9000247746485,1509.087186456323,3.542543947696686,1.1597308330237865,1549.0999747225487,1513.4507082956688
2025-11-07,2025,1478.0,0.7645499892532825,0.18210462294518948,1489.3000488411635,1480.69150632713,2.266576513648033,0.5499896593391895,1511.500000871718,1486.1288471650332,2.7672547847032547,0.8479555137455463,1518.900025717914,1490.5327824931592,4.641405493021011,1.232659537345171,1546.5999731868505,1496.2187079619616
2025-11-10,2025,1489.300048828125,0.27529546059668064,0.17776951426640153,1493.4000242572129,1491.947570290896,1.450344081968069,0.5886003375053406,1510.9000239490513,1498.0660739419945,1.9472233951091766,0.8568159304559231,1518.3000478022786,1502.0606088987722,3.1289849430322647,1.255826186388731,1535.9000231125292,1508.0030688352088
2025-11-11,2025,1493.4000244140625,1.2119977734982967,0.1879721414297819,1511.499999459384,1496.2072004200666,1.7075130715966225,0.5997785367071629,1518.9000250421598,1502.3571172276775,1.740993745625019,0.8233391679823399,1519.4000254362738,1505.6957717497212,3.100303001701832,1.2040626257658005,1539.6999501983876,1511.3814959612096
2025-11-12,2025,1511.5,-0.039694050792604685,0.20365063101053238,1510.9000244222698,1514.5781792877242,0.44988743029534817,0.6150819361209869,1518.3000485089142,1520.7969634644687,0.4895815160125494,0.7835657335817814,1518.9000246145297,1523.3435960630886,3.8637131452560425,1.163384597748518,1569.900024190545,1529.0845581949688
2025-11-13,2025,1510.9000244140625,0.5294857081025839,0.20575886592268944,1518.9000241070535,1514.0088351695226,0.5625785794109106,0.595938041806221,1519.4000243077303,1519.9040524332054,2.528291195631027,0.78221270814538,1549.0999767061103,1522.7184764124008,3.4747499972581863,1.176455244421959,1563.400022970964,1528.6750869892544
2025-11-14,2025,1518.9000244140625,-0.039500664570368826,0.18201179336756468,1518.3000488102593,1521.664601587959,0.0,0.5800615064799786,1518.9000244140625,1527.7105787776036,1.8236849457025528,0.7255200762301683,1546.5999754995742,1529.9199490290514,3.1996823847293854,1.1569601483643055,1567.5000009368896,1536.4730923900288
2025-11-17,2025,1518.300048828125,0.07244783919304609,0.20061421673744917,1519.400024405968,1521.345974578806,2.0285796374082565,0.6444443948566914,1549.099974453412,1528.0846483899043,1.15918954834342,0.7915308699011803,1535.9000243066337,1530.3178624123243,3.1482528895139694,1.1905094608664513,1566.0999739868485,1536.3755545537638
2025-11-18,2025,1519.4000244140625,-0.03290772729087621,0.21829551551491022,1518.9000243975709,1522.716806530091,1.7901770770549774,0.6480328738689423,1546.5999753598908,1529.2462360578384,1.336048822849989,0.7983075454831123,1539.6999505546291,1531.5295094550322,1.7704373225569725,1.1642535217106342,1546.3000495252288,1537.0896927071753
2025-11-19,2025,1518.9000244140625,1.9882777705788612,0.20863204263150692,1549.0999759568042,1522.068936560528,1.119230967015028,0.7080500014126301,1535.9000238453036,1529.6545960583826,3.3576931804418564,0.8767100982367992,1569.9000269515432,1532.216374310222,1.3101602904498577,1.1364265345036983,1538.8000493855689,1536.1612073240872
2025-11-20,2025,1549.0999755859375,-0.1613840344361961,0.20580978598445654,1546.5999755478867,1552.2881749303763,-0.6068055517971516,0.7016262970864773,1539.6999509311936,1559.9688683828085,0.9231198579072952,0.8416902273893356,1563.4000250794084,1562.138598692935,-0.8714737370610237,0.999011192470789,1535.5999761378873,1564.5756577246034
2025-11-21,2025,1546.5999755859375,-0.6918370258063078,0.18786287400871515,1535.9000243137227,1549.5054627494912,1.5065336599946022,0.7644795812666416,1569.900024803608,1558.423416603167,1.3513529673218727,0.9417751803994179,1567.5000002486174,1561.1654702960693,-0.3879477735608816,1.03942034766078,1540.5999754147588,1562.6756504290943
2025-11-24,2025,1535.9000244140625,0.2474071690812707,0.1777110737748444,1539.699951184384,1538.6294888395569,1.790481060743332,0.7158379070460796,1563.4000234631485,1546.8945790031485,1.9662706181406975,0.7956689223647118,1566.099975318132,1548.1207035869172,0.4622680600732565,0.9728647768497467,1542.9999996615861,1550.8422547592136
2025-11-25,2025,1539.699951171875,1.9614258781075478,0.16355786938220263,1569.9000244593694,1542.2182516068906,1.8055496737360954,0.7322304882109165,1567.4999986167736,1550.974103641324,0.42866128496825695,0.8167284540832043,1546.3000487672239,1552.275118780601,-0.668956758454442,1.073603518307209,1529.4000242885909,1556.2302240190306
2025-11-26,2025,1569.9000244140625,-0.41403910145163536,0.13692942447960377,1563.4000244592894,1572.0496794823978,-0.24205674417316914,0.7289523258805275,1566.099975528192,1581.3438471560278,-1.9810162484645844,0.7990004494786263,1538.8000498457704,1582.443532665496,-2.1020445972681046,1.1460590176284313,1536.900025768356,1587.892005211611
2025-11-27,2025,1563.4000244140625,0.26224737521260977,0.15763674164190888,1567.4999999421616,1565.8645172713777,-1.093768421560526,0.6909798830747604,1546.300048644352,1574.2028040747496,-1.7781788483262062,0.7985668256878853,1535.599975865205,1575.8848183618295,-1.176923606544733,1.1902272701263428,1545.0000004620074,1582.0080378458006
2025-11-28,2025,1567.5,-0.08931574993766844,0.16822461038827896,1566.099975619727,1570.1369207678363,-1.8309378996491432,0.678326329216361,1538.8000484229997,1578.1327652104665,-1.716109924018383,0.7988607510924339,1540.5999769410118,1580.022142273374,-0.7017544005066156,1.1924798600375652,1556.4999997720588,1586.1921218060888
2025-12-01,2025,1566.0999755859375,-1.2642824091017246,0.19225988071411848,1546.300049085658,1569.1109575308628,-1.947513036429882,0.6658494472503662,1535.5999743978762,1576.5278436167646,-1.4750001020729542,0.7716645486652851,1542.9999993474803,1578.18501389419,-0.6321451161056757,1.160425040870905,1556.1999510769388,1584.27339186771
2025-12-02,2025,1546.300048828125,-0.48502874560654163,0.1630650251172483,1538.8000490979807,1548.8215233911346,-0.36862660199403763,0.6348317954689264,1540.5999755014977,1556.1164531914374,-1.0929330252110958,0.6799050606787205,1529.4000249256271,1556.813421113385,-0.2586820162832737,1.1092953383922577,1542.3000486840272,1563.4530831873326
2025-12-03,2025,1538.800048828125,-0.20795899908989668,0.19550169818103313,1535.5999756485871,1541.8084290551947,0.2729367697611451,0.6485399790108204,1542.9999999744794,1548.7797823418134,-0.12347442097961903,0.6963726133108139,1536.9000243778005,1549.5158309417775,0.3639183472841978,1.146960910409689,1544.4000245338289,1556.4494838775488
2025-12-04,2025,1535.5999755859375,0.3256056224927306,0.1976496074348688,1540.5999754454424,1538.635082909453,-0.4037478007376194,0.6340832449495792,1529.4000244563817,1545.3369577405779,0.612140167504549,0.6830901838839054,1544.9999998486892,1546.0895082828888,0.5730690900236368,1.1137133464217186,1544.400024392431,1552.7021574616867
2025-12-05,2025,1540.5999755859375,0.15578505117446184,0.18916234839707613,1543.0000000462978,1543.5142106791607,-0.24016299284994602,0.6460082717239857,1536.9000245767247,1550.5523788624005,1.032066997140646,0.6810273509472609,1556.4999994919167,1551.0918827883645,1.5902895480394363,1.0843733325600624,1565.0999759747788,1557.3058308826182
2025-12-08,2025,1543.0,-0.8813982829451561,0.20537539385259151,1529.4000244941562,1546.1689423271455,0.12961762258782983,0.6733747199177742,1544.9999999165302,1553.3901719283313,0.8554731495678425,0.6911429110914469,1556.1999506978318,1553.664335118141,2.0998071879148483,1.1173794977366924,1575.400024909526,1560.2411656500772
2025-12-09,2025,1529.4000244140625,0.4903883673250675,0.22383811883628368,1536.9000242236557,1532.8234046581927,1.7719350755214691,0.6777256727218628,1556.4999998916892,1539.765161018131,0.843469612300396,0.7100186310708523,1542.30004887051,1540.2590495310046,2.7004005387425423,1.1108466424047947,1570.6999509128684,1546.389313234204
2025-12-10,2025,1536.9000244140625,0.5270333494991064,0.2388763939961791,1545.0000000911846,1540.5713157717091,1.2557698413729668,0.7130832877010107,1556.199951412708,1547.859401636832,0.4879952874034643,0.7729608565568924,1544.4000241053059,1548.7796600071965,1.3859018683433533,1.1312194168567657,1558.1999505669864,1554.2857359079107
2025-12-11,2025,1545.0,0.7443365640938282,0.2572976518422365,1556.4999999152496,1548.9752487209626,-0.17475412460044026,0.7354997098445892,1542.3000487749232,1556.363470517099,-0.038833371945656836,0.8420600555837154,1544.4000244034396,1558.0098278587684,0.9190906770527363,1.1498494073748589,1559.1999509604648,1562.7651733439416
2025-12-12,2025,1556.5,-0.01927714911289513,0.2572971396148205,1556.1999511740578,1560.5048299781047,-0.7773835677653551,0.7272444665431976,1544.4000247677322,1567.8195601217449,0.5525201093405485,0.8165781386196613,1565.0999755018856,1569.210038727615,-0.7002906873822212,1.035056822001934,1545.5999754508957,1572.61065943446
2025-12-15,2025,1556.199951171875,-0.8931951597332954,0.2832210622727871,1542.300048532236,1560.6074372046726,-0.7582526188343763,0.7079445291310549,1544.400024287815,1567.2169835885366,1.2337793596088886,0.8231755346059799,1575.4000249636772,1569.010208439472,-1.0538429021835327,1.0571441613137722,1539.8000484426666,1572.6512280940563
2025-12-16,2025,1542.300048828125,0.13615869684144855,0.3049729857593775,1544.4000244759943,1547.0036473364044,1.478306856006384,0.6545057520270348,1565.099976190141,1552.3944913612208,1.841399259865284,0.765808392316103,1570.699950512148,1554.1111120367461,1.821952499449253,0.9785261005163193,1570.400023116756,1557.3918573541841
2025-12-17,2025,1544.4000244140625,0.0,0.2797460649162531,1544.4000244140625,1548.7204227089264,2.0072519779205322,0.6303437519818544,1575.400024451119,1554.1350534735627,0.893546175211668,0.698583573102951,1558.1999517621825,1555.188949287617,2.0201988518238068,0.807378813624382,1575.599975974842,1556.8691830087914
2025-12-18,2025,1544.4000244140625,1.3403231278061867,0.26503100525587797,1565.0999751271286,1548.4931633239391,1.702922023832798,0.6323597859591246,1570.6999525658887,1554.1661891028,0.9582961909472942,0.7037376519292593,1559.1999510210117,1555.268548882269,3.1015295535326004,0.825851783156395,1592.3000475960293,1557.1544795547538
2025-12-19,2025,1565.0999755859375,0.6581080611795187,0.23761759512126446,1575.4000246907872,1568.8189285091682,-0.4408679436892271,0.5923784803599119,1558.1999515068912,1574.3712910374268,-1.2459267862141132,0.6090603768825531,1545.5999757590816,1574.63237939583,0.8306178264319897,0.6529449485242367,1578.099974984637,1575.3192168158798
2025-12-22,2025,1575.4000244140625,-0.29834157321602106,0.23433847818523645,1570.69995119678,1579.0917928566043,-1.0283148847520351,0.6032628938555717,1559.1999514686254,1584.9038281911442,-2.25974190980196,0.6411341018974781,1539.8000498153476,1585.5004512118821,-4.303671792149544,0.7079016417264938,1507.5999779498375,1586.5523070506492
2025-12-23,2025,1570.699951171875,-0.7958235219120979,0.1874849433079362,1558.1999515017874,1573.6447770848674,-1.5980120748281479,0.5717640742659569,1545.5999762928286,1579.6806492071887,-0.019095101743005216,0.5493935197591782,1570.4000244181213,1579.3292749184739,-4.23378124833107,0.5635322071611881,1504.1999511716149,1579.5513512745936
2025-12-24,2025,1558.199951171875,0.06417661788873374,0.19147072453051805,1559.199951200481,1561.183447908018,-1.1808434501290321,0.5509753245860338,1539.8000491085481,1566.7852484105438,1.1166746728122234,0.5612572189420462,1575.5999753783838,1566.9454608833785,-5.62186986207962,0.6069052033126354,1470.599977726004,1567.656747753552
2025-12-26,2025,1559.199951171875,-0.8722406812012196,0.1642135437577963,1545.5999748964844,1561.760368665964,0.7183217909187078,0.5691144149750471,1570.4000241851363,1568.073582852278,2.122889831662178,0.5583276972174644,1592.3000483905844,1567.9053963542688,-5.380958318710327,0.5928637459874153,1475.3000516939646,1568.4438824098265
2025-12-29,2025,1545.5999755859375,-0.37525405641645193,0.17639037687331438,1539.8000489815795,1548.3262652078274,1.9409937784075737,0.4740350879728794,1575.5999749511295,1552.9266617899152,2.102743275463581,0.4172920249402523,1578.0999751381376,1552.049641021536,-4.037268832325935,0.6354889366775751,1483.1999494991692,1555.4220924360775
2025-12-30,2025,1539.800048828125,1.9872693344950676,0.15607186360284686,1570.4000230110264,1542.2032434600885,3.4095335751771927,0.4634109325706959,1592.3000484835147,1546.9356505941234,-2.091185376048088,0.4100021906197071,1507.59997538665,1546.1132627594836,-5.650084093213081,0.7319698110222816,1452.8000512019998,1551.0709203356532
2025-12-31,2025,1570.4000244140625,0.3311227075755596,0.09677200578153133,1575.5999754946697,1571.9197320164817,0.4903178196400404,0.5429395008832216,1578.0999755733963,1578.9263464684861,-4.2154911905527115,0.4375944845378399,1504.19994972845,1577.2720083060794,-7.106468081474304,0.7165390532463789,1458.8000479276125,1581.65255388118
2026-01-01,2026,1575.5999755859375,1.0599183849990368,0.06800002884119749,1592.300049401213,1576.6713840237578,-4.31581623852253,0.5175050348043442,1507.5999759854426,1583.7537847879707,-6.664127856492996,0.4899460356682539,1470.5999787060182,1583.3195652043107,-7.413044571876526,0.4634159617125988,1458.8000471212763,1582.9015573655424
2026-01-02,2026,1592.300048828125,-0.891796313226223,0.06774726207368076,1578.0999756971764,1593.378788515204,-5.532883107662201,0.48945965245366096,1504.1999484032167,1600.0937151131386,-7.347861677408218,0.49799876287579536,1475.3000437509309,1600.2296833725597,-11.222764104604721,0.41938559152185917,1413.5999705106387,1598.9779258067056
2026-01-05,2026,1578.0999755859375,-4.467397555708885,0.07629927713423967,1507.5999758499688,1579.3040544597652,-6.811989098787308,0.4535743035376072,1470.5999772810583,1585.2578315593287,-6.01356215775013,0.5279210396111012,1483.1999526426375,1586.4310973831534,-11.66592612862587,0.40495404973626137,1393.9999981982191,1584.4905553459598
2026-01-06,2026,1507.5999755859375,-0.2255256287753582,0.09869120549410582,1504.1999512615803,1509.087844175872,-2.1424733102321625,0.2954408060759306,1475.3000484839422,1512.054041106209,-3.6349117755889893,0.6093205884099007,1452.8000465445875,1516.7860926280453,-6.8320512771606445,0.40665739215910435,1404.599972199445,1513.7307423308466
2026-01-07,2026,1504.199951171875,-2.233744040131569,0.13507413677871227,1470.5999744109113,1506.231736271346,-1.396091002970934,0.3283517435193062,1483.1999509868713,1509.1390179375644,-3.0182093381881714,0.574854388833046,1458.8000477805836,1512.846910608011,-6.761065870523453,0.358622707426548,1402.500001648763,1509.5943537618764
2026-01-08,2026,1470.5999755859375,0.31960243359208107,0.17736246809363365,1475.3000488963148,1473.208267998421,-1.210385374724865,0.24730125442147255,1452.8000485607379,1474.2367877730835,-0.8023886010050774,0.5318042356520891,1458.8000490154525,1478.4206885456022,-5.745954066514969,0.4886398557573557,1386.0999764865892,1477.7859131854084
2026-01-09,2026,1475.300048828125,0.535477651283145,0.18264118116348982,1483.199950878969,1477.9945542630103,-1.1184165254235268,0.29761253390461206,1458.80004928245,1479.6907266861383,-4.182204976677895,0.4739055410027504,1413.5999767651037,1482.2915775059378,-6.42581507563591,0.46925502829253674,1380.4999958796634,1482.2229684896533
2026-01-12,2026,1483.199951171875,-2.049615979194641,0.21261705551296473,1452.8000479692491,1486.3534872354264,-1.6450852155685425,0.2999987918883562,1458.8000480578266,1487.6495331066794,-6.01402074098587,0.4329846240580082,1393.9999984781061,1489.621978904485,-5.831985175609589,0.4461281932890415,1396.6999498948826,1489.816924316902
2026-01-13,2026,1452.800048828125,0.41299560107290745,0.21409522742033005,1458.80004912217,1455.9104243966262,-2.698242850601673,0.28653780464082956,1413.5999753770825,1456.962870193858,-3.3177360892295837,0.4227017052471638,1404.5999773038093,1458.941059408353,-4.253857955336571,0.5087126512080431,1390.9999983759162,1460.1906264732702
2026-01-14,2026,1458.800048828125,0.0,0.21709760185331106,1458.800048828125,1461.9670687499658,-4.442010447382927,0.3575418144464493,1393.9999982527524,1464.0158689918508,-3.859339654445648,0.45971046201884747,1402.5000000646287,1465.506305272524,-4.346039518713951,0.4045584239065647,1395.4000222070363,1464.7017473136123
2026-01-15,2026,1458.800048828125,-3.098442032933235,0.22402056492865086,1413.5999749387838,1462.068060938689,-3.7153873592615128,0.44681429862976074,1404.599976217064,1465.318176034707,-4.983552917838097,0.5418369546532631,1386.0999764293274,1466.7043665871756,-4.688786715269089,0.23723887279629707,1390.400025936333,1462.2608896203167
2026-01-19,2026,1413.5999755859375,-1.3865291140973568,0.22375956177711487,1394.0000003675655,1416.76304069659,-0.7852274924516678,0.44068219140172005,1402.4999999443467,1419.829458936004,-2.3415377363562584,0.532965175807476,1380.49999871647,1421.1339711810335,1.6624221578240395,0.25667035952210426,1437.0999748030733,1417.2282677254784
2026-01-20,2026,1394.0,0.7603999692946672,0.2007745672017336,1404.5999755719677,1396.7987974667922,-0.5667162593454123,0.4540779162198305,1386.099975344725,1400.3298461521044,0.19368373323231936,0.5700692068785429,1396.6999512412585,1401.946764743887,4.5050248503685,0.24924790486693382,1456.800046414137,1397.474515793845
2026-01-21,2026,1404.5999755859375,-0.14950701734051108,0.18392675556242466,1402.5000000568734,1407.1834107496634,-1.7157891765236855,0.40278276428580284,1380.5000012313797,1410.2574621947601,-0.9682455100119114,0.5833789706230164,1390.9999993886981,1412.7941164648819,2.7623558416962624,0.22825482301414013,1443.400025064,1407.8060427742678
2026-01-22,2026,1402.5,-1.1693421751260757,0.16479002078995109,1386.0999759938568,1404.811180041579,-0.413550715893507,0.41147260926663876,1396.6999512095936,1408.2709033449646,-0.5062371026724577,0.5872429348528385,1395.4000246350188,1410.736082161311,3.4438539296388626,0.20538843236863613,1450.800051363185,1405.3805727639701
2026-01-23,2026,1386.0999755859375,-0.40400950238108635,0.1589749939739704,1380.4999999720685,1388.3035279385986,0.35351160913705826,0.41437484323978424,1390.9999999138797,1391.8436251869184,0.31022645998746157,0.5706076975911856,1390.4000244720849,1394.0091687429403,5.446937680244446,0.23105936124920845,1461.599977441987,1389.302689335802
2026-01-27,2026,1380.5,1.1734843254089355,0.14964697184041142,1396.6999511122704,1382.5658764462569,1.079320814460516,0.3231930313631892,1395.4000238436274,1384.9616797979688,4.099962115287781,0.531022110953927,1437.0999770015478,1387.830760241719,5.650126934051514,0.28426842764019966,1458.5000023245811,1384.424325643573
2026-01-28,2026,1396.699951171875,-0.4081013146787882,0.12838980183005333,1391.0000003090245,1398.493171471345,-0.45105800963938236,0.3037501126527786,1390.4000241714848,1400.9424288469809,4.303007200360298,0.5418635439127684,1456.8000506382295,1404.2681590251227,5.155008286237717,0.25673420168459415,1468.6999493886633,1400.2857576414453
2026-01-29,2026,1391.0,0.3163209417834878,0.11229836381971836,1395.4000243002083,1392.5620702407323,3.31416055560112,0.22454431746155024,1437.0999733284116,1394.1234114558902,3.767075762152672,0.5510364659130573,1443.4000238515437,1398.6649172408506,4.162474721670151,0.2966383472084999,1448.9000233784318,1395.1262394096702
2026-01-30,2026,1395.4000244140625,-0.35832019057124853,0.08877377840690315,1390.4000243873509,1396.6387737396258,4.40017357468605,0.22198199294507504,1456.8000475494928,1398.497561197813,3.970189392566681,0.5553554743528366,1450.8000481672225,1403.1494548387668,1.7342662438750267,0.2870789263397455,1419.5999760044995,1399.4059238222949
2026-02-02,2026,1390.4000244140625,3.3587422221899033,0.0926702399738133,1437.0999770913963,1391.688511453283,3.8118526339530945,0.16190288588404655,1443.4000243671744,1392.6511221789215,5.12082502245903,0.5631376523524523,1461.5999767765343,1398.2298904698557,3.3587422221899033,0.2837885171175003,1437.0999770913963,1394.3458200253485
2026-02-03,2026,1437.0999755859375,1.3708213344216347,0.04736357368528843,1456.8000486482376,1437.7806374918055,0.9533138945698738,0.12455161195248365,1450.8000493320585,1438.8899067708985,1.4891117811203003,0.5004917271435261,1458.5000006288647,1444.2925420745269,-0.9811408817768097,0.33789370208978653,1423.0000002134593,1441.9558458961762
2026-02-04,2026,1456.800048828125,-0.9198259562253952,0.018398731481283903,1443.4000238486997,1457.068081557328,0.32948425505310297,0.14833660097792745,1461.5999756166195,1458.9610165036015,0.8168521337211132,0.5209282971918583,1468.6999511110278,1464.3889325159755,-1.0639757849276066,0.3047716338187456,1441.3000490737802,1461.2399621384106
2026-02-05,2026,1443.4000244140625,0.512680085375905,-0.019345502369105816,1450.8000488915443,1443.1207914281438,1.0461393743753433,0.1383467810228467,1458.5000003992013,1445.3969218851223,0.3810447407886386,0.5129394121468067,1448.9000242956342,1450.8037920142187,-2.348623052239418,0.3906469792127609,1409.4999987046444,1449.0386230073923
2026-02-06,2026,1450.800048828125,0.7444118149578571,-0.04590117605403066,1461.599975803016,1450.1341145435204,1.2337952852249146,0.1980409724637866,1468.6999514286072,1453.6732273533294,-2.150542661547661,0.5205289926379919,1419.5999748443219,1458.3518837074816,-2.1643247455358505,0.3822682425379753,1419.4000243630917,1456.3459966775204
2026-02-09,2026,1461.5999755859375,-0.2120946766808629,-0.0844030175358057,1458.499999843351,1460.3663411022403,-0.8689074777066708,0.26087984442710876,1448.9000241039125,1465.4129953283928,-1.6762452200055122,0.4869652446359396,1437.0999758595765,1468.7174594826483,-2.2988488897681236,0.37429165095090866,1428.000000774329,1467.0706222648562
2026-02-10,2026,1458.5,0.699345301836729,-0.08674751734361053,1468.6999512272887,1457.2347874595434,-2.6671255007386208,0.27745761908590794,1419.5999745717272,1462.546719374368,-2.434007450938225,0.5182328633964062,1423.000001328066,1466.0584263126366,-2.0363353192806244,0.4382816143333912,1428.800049368292,1464.8923373450525
2026-02-11,2026,1468.699951171875,-1.3481260277330875,-0.07452580612152815,1448.9000248608238,1467.6053906937577,-2.1515609696507454,0.2733017783612013,1437.0999762611814,1472.7139342572177,-1.8655888736248016,0.5520760081708431,1441.3000482958796,1476.8082912343118,-4.779734089970589,0.4529110621660948,1398.4999989263315,1475.3518557207603
2026-02-12,2026,1448.9000244140625,-2.0222270861268044,-0.06812778301537037,1419.5999756694634,1447.91292094932,-1.787564717233181,0.24451001081615686,1422.9999987896538,1452.4427300204727,-2.7193060144782066,0.6189367733895779,1409.4999989063947,1457.8677994748118,-2.905650809407234,0.45832102186977863,1406.8000491271737,1455.5406378118284
2026-02-13,2026,1419.5999755859375,1.232741679996252,-0.042182719334959984,1437.0999761742019,1419.001149712557,1.528604794293642,0.25742799043655396,1441.3000488725356,1423.2544232753262,-0.014085035945754498,0.6801852025091648,1419.4000244190902,1429.2558845546969,-1.810365729033947,0.43725590221583843,1393.9000241385554,1425.8072602670416
2026-02-16,2026,1437.0999755859375,-0.9811408817768097,0.011645938502624631,1423.0000002134593,1437.2673393653154,-1.9205328077077866,0.2867867471650243,1409.499999075249,1441.2213878594298,-0.6332179997116327,0.6830752361565828,1427.9999998666758,1446.9164496379774,-5.504138767719269,0.4283380229026079,1357.9999986988278,1443.2556212084962
2026-02-17,2026,1423.0,1.2860189191997051,-0.0010882969945669174,1441.3000492202118,1422.9845135337673,-0.2529849298298359,0.33219673205167055,1419.4000244485214,1427.7271594970953,0.4075930453836918,0.6524067837744951,1428.80004903581,1432.283748533111,-5.4813772439956665,0.4329219926148653,1345.0000018179417,1429.1604799549095
2026-02-18,2026,1441.300048828125,-2.2063449025154114,0.03134656581096351,1409.4999986708535,1441.7518468964643,-0.92278141528368,0.3091841470450163,1427.9999998390645,1445.7563200904538,-2.969544753432274,0.6832323502749205,1398.4999988469326,1451.147477026247,-3.6009173840284348,0.41803233325481415,1389.4000248138627,1447.325149051444
2026-02-19,2026,1409.5,0.7023784797638655,0.014642614405602217,1419.4000246722717,1409.706387650047,1.3692833483219147,0.3107263473793864,1428.8000487945974,1413.8796878663125,-0.19155382178723812,0.695839524269104,1406.8000488819089,1419.307858094573,-0.33344810362905264,0.4668388981372118,1404.8000489793485,1416.080094269244
2026-02-20,2026,1419.4000244140625,0.6058880593627691,0.05149025237187743,1427.9999996765796,1420.1308770687997,-1.47245479747653,0.36452244967222214,1398.5000006591945,1424.5740561537048,-1.796533726155758,0.7075196597725153,1393.9000242664008,1429.4425586376078,0.3240788821130991,0.42014759965240955,1424.0000001458966,1425.3635995461038
2026-02-23,2026,1428.0,0.05602582823485136,0.05798691418021917,1428.8000488271937,1428.8280531344935,-1.484590396285057,0.360318087041378,1406.8000491410494,1433.1453422829509,-4.901960864663124,0.7021907716989517,1357.9999988526106,1438.027284219861,-1.344534382224083,0.3541921265423298,1408.80004902184,1433.0578635670245
2026-02-24,2026,1428.800048828125,-2.120663970708847,0.0675152288749814,1398.5000009791565,1429.764706451257,-2.4426108226180077,0.356031721457839,1393.9000242018778,1433.8870302381583,-5.865064635872841,0.708742905408144,1345.0000024469728,1438.9265678066624,-2.7015745639801025,0.38763638585805893,1390.199950138849,1434.3385976985405
2026-02-25,2026,1398.5,0.5934965331107378,0.06475680274888873,1406.8000490155537,1399.4056238864432,-2.8959600254893303,0.264684297144413,1357.9999990435317,1402.2016098955646,-0.6506954319775105,0.7842512801289558,1389.4000243837945,1409.4677541526034,-0.45048613101243973,0.3512904979288578,1392.199951457791,1403.412797613535
2026-02-26,2026,1406.800048828125,-0.9169763885438442,0.04813606501556933,1393.9000245463478,1407.477227014268,-4.392951726913452,0.27564079500734806,1345.0000017889106,1410.6777636668785,-0.14216661220416427,0.763023504987359,1404.8000488582195,1417.5342638688571,-1.8552811816334724,0.3582985606044531,1380.6999522590063,1411.840593153659
2026-02-27,2026,1393.9000244140625,-2.575509250164032,0.04342733882367611,1358.0000003472396,1394.5053581005282,-0.3228351939469576,0.3104954259470105,1389.4000245668187,1398.2280202321424,2.159406989812851,0.7508978247642517,1423.9999989722628,1404.366789376776,0.08608588250353932,0.41299015283584595,1395.0999755512964,1399.656694255269
2026-03-02,2026,1358.0,-0.9572901763021946,0.02995150862261653,1344.9999994058162,1358.4067414870951,3.446248173713684,0.2826543292030692,1404.8000501990318,1361.8384457905777,3.740799054503441,0.783371739089489,1408.8000511601567,1368.6381882168353,2.916051261126995,0.45572416856884956,1397.5999761261046,1364.188734209165
2026-03-04,2026,1345.0,3.3011171966791153,0.037589436396956444,1389.400026295334,1345.505577919539,5.873605981469154,0.3708086907863617,1424.0000004507601,1349.9873768910766,3.36059108376503,0.820411741733551,1390.1999500766397,1356.0345379263163,4.69144806265831,0.4822258371859789,1408.0999764427543,1351.4859375101514
2026-03-05,2026,1389.4000244140625,1.10839381814003,0.054616102715954185,1404.800048393904,1390.158860558532,1.3962878845632076,0.45340172946453094,1408.8000486230744,1395.6995881539365,0.2015205565840006,0.850248709321022,1392.19995107644,1401.213380188949,-0.33107639756053686,0.42758663184940815,1384.8000488655273,1395.3409131813694
2026-03-06,2026,1404.800048828125,1.3667390681803226,0.059344276087358594,1423.9999999252752,1405.633717247577,-1.0393007658421993,0.4676372278481722,1390.1999511621027,1411.3694168332745,-1.7155535519123077,0.865298043936491,1380.6999516931883,1416.9557561718536,0.6833695340901613,0.4506446421146393,1414.4000243767,1411.1307049805928
2026-03-09,2026,1424.0,-1.0674122720956802,0.037463282933458686,1408.8000492453575,1424.5334771489725,-2.2331494837999344,0.5490339826792479,1392.199951350689,1431.8182439133525,-2.029496058821678,0.8660158142447472,1395.0999761223793,1436.3320651948452,-1.137636974453926,0.5109528079628944,1407.800049483776,1431.2759679853916
2026-03-10,2026,1408.800048828125,-1.3202794827520847,0.03462458262220025,1390.199950830446,1409.287839965013,-1.9946122542023659,0.5038308911025524,1380.6999504169903,1415.898018667989,-0.7950080558657646,0.8766043931245804,1397.5999749489006,1421.1496519464936,0.21294718608260155,0.4926258698105812,1411.8000488896348,1415.7401623225564
2026-03-11,2026,1390.199951171875,0.1438641920685768,0.05334308953024447,1392.1999510997662,1390.941526776478,0.35246904008090496,0.4667807836085558,1395.0999755949756,1396.689137397681,1.287586335092783,0.9130623191595078,1408.0999757736306,1402.8933430869993,1.647246815264225,0.45768930576741695,1413.0999755933585,1396.5627476771724
2026-03-12,2026,1392.199951171875,-0.826030783355236,0.06045079207979143,1380.6999510093387,1393.0415470696928,0.38787706289440393,0.5050734151154757,1397.5999754520979,1399.231583010495,-0.5315258167684078,0.9046953171491623,1384.8000490103593,1404.7951189354799,-3.167646750807762,0.42054131627082825,1348.0999746538319,1398.054727171655
2026-03-13,2026,1380.699951171875,1.0429509915411472,0.04564941627904773,1395.0999750028302,1381.3302326401501,1.984502375125885,0.4872546996921301,1408.0999744962428,1387.4274765726068,2.440796233713627,0.8801937103271484,1414.400023578964,1392.8527853005799,-2.6653094217181206,0.40972204878926277,1343.9000252876335,1386.3569832994488
2026-03-16,2026,1395.0999755859375,0.17919862875714898,0.05928020109422505,1397.5999756119788,1395.9269936569303,-0.7382930722087622,0.5009751301258802,1384.8000491158004,1402.0890795040152,0.9103342890739441,0.8378253318369389,1407.8000490305585,1406.7884765858475,-1.8564995378255844,0.465925270691514,1369.1999509869797,1401.6000989236036
2026-03-17,2026,1397.5999755859375,0.7512879557907581,0.05894473288208246,1408.0999758726493,1398.4237871583066,1.2020641937851906,0.4800223745405674,1414.4000244648066,1404.3087681753236,1.0160326957702637,0.7784685119986534,1411.8000482939678,1408.479851319575,-3.37006114423275,0.5684386938810349,1350.5000018569094,1405.5444746328399
2026-03-18,2026,1408.0999755859375,-1.65470689535141,0.033143715700134635,1384.8000481964755,1408.5666722386193,-0.02130010398104787,0.4962270148098469,1407.8000488269806,1415.087348060326,0.3550884313881397,0.6759482435882092,1413.0999757016225,1417.6180026388765,-7.3432303965091705,0.7161241956055164,1304.6999501654727,1418.1837202094239
2026-03-19,2026,1384.800048828125,2.1374909207224846,0.06872828816995025,1414.4000241419867,1385.7517981962612,1.9497400149703026,0.5015093367546797,1411.8000495074552,1391.7449503683815,-2.650207467377186,0.6638634949922562,1348.0999745258391,1393.9932308309299,-5.7914551347494125,0.7302096113562584,1304.5999752942562,1394.9119918827341
2026-03-20,2026,1414.4000244140625,-0.4666272085160017,0.0711216707713902,1407.8000490628895,1415.4059693428167,-0.09191521676257253,0.5402389448136091,1413.0999755657324,1422.0411641814005,-4.984445497393608,0.6580740213394165,1343.9000260820217,1423.7078235325498,-4.7087084501981735,0.7053088396787643,1347.8000509448725,1424.3759128146735
2026-03-23,2026,1407.800048828125,0.28413126710802317,0.07329498184844851,1411.8000489452077,1408.831895618376,-4.240664094686508,0.5412179976701736,1348.0999776324916,1415.4193160635923,-2.741873636841774,0.6838876754045486,1369.199950429861,1417.4278198563998,-5.526356399059296,0.6874725688248873,1330.000000743752,1417.4782879877216
2026-03-24,2026,1411.800048828125,0.09207584080286324,0.0832879391964525,1413.0999755935388,1412.9759079943685,-4.809464514255524,0.5320336204022169,1343.9000264674942,1419.3112997407457,-4.341978207230568,0.7032350637018681,1350.4999983783373,1421.7283218008445,-4.363230988383293,0.6965159438550472,1350.1999516036458,1421.6334612635662
2026-03-25,2026,1413.0999755859375,-4.599815979599953,0.0982744968496263,1348.0999771012125,1414.4886924769269,-3.1066467985510826,0.5057323724031448,1369.1999504340708,1420.2464796168965,-7.671079784631729,0.7278406992554665,1304.6999490221287,1423.385092329421,-6.935106962919235,0.7084714714437723,1315.0999807860671,1423.1113857759428
2026-03-27,2026,1348.0999755859375,-0.31154598109424114,0.15970078529790044,1343.9000242908671,1350.252901833549,0.17803014488890767,0.49117840826511383,1350.4999999257204,1354.721551587843,-3.226763755083084,0.7006761617958546,1304.5999741914466,1357.545790752044,-0.2967139007523656,0.7618436589837074,1344.0999755623347,1358.3703897666999
2026-03-30,2026,1343.9000244140625,1.8825750797986984,0.1473418902605772,1369.1999513710903,1345.8801521132466,-2.916889078915119,0.5120574496686459,1304.699951370391,1350.7815646051736,0.29020197689533234,0.670652324333787,1347.800048852409,1352.9129211645177,-0.04464436206035316,0.7662130519747734,1343.3000488214338,1354.1971618066152
2026-04-01,2026,1369.199951171875,-1.3657575473189354,0.11743606301024556,1350.499999500858,1370.8078856892694,-4.718082025647163,0.5802041850984097,1304.599974380465,1377.1441065909396,-2.862982265651226,0.6637271493673325,1329.999999388519,1378.287702976927,-0.3067449200898409,0.8400519378483295,1364.9999998757826,1380.7019418947127
2026-04-02,2026,1350.5,-3.3913400024175644,0.10363090550526977,1304.6999532673508,1351.8995353788487,-0.19992233719676733,0.5737868137657642,1347.8000488361577,1358.2489909199066,-0.022217610967345536,0.635382067412138,1350.199951163886,1359.080834820401,0.9478007443249226,0.9270070120692253,1363.300049052108,1363.019229697995
2026-04-06,2026,1304.699951171875,-0.007662726420676336,0.10317959822714329,1304.599975584006,1306.046135339564,1.9391469657421112,0.6306538358330727,1330.0000006870632,1312.9280914600527,0.7971200160682201,0.7473455742001534,1315.0999756322983,1314.4505685135496,3.725001960992813,0.9930785745382309,1353.3000499380996,1317.6566468489737
2026-04-07,2026,1304.5999755859375,3.311365470290184,0.015875155804678798,1347.8000487029044,1304.8070828646896,3.4953225404024124,0.5777510348707438,1350.1999525946771,1312.1373154458088,3.027747943997383,0.7915806025266647,1344.099974524131,1314.9269359332434,4.407481476664543,1.1229348368942738,1362.0999778544578,1319.2497831939063
2026-04-08,2026,1347.800048828125,-1.3206742703914642,-0.009173620492219925,1330.0000003669284,1347.6764067666516,-2.426181361079216,0.5910191219300032,1315.0999752588405,1355.7658048420813,-0.333877420052886,0.7720830384641886,1343.300048797626,1358.206184397539,-0.3264597384259105,1.1628584004938602,1343.4000243142164,1363.4730549177832
2026-04-09,2026,1330.0,1.518793310970068,-0.015796872321516275,1350.199951035902,1329.7899015981238,1.0601485148072243,0.6146672181785107,1344.099975246936,1338.1750740017742,2.631578966975212,0.7657079957425594,1365.0000002607703,1340.183916343376,-0.16540986252948642,1.1937825940549374,1327.8000488283578,1345.8773085009307
2026-04-10,2026,1350.199951171875,-2.599613182246685,-0.02761065261438489,1315.0999752545226,1349.8271521537574,-0.5110281985253096,0.6434416398406029,1343.3000486849119,1358.8876998788223,0.9702338837087154,0.7185534574091434,1363.300048595963,1359.901859602957,1.1553917080163956,1.168458629399538,1365.8000494493563,1365.9764790154911
2026-04-13,2026,1315.0999755859375,2.2051556035876274,-0.022025976795703173,1344.0999763903503,1314.8103119704747,3.7943903356790543,0.6684744730591774,1365.000001964088,1323.891083217937,2.9047276824712753,0.6703757680952549,1353.3000486289552,1323.9160871484924,5.611744523048401,1.190983597189188,1388.9000264384922,1330.7626005818051
2026-04-15,2026,1344.0999755859375,-0.05951393395662308,-0.024882738944143057,1343.3000488141563,1343.765526697864,1.4284705743193626,0.6071846932172775,1363.3000482266164,1352.2611448992325,1.3391860760748386,0.614940607920289,1362.0999753075098,1352.3653921468622,6.048660725355148,1.2970647774636745,1425.4000229187122,1361.5338229431604
2026-04-16,2026,1343.300048828125,1.6154209151864052,0.03774078795686364,1364.9999987706037,1343.8070208511776,0.7444353308528662,0.6822680123150349,1353.3000489909655,1352.4649553706915,0.0074425355705898255,0.5923317279666662,1343.400024412079,1351.2568412191258,6.5138086676597595,1.159352157264948,1430.8000438413692,1358.873626922755
2026-04-17,2026,1365.0,-0.12453855015337467,0.018791615730151534,1363.3000487904064,1365.2565055547166,-0.21245600655674934,0.6608787924051285,1362.0999755105004,1374.02099551633,-2.7252711355686188,0.629641953855753,1327.8000489994884,1373.594612670131,4.820516332983971,1.2844801880419254,1430.8000479452312,1382.5331545667723
2026-04-20,2026,1363.300048828125,-0.7335142232477665,-0.006571062840521336,1353.300049064427,1363.2104655252117,-1.4596951194107533,0.6002209149301052,1343.4000245524564,1371.4828608544437,0.18337855581194162,0.6190929096192122,1365.8000487690495,1371.7401427672553,7.357142120599747,1.3584115542471409,1463.599970950616,1381.8192742104632
2026-04-21,2026,1353.300048828125,0.650256872177124,0.053389451932162046,1362.0999753968063,1354.022568307192,-1.8842827528715134,0.575781799852848,1327.8000494134549,1361.092104206677,2.6306048035621643,0.6095526739954948,1388.9000249192068,1361.5491254629392,6.251383572816849,1.2065169401466846,1437.9000257714888,1369.6278431682497
2026-04-22,2026,1362.0999755859375,-1.3728765770792961,0.04275083192624152,1343.4000240647154,1362.6822846571677,0.2716447692364454,0.5250586662441492,1365.8000489213875,1369.251799550661,4.647239670157433,0.5277432966977358,1425.400025998572,1369.2883669014138,5.440127477049828,1.2748987413942814,1436.199950622677,1379.4653710312145
2026-04-23,2026,1343.4000244140625,-1.1612308211624622,0.049700395902618766,1327.8000492790625,1344.0676995447523,3.386928513646126,0.47318264842033386,1388.9000228932714,1349.7567602284644,6.505881994962692,0.5786657333374023,1430.8000447227414,1351.173820016993,6.833402067422867,1.2479176744818687,1435.1999494561323,1360.1645507577193
2026-04-24,2026,1327.800048828125,2.8618765994906425,0.05323396762832999,1365.8000477135624,1328.5068894762871,7.350502163171768,0.422662403434515,1425.4000201398321,1333.4121604273066,7.757192105054855,0.6092976778745651,1430.8000493867348,1335.890303692452,4.548870399594307,1.3199292123317719,1388.1999522150663,1345.326069553963
2026-04-27,2026,1365.800048828125,1.6913145780563354,0.06928982911631465,1388.9000241610556,1366.7464093480285,4.759115353226662,0.36276793107390404,1430.8000486462815,1370.7547334078652,7.160633057355881,0.7654609624296427,1463.5999786218945,1376.2547150267492,-0.1317944610491395,1.3357305899262428,1364.0000000147631,1384.0434578775498
2026-04-28,2026,1388.9000244140625,2.6279788464307785,0.06152412388473749,1425.400023253736,1389.7545329857182,3.0167775228619576,0.3818343160673976,1430.8000481656102,1394.2033213231439,3.5279717296361923,0.8284542709589005,1437.9000246283008,1400.40642598567,-2.1671809256076813,1.4065897092223167,1358.8000480092005,1408.436149228857
2026-04-29,2026,1425.4000244140625,0.3788427449762821,0.07308230269700289,1430.8000489934452,1426.441739574548,2.6799460873007774,0.35538114607334137,1463.5999765967315,1430.4656273569549,0.7576769217848778,0.8469371125102043,1436.1999514421639,1437.4722662225547,-4.461903497576714,1.5334711410105228,1361.8000508702721,1447.258122432409
2026-04-30,2026,1430.800048828125,0.0,0.09274223702959716,1430.800048828125,1432.1270048008287,0.4962241742759943,0.4186350852251053,1437.9000245559628,1436.7898798319375,0.3075134241953492,0.9266287088394165,1435.199951051665,1444.0582528466548,-6.597708910703659,1.55649958178401,1336.4000265122395,1453.0704456043002
2026-05-01,2026,1430.800048828125,2.2924186661839485,0.08198867435567081,1463.59997622323,1431.9731428208395,0.377404410392046,0.40100710466504097,1436.199951316294,1436.5376586774767,-2.9773620888590813,0.8913724683225155,1388.1999506069392,1443.553806540124,-6.632654368877411,1.6820646822452545,1335.9000268796262,1454.8670311230107
2026-05-05,2026,1463.5999755859375,-1.7559409141540527,0.07050150306895375,1437.9000247950753,1464.6318355676424,-1.9404225051403046,0.35666823387145996,1435.19995227444,1468.820171769803,-6.805136799812317,0.8725736290216446,1363.9999950452948,1476.3709630072676,-9.626948833465576,1.611383631825447,1322.6999548096646,1487.1841860279305
2026-05-06,2026,1437.9000244140625,-0.11823306558653712,0.12247089762240648,1436.1999511351282,1439.6610334808752,-3.4564346075057983,0.38173291832208633,1388.1999503488805,1443.3889621398123,-5.501076206564903,0.8025268092751503,1358.8000482968296,1449.4395576005593,-5.438491702079773,1.432420127093792,1359.6999509021007,1458.496793771256
2026-05-07,2026,1436.199951171875,-0.06962819024920464,0.1382565009407699,1435.199951137514,1438.1855909708784,-5.027151852846146,0.32274697441607714,1363.9999987159626,1440.8352430608475,-5.180330201983452,0.7050143089145422,1361.8000513404468,1446.3253663322603,-6.029799208045006,1.322915405035019,1349.5999778901705,1455.1996615730332
2026-05-08,2026,1435.199951171875,-3.274805098772049,0.13441239716485143,1388.1999499933245,1437.1290378303538,-5.323293432593346,0.3273164154961705,1358.8000464265597,1439.8975962072536,-6.884053349494934,0.5883591715246439,1336.4000208612779,1443.644081714312,-5.622906610369682,1.262870617210865,1354.4999982454092,1453.3246696534493
2026-05-11,2026,1388.199951171875,-1.743261143565178,0.1457361620850861,1364.000000828105,1390.2230605027798,-1.9017362967133522,0.3104153322055936,1361.8000488294824,1392.5091366619831,-3.7674635648727417,0.6514310836791992,1335.9000238038934,1397.243117157428,-1.527153979986906,1.1374643072485924,1367.0000003673774,1403.9902301296975
2026-05-12,2026,1364.0,-0.381228094920516,0.15423884615302086,1358.8000487852842,1366.1038178615272,-2.023458667099476,0.28124398086220026,1336.4000237807631,1367.8361678989604,-3.0278628692030907,0.6663374602794647,1322.6999504640698,1373.088842958212,-0.5645125638693571,1.0706275701522827,1356.300048628822,1378.6033600568771
2026-05-13,2026,1358.800048828125,0.22078303154557943,0.14945415314286947,1361.8000487685706,1360.830831934006,-1.6853123903274536,0.27139668818563223,1335.9000232454491,1362.4877871597093,0.06622772198170424,0.6352639757096767,1359.6999511467502,1367.4320160402556,-0.6108366418629885,1.1454860679805279,1350.5000002402307,1374.3649140791638
2026-05-14,2026,1361.800048828125,-1.8651802092790604,0.12042849557474256,1336.4000238274302,1363.440044139665,-2.8712069615721703,0.23880463559180498,1322.6999510234787,1365.052090472218,-0.8958784863352776,0.6332066841423512,1349.5999751637705,1370.4230577619585,-0.8297876454889774,1.1387255042791367,1350.5000002666864,1377.3072133014166
2026-05-15,2026,1336.4000244140625,-0.03741394612006843,0.11413105530664325,1335.9000244289796,1337.9252718650446,1.7434844747185707,0.28611987363547087,1359.6999513598569,1340.2237304751804,1.3543830253183842,0.6582738365978003,1354.4999994950772,1345.197196127067,-1.2271792627871037,1.143090147525072,1320.0000004465714,1351.6762814246622
2026-05-18,2026,1335.9000244140625,-0.9881033562123775,0.11565693421289325,1322.699951437185,1337.4450854264492,1.0255222208797932,0.31606738921254873,1349.5999760131672,1340.1223687437177,2.328016608953476,0.6566614843904972,1366.9999988614354,1344.6723653443528,-1.594434306025505,1.157542783766985,1314.5999761306016,1351.3636387450088
2026-05-19,2026,1322.699951171875,2.797308564186096,0.13589627342298627,1359.6999501844912,1324.4974511140852,2.404177002608776,0.3484186716377735,1354.4999992114667,1327.3084847715015,2.540265955030918,0.6269186269491911,1356.3000477187047,1330.9922035444192,-0.7182279136031866,1.1432953178882599,1313.199950909343,1337.8223177833333
2026-05-20,2026,1359.699951171875,-0.7428091485053301,0.07460248307324946,1349.5999755423477,1360.714321097795,0.5368867423385382,0.370478187687695,1366.9999999453003,1364.737342908967,-0.6766162812709808,0.6236179266124964,1350.4999999258125,1368.1792838155243,-4.118555784225464,1.1116482317447662,1303.699950184775,1374.8150316361116
2026-05-21,2026,1349.5999755859375,0.36307235714048147,0.07785597699694335,1354.5000000292648,1350.6507198324805,0.49644880928099155,0.38104450795799494,1356.3000485947905,1354.74255217231,0.06668823771178722,0.6032008677721024,1350.5000000258144,1357.740774350124,-4.342025518417358,1.1643839068710804,1291.0000002494417,1365.3145005087963
2026-05-22,2026,1354.5,0.9228497743606567,0.06951322429813445,1367.000000193715,1355.4415566231182,-0.2953119343146682,0.44791102409362793,1350.4999998497078,1360.5669548213482,-2.547065354883671,0.5330272950232029,1319.9999997681007,1361.7198547110893,-6.733108311891556,1.1480425484478474,1263.3000479154289,1370.050236318726
2026-05-25,2026,1367.0,-0.7827323861420155,0.047745672054588795,1356.3000482814386,1367.6526833369862,-1.2070226483047009,0.47436514869332314,1350.5000003976747,1373.4845715826377,-3.8332130759954453,0.47544660046696663,1314.5999772511423,1373.4993550283834,-7.154355943202972,1.1665156111121178,1269.1999542564154,1382.9462684039026
2026-05-26,2026,1356.300048828125,-0.4276375751942396,0.045800983207300305,1350.500000186958,1356.9212475857294,-2.6764025911688805,0.49933060072362423,1319.9999991772643,1363.0724700095534,-3.1777702271938324,0.45266333036124706,1313.1999496850494,1362.4395217988417,-7.188674807548523,1.1020908132195473,1258.8000489032493,1371.247707065952
2026-05-27,2026,1350.5,0.0,0.015046459157019854,1350.5,1350.7032024309156,-2.6582764461636543,0.4971459973603487,1314.5999765945598,1357.2139566943515,-3.465386852622032,0.4231375642120838,1303.6999505553395,1356.2144728046842,-6.479081511497498,1.1389288119971752,1263.0000041872263,1365.8812336060219
2026-05-28,2026,1350.5,-2.2584227845072746,0.016532407607883215,1320.0000002952293,1350.7232701647445,-2.7619436383247375,0.5108279176056385,1313.1999511644244,1357.3987310272641,-4.405775666236877,0.41036251932382584,1290.999999627471,1356.0419458234683,-4.257682338356972,1.2739401310682297,1293.000000020489,1367.7045614700764
2026-06-01,2026,1320.0,-0.4090927541255951,-0.0027918489649891853,1314.5999756455421,1319.9631475936621,-1.2348521500825882,0.4790132865309715,1303.6999516189098,1326.3229753822088,-4.295450821518898,0.40924688801169395,1263.3000491559505,1325.4020589217544,-0.9848484769463539,1.3102351687848568,1307.0000001043081,1337.29510422796
2026-06-02,2026,1314.5999755859375,-0.10649813339114189,0.009329762542620301,1313.1999511503782,1314.722624642045,-1.7952211201190948,0.38504793774336576,1290.9999991791383,1319.661815681506,-3.45352403819561,0.4346047528088093,1269.1999494229635,1320.3132895602575,1.0801821015775204,1.1795095168054104,1328.8000492295591,1330.1058074058951
2026-06-03,2026,1313.199951171875,-0.7234237156808376,0.024609110550954938,1303.6999512907885,1313.523117999614,-3.7998709827661514,0.35427825059741735,1263.3000472815957,1317.8523329857328,-4.142545163631439,0.4338824190199375,1258.800050105794,1318.8976948865882,1.4849224127829075,1.2082172557711601,1332.6999515714804,1329.066259584712
2026-06-04,2026,1303.699951171875,-0.9741467423737049,0.034068425884470344,1291.0000005672066,1304.144101223496,-2.646314352750778,0.3205141518265009,1269.1999522472088,1307.8784940127362,-3.121880255639553,0.4476573783904314,1262.9999998034577,1309.5360601953685,1.8715981394052505,1.2617863714694977,1328.099975201435,1320.1498594806162
2026-06-05,2026,1291.0,-2.1456196904182434,0.038024509558454156,1263.3000497967005,1291.4908964183996,-2.494186721742153,0.3250852460041642,1258.8000494223088,1295.1968505259138,0.15491866506636143,0.4858881700783968,1292.9999999660067,1297.272816275712,1.432997640222311,1.3317909091711044,1309.49999953527,1308.193420637399
2026-06-08,2026,1263.300048828125,0.467023067176342,0.04032945726066828,1269.1999514638023,1263.809530881391,-0.02375119220232591,0.32971734181046486,1263.0000000054358,1267.4653681682114,3.4591902047395706,0.5427741911262274,1307.0000003736577,1270.1569154496492,5.002766475081444,1.3399450108408928,1326.500000150586,1280.227574804348
2026-06-09,2026,1269.199951171875,-0.8194060996174812,0.044600683031603694,1258.8000493556306,1269.7660230191345,1.875200867652893,0.3118925727903843,1292.9999996685,1273.1584915534393,4.69587929546833,0.5029723048210144,1328.8000488970492,1275.5836754190714,3.17523255944252,1.3226230628788471,1309.500001265913,1285.9866824401213
2026-06-10,2026,1258.800048828125,0.33364719711244106,0.054206588538363576,1262.9999999082902,1259.482401391114,3.8290396332740784,0.34642061218619347,1307.0000016014274,1263.1607916634755,5.87066262960434,0.5586345214396715,1332.699952876119,1265.8321404567782,4.353346303105354,1.2658619321882725,1313.5999742172726,1274.7347194486076
2026-06-11,2026,1263.0,2.375296875834465,0.04358928417786956,1292.9999995417893,1263.5505326591665,5.209821835160255,0.36523963790386915,1328.800049778074,1267.6129766267259,5.154392495751381,0.535576744005084,1328.09997722134,1269.7643342767842,4.362626746296883,1.2046744115650654,1318.0999758057296,1278.2150378180668
2026-06-12,2026,1293.0,1.0827532969415188,0.04301167791709304,1307.0000001294538,1293.556140995468,3.0703751370310783,0.31942487694323063,1332.6999505218118,1297.130163658876,1.276102103292942,0.5375001579523087,1309.5000001955777,1299.9498770423234,1.9412200897932053,1.2051161378622055,1318.0999757610261,1308.5821516625583
2026-06-15,2026,1307.0,1.667945645749569,0.07466315291821957,1328.8000495899469,1307.9758474086411,1.614382304251194,0.28234238270670176,1328.099976716563,1310.6902149419766,1.4919663779437542,0.5316144321113825,1326.5000005597249,1313.9482006276958,-1.0022934526205063,1.2503113597631454,1293.90002457425,1323.3415694721043
2026-06-16,2026,1328.800048828125,0.2934905234724283,0.0751572079025209,1332.6999510473324,1329.7987378434316,-1.4524418860673904,0.2815093845129013,1309.5000003368614,1332.5407456669882,-1.4524418860673904,0.5255290772765875,1309.5000003368614,1335.7832794635824,-1.5653256326913834,1.3397949747741222,1308.0000010566027,1346.6032451071203
2026-06-17,2026,1332.699951171875,-0.34516213927417994,0.07252914365381002,1328.0999755103041,1333.6665470339346,-0.46521732583642006,0.2941276878118515,1326.50000009761,1336.6197907237265,-1.4331789687275887,0.49439738504588604,1313.5999757554368,1339.2887848809764,-2.1910371258854866,1.4212362468242645,1303.5000004650415,1351.640765939339
2026-06-18,2026,1328.0999755859375,-1.400495134294033,0.06194652523845434,1309.5000000492962,1328.9226873725058,-1.400495134294033,0.3389104502275586,1309.5000000492962,1332.601045192668,-0.752955349162221,0.5020349286496639,1318.099975777541,1334.7675013507665,-1.8146205693483353,1.3804448768496513,1304.0000002474449,1346.433663658355
2026-06-19,2026,1309.5,1.2982054613530636,0.10032766731455922,1326.5000005164184,1310.8137908034842,0.3130947472527623,0.3991425037384033,1313.599975715275,1314.7267710864544,0.6567373406141996,0.41197878308594227,1318.099975475343,1314.8948621645104,0.9011110290884972,1.3478835113346577,1321.3000489259139,1327.1505345809273
2026-06-22,2026,1326.5,-1.2815680354833603,0.02265474759042263,1309.5000000093132,1326.800515226787,-0.6332472432404757,0.4028663970530033,1318.099975318415,1331.844022756908,-2.4575933814048767,0.4108225926756859,1293.9000237956643,1331.949561691843,-1.3644912280142307,1.3544529676437378,1308.4000238603912,1344.4668186157942
2026-06-23,2026,1309.5,0.3130947472527623,0.03616611938923597,1313.599975715275,1309.973595333402,0.6567373406141996,0.37477281875908375,1318.099975475343,1314.4076500616502,-0.11454754276201129,0.44983834959566593,1307.9999999275315,1315.3906331879552,-2.5658629834651947,1.2719923630356789,1275.9000242315233,1326.1567399939522
2026-06-24,2026,1313.5999755859375,0.3425700357183814,0.010220508556813002,1318.099975491499,1313.7342321838446,-1.499691791832447,0.3243804909288883,1293.9000245745622,1317.861037635585,-0.7688775658607483,0.5728894378989935,1303.500000068505,1321.125451102313,-2.5730760768055916,1.2179285287857056,1279.8000488692117,1329.5986844427207
2026-06-25,2026,1318.0999755859375,0.0,-0.008139153942465782,1318.0999755859375,1317.992693399809,-0.7662526331841946,0.25841507595032454,1307.9999998150101,1321.506144638949,-1.0697197169065475,0.6033985409885645,1304.0000002585543,1326.0533716073937,-0.7814222946763039,1.2204619124531746,1307.800048510586,1334.1868837560185
2026-06-26,2026,1318.0999755859375,-1.8359724432229996,0.022791512310504913,1293.9000232600506,1318.400390504138,-1.1076531372964382,0.2216045744717121,1303.4999998536564,1321.0209454279466,0.24277924094349146,0.5877281073480844,1321.3000487015413,1325.8468196254044,-1.6083721071481705,1.3032778166234493,1296.9000232342864,1335.278480168668
2026-06-30,2026,1293.9000244140625,1.0897268541157246,0.03244451363570988,1308.0000004455123,1294.319823983916,0.780583918094635,0.1988699659705162,1303.9999999208612,1296.4732029523072,1.12064303830266,0.5637202877551317,1308.400024960255,1301.1940013549531,-0.06955903954803944,1.277700811624527,1292.9999999843683,1310.432195527611
2026-07-01,2026,1308.0,-0.3440367057919502,0.01152214827015996,1303.4999998882413,1308.1507096993737,1.0168232955038548,0.11578925186768174,1321.3000487051904,1309.5145234144293,-2.454126626253128,0.6324732676148415,1275.900023728609,1316.2727503404021,-0.9556574746966362,1.2703432701528072,1295.500000230968,1324.6160899735987
2026-07-02,2026,1303.5,0.03835826646536589,0.015130039537325501,1304.000000003376,1303.697220065369,0.3759128740057349,0.136893754824996,1308.4000243126648,1305.2844100941438,-1.8181780353188515,0.5468880292028189,1279.8000493096188,1310.6286854606587,-0.5293459631502628,1.1214561760425568,1296.5999753703363,1318.1181812547147
2026-07-03,2026,1304.0,1.3266908936202526,0.12327976291999221,1321.300049252808,1305.6075681084767,-2.1549060940742493,0.21904786117374897,1275.9000245332718,1306.8563841097057,0.29141479171812534,0.56221685372293,1307.8000488840044,1311.331307772547,1.7791373655200005,1.206815242767334,1327.1999512463808,1319.736870765686
2026-07-06,2026,1321.300048828125,-0.9763129986822605,0.12836845126003027,1308.400024699821,1322.9961812373037,-3.1408458948135376,0.2212192863225937,1279.8000504863376,1324.2230193663227,-1.8466679379343987,0.6022776942700148,1296.9000244625045,1329.2579442965957,0.13622392434626818,1.2162301689386368,1323.0999756070278,1337.3700986441736
2026-07-07,2026,1308.4000244140625,-2.4839498102664948,0.15369125176221132,1275.9000244901026,1310.4109207896415,-0.04585566930472851,0.2213492291048169,1307.8000488256841,1311.2961577817102,-1.1770118959248066,0.6399352103471756,1293.000000480426,1316.7729368624791,-0.3592229448258877,1.1002575978636742,1303.6999513162596,1322.7957950931284
2026-07-08,2026,1275.9000244140625,0.3056684974581003,0.18165040528401732,1279.8000488477564,1278.2177019794294,1.6458969563245773,0.24129622615873814,1296.900024081638,1278.978723022532,1.5361686237156391,0.7138194516301155,1295.5000002590914,1285.0076469716835,0.9953719563782215,1.0812539607286453,1288.5999754485028,1289.6957439629773
2026-07-09,2026,1279.800048828125,2.187841758131981,0.19342820160090923,1307.8000487169802,1282.275543046661,1.0314073413610458,0.24721971713006496,1293.0000004864805,1282.9639668886684,1.312699355185032,0.7533182390034199,1296.5999758167495,1289.441016018722,-0.593850389122963,1.120482012629509,1272.1999512581633,1294.1399781728678
2026-07-10,2026,1307.800048828125,-0.8334626443684101,0.21078886929899454,1296.9000239581108,1310.5567457637414,-0.9405144490301609,0.24401394184678793,1295.500000404473,1310.9912632787448,1.4833997003734112,0.7576143369078636,1327.1999508339247,1317.708129496135,-2.2786395624279976,1.1597034521400928,1277.9999995180747,1322.9666511414746
2026-07-13,2026,1296.9000244140625,-0.300718960352242,0.22260132245719433,1293.0000001438366,1299.786941019356,-0.023135848459787667,0.21110596135258675,1296.5999755897392,1299.6378576783836,2.020198293030262,0.7227730937302113,1323.0999765695844,1306.2736688431078,-1.303109247237444,1.2172261252999306,1280.0000002684983,1312.6862303302516
2026-07-14,2026,1293.0,0.19334880635142326,0.2284760121256113,1295.500000066124,1295.9541948367842,2.6450078934431076,0.23599241394549608,1327.1999520622194,1296.0513819123153,0.8275290951132774,0.716358283534646,1303.6999511998147,1302.262512606103,-1.9566936418414116,1.1763684451580048,1267.6999512109905,1308.210443995893
2026-07-15,2026,1295.5,0.08490741602145135,0.235044676810503,1296.599975574558,1298.54500378808,2.1304497495293617,0.2094369614496827,1323.0999765051529,1298.2132558355806,-0.532614765688777,0.7093120831996202,1288.599975710502,1304.689138037851,-1.5129274688661098,1.2211554683744907,1275.9000246408395,1311.3200690927915
2026-07-16,2026,1296.5999755859375,2.360016666352749,0.23022196255624294,1327.1999511056913,1299.5850334962352,0.5475840996950865,0.20204137545078993,1303.6999508888964,1299.219644010706,-1.8818467855453491,0.7006813306361437,1272.1999506239918,1305.685009547901,-0.28535795863717794,1.1788764968514442,1292.9000243639152,1311.8852879563017
2026-07-17,2026,1327.199951171875,-0.30891920905560255,0.21762729156762362,1323.0999755801286,1330.0883004792972,-2.9083767905831337,0.1888386090286076,1288.5999758273615,1329.7062170986962,-3.7070490419864655,0.6809751037508249,1277.9999980967132,1336.2378524163487,-1.4617166481912136,1.092510111629963,1307.80004853081,1341.6997448399757
2026-07-20,2026,1323.0999755859375,-1.4662553556263447,0.17267331713810563,1303.6999513336177,1325.384616202835,-3.8470279425382614,0.14682075707241893,1272.1999498174296,1325.0425609869178,-3.257499635219574,0.6822589319199324,1279.9999987076353,1332.126943347603,-0.30987646896392107,1.1165699921548367,1319.0000001007293,1337.873312879538
2026-07-21,2026,1303.699951171875,-1.1582400649785995,0.136972451582551,1288.599976010296,1305.4856609562758,-1.9713087007403374,0.13861266197636724,1278.0000006028763,1305.5070443783789,-2.7613716199994087,0.6564597599208355,1267.6999507102687,1312.258216741426,-0.9818153455853462,1.0143505409359932,1290.9000249908809,1316.9240386787692
2026-07-22,2026,1288.5999755859375,-1.2727010063827038,0.14237092109397054,1272.199950728408,1290.4345672403958,-0.6673890631645918,0.1374417799524963,1280.0000002809354,1290.3710503288503,-0.9855619631707668,0.6387216970324516,1275.9000243691348,1296.8305432179598,-0.6673890631645918,1.0096625424921513,1280.0000002809354,1301.6104868619918
2026-07-23,2026,1272.199951171875,0.4559070337563753,0.17194729298353195,1278.0000002327129,1274.3874645492529,-0.35371799021959305,0.22560853976756334,1267.6999510730152,1275.0701429046376,1.6271084547042847,0.6309325806796551,1292.9000241381364,1280.226675155209,4.1502948850393295,0.9860765188932419,1325.0000006728342,1284.7448161637521
2026-07-24,2026,1278.0,0.15649452107027173,0.16261807177215815,1279.999999979278,1280.0782589572482,-0.16431733965873718,0.25538827758282423,1275.9000243991613,1281.2638621875085,2.3317722603678703,0.5940970499068499,1307.8000494875014,1285.5925602978095,4.44444827735424,0.9721578098833561,1334.8000489845872,1290.4241768103093
2026-07-27,2026,1280.0,-0.9609413333237171,0.12783060083165765,1267.6999509334564,1281.6362316906452,1.0078144259750843,0.35156935919076204,1292.900024652481,1284.5000877976418,3.046875074505806,0.5548514891415834,1319.0000009536743,1287.1020990610123,3.6953162401914597,1.045376155525446,1327.3000478744507,1293.3808147907257
2026-07-28,2026,1267.699951171875,0.6468465551733971,0.0922626699320972,1275.900024635965,1268.8695649935541,3.1632166355848312,0.38176621310412884,1307.8000469166445,1272.5396012689866,1.8300918862223625,0.5219344515353441,1290.9000251199163,1274.3165139591379,4.433231428265572,1.0241971351206303,1323.9000238233339,1280.683697753703
2026-07-29,2026,1275.9000244140625,1.3323928229510784,0.021815579384565353,1292.9000247673866,1276.1783693967564,3.37800569832325,0.35311621613800526,1318.9999999436773,1280.4054343019773,0.32133988570421934,0.5383630283176899,1280.0000000942148,1282.768998423804,4.161766171455383,1.0276751592755318,1329.000000011718,1289.0121320221563
2026-07-30,2026,1292.9000244140625,1.1524498462677002,-0.05182079039514065,1307.8000487578174,1292.230033402392,-0.15469100326299667,0.30092503875494003,1290.9000243951089,1296.7906843135931,2.482788637280464,0.5203066393733025,1324.9999993116112,1299.627069081548,1.8640246242284775,1.0303403250873089,1316.9999992357966,1306.2212947286644
2026-07-31,2026,1307.800048828125,0.8563962765038013,-0.06975963478907943,1318.999999750404,1306.887732290291,-2.1257109940052032,0.3319117473438382,1279.9999994105801,1312.140790821954,2.064535766839981,0.5433904007077217,1334.8000485949324,1314.906508753908,0.16821769531816244,1.0206080973148346,1309.9999999296335,1321.1475620231522
2026-08-03,2026,1319.0,-2.1304000169038773,-0.12077507562935352,1290.9000237770379,1317.4069767524488,0.45489007607102394,0.3295686561614275,1325.0000001033768,1323.3470105747692,0.6292683072388172,0.4925813991576433,1327.30004897248,1325.4971486548893,-0.22744503803551197,1.0706753470003605,1315.9999999483116,1333.1222078269348
2026-08-04,2026,1290.9000244140625,-0.8443740196526051,-0.12123794294893742,1279.9999999882211,1289.3349637789356,3.4007299691438675,0.2962447702884674,1334.800048415997,1294.7242482260417,2.55635604262352,0.447307713329792,1323.9000251923999,1296.6743197946428,2.4091700091958046,0.9764081798493862,1322.0000006509474,1303.5044778461192
2026-08-05,2026,1280.0,3.515625,-0.027624843642115593,1325.0,1279.646402001381,3.6953162401914597,0.3420075634494424,1327.3000478744507,1284.3776968121529,3.828125074505806,0.4059538245201111,1329.0000009536743,1285.1962089538574,2.421874925494194,0.9391721338033676,1310.9999990463257,1292.021403312683
2026-08-06,2026,1325.0,0.739626307040453,-0.02032676711678505,1334.800048568286,1324.7306703357026,-0.08301702328026295,0.3795467084273696,1323.9000244415365,1330.0289938866626,-0.6037735845893621,0.3897367278113961,1317.000000004191,1330.164011643501,-0.8905697613954544,0.972785335034132,1313.1999506615102,1337.8894056892022
2026-08-07,2026,1334.800048828125,-0.5618819035589695,-0.00823021400719881,1327.3000489050635,1334.6901919275383,-0.4345256835222244,0.3276531118899584,1328.9999997922996,1339.173562725619,-1.8579598516225815,0.3916828893125057,1309.9999998214598,1340.0282322259197,-1.4084543101489544,1.00044384598732,1316.000000008535,1348.1539737728617
